order_id,customer_id,product_id,order_date,shipping_date,quantity,price,discount,region,payment_method,order_status,sales_channel,shipping_cost
ORD100000,520596,96857,2025-02-27,2025-03-04,1,1057.45,0.0,West,Net Banking,Completed,Marketplace,130.16
ORD100001,666277,99553,2026-03-30,2026-04-04,1,432.82,0.2,West,Debit Card,Completed,Mobile App,87.48
ORD100002,908789,80616,2025-11-16,2025-11-20,2,1260.16,0.05,West,PayPal,Returned,Mobile App,118.53
ORD100003,410841,96270,2025-10-21,2025-10-22,2,320.7,0.1,East,UPI,Completed,Mobile App,58.38
ORD100004,666277,27124,2025-11-11,2025-11-15,4,651.36,0.1,West,Debit Card,Returned,Website,39.01
ORD100005,875514,96270,2025-05-01,2025-05-08,1,320.7,0.1,West,Net Banking,Completed,Mobile App,90.42
ORD100006,568955,28009,2025-09-22,2025-09-23,1,186.01,0.0,South,UPI,Completed,Mobile App,124.01
ORD100007,468957,80616,2026-06-14,2026-06-18,1,1326.48,0.0,West,Credit card,Pending,Mobile App,133.01
ORD100008,558991,43806,2025-11-07,2025-11-10,1,703.97,0.05,West,UPI,Completed,Mobile App,134.85
ORD100009,752183,39430,2025-07-19,,2,1747.36,0.0,Central,UPI,Completed,Mobile App,102.66
ORD100010,620517,88270,2025-08-15,2025-08-19,2,1690.14,0.1,East,Debit Card,Completed,Mobile App,51.03
ORD100011,488226,20351,2025-12-10,2025-12-14,1,658.52,0.05,South,Cash on Delivery,Cancelled,Website,98.66
ORD100012,989740,47907,2026-04-03,2026-04-07,1,4036.19,0.0,East,Cash on Delivery,Completed,Marketplace,96.22
ORD100013,257381,39430,2026-05-18,2026-05-22,1,1747.36,0.0,North,Debit Card,Cancelled,Website,36.16
ORD100014,488226,43806,2025-05-25,2025-05-29,1,741.02,0.0,South,Cash on Delivery,Completed,Website,162.36
ORD100015,510981,94616,2025-10-09,2025-10-11,1,1312.5,0.0,South,Credit Card,Completed,Website,49.3
ORD100016,920802,27124,2026-01-18,2026-01-20,1,723.73,0.0,Central,Credit Card,Completed,Website,133.2
ORD100017,510981,20351,2025-12-11,2025-12-14,1,693.18,0.0,South,UPI,Returned,Website,167.65
ORD100018,165278,59930,2025-01-10,2025-01-13,3,2573.2,0.0,West,Net Banking,Completed,Marketplace,88.62
ORD100019,935164,94616,2025-04-14,2025-04-17,1,1181.25,10%,East,Net Banking,Completed,Mobile App,60.9
ORD100020,361935,43806,2025-03-07,09-Mar-2025,1,629.87,0.15,West,Cash on Delivery,Returned,Website,93.89
ORD100021,882750,43806,2025-04-20,2025-04-22,2,703.97,0.05,East,UPI,Cancelled,Mobile App,36.71
ORD100022,935164,25046,2025-06-19,2025-06-23,1,271.12,0.0,East,Debit Card,Completed,Mobile App,174.42
ORD100023,407648,25780,2026-01-14,2026-01-17,1,526.97,0.0,North,UPI,Completed,Website,79.55
ORD100024,601488,67846,2025-11-16,2025-11-17,1,3594.68,0.1,South,UPI,Completed,Website,150.28
ORD100025,510981,24857,2025-06-27,2025-07-01,2,374.91,0.15,South,UPI,Cancelled,Mobile App,79.24
ORD100026,941623,67846,02-Mar-2026,2026-03-07,1,3594.68,0.1,South,PayPal,Completed,Marketplace,127.47
ORD100027,800130,59930,2025-06-21,2025-06-26,1,2444.54,0.05,North,PayPal,Returned,Mobile App,84.59
ORD100028,506712,94616,2026-02-04,2026-02-07,1,1312.5,0.0,North,PayPal,Completed,Marketplace,82.09
ORD100029,410841,83876,2025-10-27,2025-10-31,2,1118.94,0.2,East,Credit Card,Completed,Website,41.47
ORD100030,816732,27124,2025-12-26,2025-12-30,4,687.54,0.05,East,Cash on Delivery,Completed,Website,94.21
ORD100031,508068,23723,2026-02-12,2026-02-15,4,494.26,0.0,East,UPI,Completed,Marketplace,105.91
ORD100032,247829,67846,2025-11-18,2025-11-25,1,3994.09,0.0,West,Cash on Delivery,Completed,Mobile App,127.05
ORD100033,164634,25780,2025-11-23,2025-11-25,3,474.27,0.1,West,Net Banking,Completed,Mobile App,95.96
ORD100034,156175,20351,2026-02-06,2026-02-11,1,589.2,0.15,South,PayPal,Completed,Website,116.47
ORD100035,247829,80616,2025-03-21,2025-03-25,2,1326.48,0.0,West,Cash on Delivery,Completed,Mobile App,134.04
ORD100036,111000,67846,2026-05-20,2026-05-22,1,3794.39,0.05,North,Cash on Delivery,Completed,Mobile App,163.07
ORD100037,969755,59930,2025-05-04,2025-05-06,1,2315.88,0.1,West,UPI,Pending,Website,119.0
ORD100038,499659,80616,2026-03-05,2026-03-08,2,1326.48,0.0,West,Credit Card,Returned,Website,82.67
ORD100039,509415,75277,2026-01-26,2026-01-30,2,235.33,0.0,North,Credit Card,Pending,Website,43.21
ORD100040,453136,28009,2025-08-18,2025-08-25,1,186.01,0.0,East,UPI,Returned,Website,177.66
ORD100041,719823,23723,2025-12-04,2025-12-07,1,420.12,0.15,South,UPI,Completed,Mobile App,104.57
ORD100042,459974,83876,2025-04-21,2025-04-26,1,1398.68,0.0,North,UPI,Completed,Website,173.45
ORD100043,863802,99553,2025-10-15,2025-10-16,2,541.02,0.0,West,Cash on Delivery,Pending,Mobile App,143.35
ORD100044,142839,20351,2025-11-03,2025-11-06,4,589.2,0.15,South,UPI,Completed,Website,99.57
ORD100045,459974,24857,2025-01-18,2025-01-22,1,441.07,0.0,North,UPI,Completed,Website,59.45
ORD100046,488226,20351,2025-02-24,2025-03-01,3,693.18,0.0,South,Debit Card,Completed,Website,44.58
ORD100047,546476,67846,2025-12-31,2026-01-01,1,3794.39,0.05,East,UPI,Completed,Website,112.74
ORD100048,761892,83876,2025-01-18,2025-01-22,1,1188.88,0.15,South,UPI,Completed,Marketplace,139.23
ORD100049,111000,43806,2025-09-16,2025-09-21,1,741.02,0.0,North,Net Banking,Completed,Website,174.8
ORD100050,586025,59930,2026-03-09,2026-03-13,1,2444.54,0.05,North,Net Banking,Completed,Website,143.0
ORD100051,235450,25780,2025-11-15,2025-11-17,1,500.62,0.05,West,UPI,Pending,Website,82.96
ORD100052,638474,79501,2026-05-25,2026-05-27,1,3090.18,0.15,West,Debit Card,Cancelled,Marketplace,76.11
ORD100053,203676,24857,2025-11-27,2025-12-01,2,441.07,0.0,Central,UPI,Completed,Website,67.26
ORD100054,876105,94616,2025-11-08,2025-11-10,1,1181.25,0.1,East,Credit Card,Returned,Mobile App,158.02
ORD100055,235450,80616,2025-12-13,2025-12-17,1,1326.48,0.0,West,UPI,Completed,Mobile App,103.9
ORD100056,709183,39430,2025-04-06,2025-04-09,1,1659.99,0.05,West,Debit Card,Completed,Mobile App,47.91
ORD100057,520596,25046,2025-08-26,2025-08-27,1,271.12,0.0,West,UPI,Completed,Mobile App,89.31
ORD100058,311118,20351,2025-12-11,2025-12-15,1,693.18,0.0,West,Debit Card,Completed,Website,69.44
ORD100059,954224,96857,2025-04-14,2025-04-17,3,1057.45,0.0,South,UPI,Completed,Marketplace,116.93
ORD100060,634991,80616,2025-08-15,2025-08-19,1,1326.48,0.0,West,UPI,Completed,Website,175.73
ORD100061,918029,40374,2025-02-20,2025-02-23,1,560.61,0.2,South,Debit Card,Completed,Website,79.95
ORD100062,996075,25780,2025-12-09,2025-12-13,1,526.97,0.0,West,UPI,Completed,Website,65.11
ORD100063,603177,83401,2026-05-31,2026-06-05,1,"4,794.59",0.05,South,UPI,Completed,Website,143.65
ORD100064,509415,23723,2025-10-23,2025-10-28,1,444.83,0.1,North,Debit Card,Completed,Website,111.75
ORD100065,787474,53143,2026-04-29,2026-05-02,4,2332.94,0.15,South,Credit Card,Completed,Mobile App,93.8
ORD100066,292119,47907,2026-01-13,2026-01-20,1,4036.19,0.0,West,Debit Card,Completed,Mobile App,102.87
ORD100067,951867,94616,2025-01-25,2025-01-27,1,1312.5,0.0,South,Net Banking,Completed,Mobile App,91.42
ORD100068,887668,80616,2025-10-17,2025-10-20,1,1326.48,0.0,North,Credit Card,Returned,Website,126.79
ORD100069,715785,21754,2025-01-26,2025-01-29,1,1324.39,0.0,South,Cash on Delivery,Completed,Marketplace,53.08
ORD100070,522520,80616,2026-05-08,2026-05-12,1,1326.48,0.0,South,Credit Card,Completed,Marketplace,113.95
ORD100071,601488,83876,2025-07-10,2025-07-13,1,1188.88,0.15,South,PayPal,Completed,Mobile App,85.51
ORD100072,681114,59930,2026-01-08,2026-01-12, 5 ,2444.54,0.05,North,Cash on Delivery,Completed,Website,82.53
ORD100073,506712,83401,2025-09-27,2025-10-01,1,546.42,0.05,North,Debit Card,Completed,Website,95.44
ORD100074,545153,23723,2025-10-03,2025-10-10,1,494.26,0.0,East,UPI,Completed,Marketplace,114.26
ORD100075,499200,39430,2025-07-23,2025-07-26,2,1747.36,0.0,North,UPI,Completed,Mobile App,141.13
ORD100076,455093,20351,2025-06-02,2025-06-05,1,658.52,0.05,South,Cash on Delivery,Completed,Website,102.51
ORD100077,681114,83876,2025-02-22,2025-02-24,2,1118.94,0.2,South ,Cash on Delivery,Completed,Website,66.57
ORD100078,934103,23723,2025-08-03,2025-08-06,1,494.26,0.0,West,Debit Card,Completed,Mobile App,122.69
ORD100079,821239,79501,2025-11-22,2025-11-27,1,3635.51,0.0,South,Credit Card,Completed,Marketplace,85.14
ORD100080,601846,43806,2026-04-18,2026-04-22,2,741.02,0.0,North,Debit Card,Completed,Marketplace,56.27
ORD100081,876105,39430,2025-10-12,2025-10-14,2,1572.62,0.1,East,PayPal,Completed,Website,96.36
ORD100082,620517,47907,2025-08-25,,1,4036.19,0.0,East,UPI,Returned,Website,79.45
ORD100083,606624,80616,2025-07-15,2025-07-19,1,1193.83,0.1,West,Cash on Delivery,Completed,Website,80.63
ORD100084,454529,53143,2026-02-15,2026-02-19,5,2744.63,0.0,West,Debit Card,Completed,Marketplace,132.75
ORD100085,908789,40374,2025-12-10,2025-12-13,1,665.72,0.05,West,Cash on Delivery,Completed,Website,112.02
ORD100086,555985,99553,2025-11-25,2025-11-28,3,513.97,0.05,East,UPI,Cancelled,Marketplace,36.34
ORD100087,520596,27124,2026-05-30,2026-06-02,3,723.73,0.0,West,UPI,Completed,Mobile App,145.11
ORD100088,725952,96857,2026-01-13,2026-01-16,3,1057.45,0.0,North,Credit Card,Completed,Mobile App,134.37
ORD100089,836208,28009,2025-05-17,2025-05-21,1,186.01,0.0,South,Credit Card,Completed,Marketplace,135.78
ORD100090,351483,83876,2025-08-07,2025-08-09,2,1398.68,0.0,South,UPI,Completed,Mobile App,147.63
ORD100091,545153,96270,2025-03-26,2025-04-02,2,320.7,0.1,East,UPI,Completed,Marketplace,139.33
ORD100092,520596,80616,2025-09-05,2025-09-06,2,1326.48,0.0,West,Cash on Delivery,Completed,Mobile App,146.83
ORD100093,748766,43806,2026-06-01,2026-06-08,1,,0.0,East,Net Banking,Completed,Mobile App,110.31
ORD100094,590465,80616,2026-01-29,2026-01-31,1,1260.16,0.05,West,Credit Card,Completed,Website,103.56
ORD100095,311118,99553,2025-10-18,2025-10-20,2,486.92,0.1,West,Debit Card,Returned,Mobile App,100.64
ORD100096,724384,96857,2025-07-24,2025-07-27,4,1057.45,0.0,East,UPI,Returned,Marketplace,164.57
ORD100097,455093,53143,2026-02-21,2026-02-24,1,2470.17,0.1,South,Credit Card,Completed,Website,90.14
ORD100098,894372,25780,2026-04-21,2026-04-23,1,421.58,0.2,Central,UPI,Returned,Marketplace,137.22
ORD100099,652250,80616,2025-12-10,2025-12-14,2,1326.48,0.0,North,PayPal,Completed,Website,133.95
ORD100100,707415,23723,2026-04-27,2026-05-01,1,494.26,0.0,North,UPI,Completed,Website,44.75
ORD100101,782094,40374,2025-02-21,2025-02-22,3,700.76,0.0,West,Credit Card,Pending,Marketplace,56.67
ORD100102,459974,23723,2026-03-03,2026-03-08,3,494.26,0.0,North,Net Banking,Completed,Mobile App,159.16
ORD100103,759247,23723,2025-10-14,2025-10-17,1,494.26,0.0,North,UPI,Completed,Mobile App,117.03
ORD100104,508068,59930,2025-04-13,2025-04-14,2,2573.2,0.0,East,Cash on Delivery,Completed,Mobile App,79.01
ORD100105,784164,67846,2026-01-05,2026-01-07,1,0.0,0.0,North,Credit Card,Completed,Mobile App,90.8
ORD100106,837919,23723,11-30-2025,2025-12-04,1,494.26,0.0,South,Cash on Delivery,Completed,Website,93.13
ORD100107,981656,59930,2025-08-26,2025-08-29,1,2573.2,0.0,East,Debit Card,Completed,Mobile App,128.52
ORD100108,255785,53143,2025-12-01,2025-12-05,1,2744.63,0.0,East,Credit Card,Completed,Mobile App,126.2
ORD100109,946106,25780,2025-01-29,2025-02-01,3,526.97,0.0,North,PayPal,Completed,Mobile App,82.45
ORD100110,470053,53143,2025-10-30,2025-11-02,1,2744.63,0.0,South,UPI,Cancelled,Marketplace,163.44
ORD100111,509415,88270,2026-01-05,2026-01-09,1,1596.24,0.15,North,Cash on Delivery,Completed,Mobile App,83.14
ORD100112,367193,59930,2026-06-29,2026-07-01,1,2573.2,0.0,South,Debit Card,Returned,Website,175.79
ORD100113,547445,88270,2026-03-07,2026-03-10,2,1877.93,0.0,West,Credit Card,Completed,Website,129.27
ORD100114,840889,59930,2026-03-04,2026-03-06,3,2573.2,0.0,North,PayPal,Completed,Mobile App,69.36
ORD100115,898070,80616,2025-11-17,2025-11-20,2,1260.16,0.05,North,UPI,Returned,Marketplace,69.3
ORD100116,883666,20351,2025-09-19,2025-09-21,1,693.18,0.0,North,Debit Card,Cancelled,Website,125.99
ORD100117,607287,24857,2025-12-02,2025-12-06,1,441.07,0.0,Central,UPI,Completed,Website,104.24
ORD100118,676737,96857,2026-06-04,2026-06-09,2,1004.58,0.05,Central,Credit Card,Completed,Marketplace,116.19
ORD100119,190452,25780,2025-06-29,2025-07-01,1,526.97,0.0,North,UPI,Completed,Marketplace,120.63
ORD100120,235450,39430,2025-12-03,2025-12-05,1,1747.36,0.0,West,Debit Card,Completed,Website,149.47
ORD100121,707415,67846,2025-11-19,2025-11-22,4,3594.68,0.1,North,UPI,Cancelled,Mobile App,166.61
ORD100122,344759,39430,2026-06-23,2026-06-25,1,1747.36,0.0,Central,Cash on Delivery,Completed,Website,118.34
ORD100123,509415,99553,2026-06-02,2026-06-07,2,459.87,0.15,North,Net Banking,Completed,Website,164.73
ORD100124,177793,80616,2025-09-24,2025-09-27,1,1127.51,0.15,West,Credit Card,Completed,Mobile App,147.18
ORD100125,545153,83401,2025-11-29,2025-11-30,3,517.66,0.1,East,Credit Card,Completed,Website,40.68
ORD100126,215684,67846,2025-08-15,2025-08-20,1,3394.98,0.15,South,Credit Card,Returned,Mobile App,111.94
ORD100127,506712,80616,2026-01-20,2026-01-20,1,1326.48,0.0,North,Credit Card,Cancelled,Mobile App,54.74
ORD100128,642011,23723,2026-06-23,2026-06-24,1,469.55,0.05,East,UPI,Completed,Mobile App,122.17
ORD100129,676737,67846,2025-02-03,2025-02-06,1,3994.09,0.0,Central,UPI,Completed,Marketplace,123.06
ORD100130,333092,83876,2026-06-01,2026-06-03,2,1188.88,0.15,Central,UPI,Completed,Website,79.57
ORD100131,918245,79501,2025-01-14,2025-01-18,4,3635.51,0.0,South,Net Banking,Completed,Website,84.98
ORD100132,509415,59930,2025-12-27,2025-12-28,1,2058.56,0.2,North,Credit Card,Completed,Mobile App,56.06
ORD100133,778380,96270,2025-03-18,2025-03-22,1,338.51,0.05,West,UPI,Completed,Mobile App,110.86
ORD100134,935164,23723,2025-03-05,2025-03-09,1,494.26,0.0,East,UPI,Completed,Website,137.53
ORD100135,709183,39430,2025-12-18,2025-12-20,1,1747.36,0.0,West,Debit Card,Completed,Marketplace,119.86
ORD100136,221868,96857,2025-04-13,2025-04-18,1,1004.58,0.05,North,UPI,Completed,Marketplace,155.79
ORD100137,666877,39430,2025-06-30,2025-07-04,1,1572.62,0.1,East,PayPal,Completed,Website,76.0
ORD100138,506712,83876,2025-06-12,2025-06-16,1,1398.68,0.0,North,Debit Card,Completed,Website,105.44
ORD100139,764915,20351,2025-08-19,2025-08-23,1,693.18,0.0,North,Net Banking,Pending,Mobile App,174.3
ORD100140,607287,40374,2025-11-01,2025-11-02,2,630.68,0.1,Central,Debit Card,Completed,Website,169.42
ORD100141,794251,80616,2026-01-09,2026-01-11,1,1260.16,0.05,North,UPI,Completed,Website,135.62
ORD100142,814369,25780,2025-04-26,2025-04-30,1,526.97,0.0,North,UPI,Completed,Mobile App,109.55
ORD100143,407648,28009,2025-02-28,2025-03-02,1,186.01,0.0,North,Credit Card,Completed,Mobile App,94.48
ORD100144,498025,39430,2026-04-11,2026-04-13,2,1747.36,0.0,South,Debit Card,Completed,Website,85.43
ORD100145,363683,59930,2025-10-11,2025-10-14,3,2573.2,0.0,West,UPI,Completed,Website,116.72
ORD100146,635958,25046,2026-01-07,2026-01-14,4,271.12,0.0,North,Debit Card,Cancelled,Website,151.13
ORD100147,764915,20351,2025-01-01,2025-01-08,4,589.2,0.15,North,Net Banking,Completed,Marketplace,103.24
ORD100148,764915,79501,2025-08-12,2025-08-13,1,3635.51,0.0,North,Cash on Delivery,Completed,Mobile App,142.83
ORD100149,608777,40374,2026-06-02,2026-06-06,1,700.76,0.0,West,UPI,Completed,Mobile App,160.0
ORD100150,840889,28009,2026-01-31,2026-02-03,1,186.01,0.0,North,UPI,Completed,Website,91.55
ORD100151,407648,96857,2026-04-23,2026-04-26,4,845.96,0.2,North,Cash on Delivery,Completed,Mobile App,159.65
ORD100152,142839,96270,2025-05-21,2025-05-26,1,356.33,0.0,South,Credit Card,Pending,Mobile App,41.39
ORD100153,596578,24857,2025-06-14,2025-06-15,2,396.96,0.1,Central,UPI,Completed,Mobile App,56.9
ORD100154,638474,47907,2025-09-23,2025-09-26,1,4036.19,0.0,West,UPI,Completed,Marketplace,154.96
ORD100155,499200,79501,2025-11-21,2025-11-25,2,3635.51,0.0,North,Credit Card,Returned,Mobile App,59.03
ORD100156,247829,20351,2025-07-30,2025-08-06,1,658.52,0.05,West,Cash on Delivery,Returned,Mobile App,44.53
ORD100157,928190,23723,2026-05-21,2026-05-23,2,494.26,0.0,North,UPI,Completed,Mobile App,83.26
ORD100158,983577,59930,2025-12-03,2025-12-06,1,2444.54,0.05,South,Cash on Delivery,Pending,Mobile App,124.02
ORD100159,894878,67846,2025-01-02,2025-01-03,2,3794.39,0.05,North,UPI,Completed,Mobile App,62.61
ORD100160,236024,23723,2026-01-12,2026-01-15,1,444.83,0.1,North,Debit Card,Completed,Mobile App,126.06
ORD100161,209896,99553,05/04/2026,2026-04-12,1,513.97,0.10,South,Cash on Delivery,Completed,Website,64.12
ORD100162,642011,67846,2026-03-03,2026-03-07,1,3794.39,0.05,East,Net Banking,Completed,Mobile App,48.69
ORD100163,752183,79501,2025-04-16,2025-04-18,1,3635.51,0.0,Central,Cash on Delivery,Returned,Website,137.17
ORD100164,311118,79501,2025-01-23,,3,3635.51,0.0,West,Debit Card,Pending,Mobile App,128.56
ORD100165,519562,23723,2025-04-17,2025-04-21,1,494.26,0.0,East,Net Banking,Cancelled,Mobile App,131.24
ORD100166,853329,20351,2025-01-10,2025-01-13,4,693.18,-0.1,South,Credit Card,Completed,Website,72.58
ORD100167,510981,83876,2025-04-29,2025-05-01,1,1398.68,0.0,South,UPI,Completed,Website,44.88
ORD100168,725952,40374,2026-02-06,2026-02-07,2,630.68,0.1,North,UPI,Completed,Website,56.28
ORD100169,784164,53143,2025-11-03,2025-11-05,1,2332.94,0.15,North,Debit Card,Completed,Website,138.27
ORD100170,586025,80616,2025-02-21,2025-02-24,1,1326.48,0.0,North,Credit Card,Completed,Website,130.35
ORD100171,969755,99553,2025-08-08,2025-08-10,1,541.02,0.0,West,UPI,Completed,Marketplace,133.52
ORD100172,454493,53143,2026-03-17,2026-03-20,1,2470.17,0.1,North,UPI,Completed,Marketplace,77.91
ORD100173,509415,24857,2026-05-18,2026-05-21,2,396.96,0.1,North,Net Banking,Completed,Website,168.04
ORD100174,183671,59930,2025-09-16,2025-09-17,1,2573.2,0.0,South,Credit Card,Cancelled,Mobile App,110.94
ORD100175,593800,24857,2025-01-31,2025-02-02,2,441.07,0.0,Central,Debit Card,Completed,Marketplace,173.29
ORD100176,236024,20351,2026-04-23,2026-04-26,1,693.18,0.0,North,Debit Card,Completed,Mobile App,77.82
ORD100177,730472,59930,2026-06-23,2026-06-25,1,2573.2,0.0,West,Cash on Delivery,Completed,Website,63.62
ORD100178,178580,67846,2025-11-03,2025-11-04,2,3594.68,0.1,South,PayPal,Completed,Marketplace,51.98
ORD100179,382701,59930,2025-02-24,2025-02-26,-2,2187.22,0.15,West,UPI,Completed,Mobile App,62.48
ORD100180,509415,47907,2025-11-06,2025-11-09,1,3834.38,0.05,North,Debit Card,Completed,Website,94.48
ORD100181,652250,40374,2026-06-30,2026-07-02,1,665.72,0.05,North,UPI,Cancelled,Website,152.38
ORD100182,179644,39430,2026-04-01,2026-04-08,1,1747.36,0.0,West,UPI,Completed,Mobile App,40.97
ORD100183,508068,96270,2025-09-11,2025-09-14,1,302.88,0.15,East,UPI,Completed,Website,95.35
ORD100184,919927,28009,2025-12-02,2025-12-06,2,167.41,0.1,North,Cash on Delivery,Completed,Website,92.92
ORD100185,608777,99553,2025-01-23,2025-01-27,1,541.02,0.0,West,UPI,Cancelled,Website,155.22
ORD100186,328394,50462,2025-05-17,2025-05-19,3,153.11,0.05,South,Credit Card,Completed,Website,35.12
ORD100187,748766,67846,2026-03-30,2026-04-02,1,3994.09,0.0,East,Debit Card,Completed,Website,60.0
ORD100188,748766,83401,2026-05-18,2026-05-19,1,575.18,0.0,East,Cash on Delivery,Completed,Marketplace,71.94
ORD100189,590270,40374,2025-08-05,2025-08-10,1,700.76,0.0,West,Debit Card,Completed,Mobile App,178.91
ORD100190,418418,96857,2025-12-03,2025-12-06,3,951.7,0.1,North,UPI,Completed,Website,72.68
ORD100191,311118,59930,2025-12-12,2025-12-16,1,2187.22,0.15,West,Cash on Delivery,Completed,Website,57.17
ORD100192,904239,99553,2025-08-30,2025-09-01,1,513.97,0.05,East,Net Banking,Completed,Mobile App,89.26
ORD100193,840889,67846,2025-12-02,2025-12-06,1,3794.39,0.05,North,Cash on Delivery,Completed,Website,161.21
ORD100194,508068,96857,2025-03-28,2025-03-29,2,1004.58,0.05,East,Net Banking,Completed,Mobile App,143.7
ORD100195,605121,59930,2025-07-28,2025-07-30,1,2444.54,0.05,North,Net Banking,Completed,Website,124.44
ORD100196,550242,83401,2026-04-03,2026-04-10,2,517.66,0.1,South,UPI,Completed,Mobile App,166.19
ORD100197,179644,23723,2025-08-24,2025-08-27,1,494.26,0.0,West,Cash on Delivery,Completed,Marketplace,169.58
ORD100198,889450,50462,2025-05-27,28/05/2025,2,153.11,0.05,South,Credit Card,Completed,Website,170.03
ORD100199,648309,25780,2025-12-18,2025-12-20,1,526.97,0.0,West,UPI,Completed,Website,152.1
ORD100200,898070,92342,2025-11-11,2025-11-14,2,2744.63,0.0,North,UPI,Pending,Website,124.86
ORD100201,188494,94616,2025-10-22,2025-10-25,1,1246.88,0.05,Central,UPI,Returned,Mobile App,50.64
ORD100202,506712,53143,2025-04-09,2025-04-14,3,2744.63,0.0,North,Net Banking,Completed,Marketplace,166.95
ORD100203,311118,59930,2025-03-27,2025-03-29,1,2573.2,0.0,West,Credit Card,Completed,Website,158.95
ORD100204,951867,25780,2025-07-10,2025-07-12,1,526.97,0.0,South,Cash on Delivery,Completed,Mobile App,161.07
ORD100205,545153,80616,2025-10-10,2025-10-13,1,1127.51,0.15,East,UPI,Completed,Marketplace,150.02
ORD100206,502525,40374,2026-04-08,2026-04-13,1,700.76,0.0,Central,UPI,Cancelled,Mobile App,103.36
ORD100207,807170,94616,2026-05-19,2026-05-19,4,1181.25,0.1,East,UPI,Cancelled,Website,176.97
ORD100208,752183,23723,2026-01-22,2026-01-27,1,494.26,0.0,Central,Debit Card,Completed,Mobile App,38.54
ORD100209,223768,20351,2025-01-25,2025-01-28,1,623.86,0.1,Central,PayPal,Completed,Website,121.32
ORD100210,738616,88270,2025-09-02,2025-09-06,3,1502.34,0.2,West,Debit Card,Completed,Mobile App,59.57
ORD100211,363683,20351,2025-05-16,2025-05-19,1,589.2,0.15,West,Debit Card,Completed,Mobile App,161.23
ORD100212,291897,20351,2026-04-23,2026-04-30,2,693.18,0.0,North,Credit Card,Cancelled,Marketplace,102.2
ORD100213,633700,83876,2025-01-02,2025-01-07,3,1258.81,0.1,South,Credit Card,Completed,Mobile App,92.17
ORD100214,509415,24857,2025-09-20,2025-09-24,3,441.07,0.0,North,Cash on Delivery,Completed,Website,79.39
ORD100215,142839,67846,2025-09-17,2025-09-20,2,3195.27,0.2,South,Debit Card,Completed,Mobile App,73.45
ORD100216,629979,20351,2025-11-30,2025-12-03,1,554.54,0.2,South,Net Banking,Completed,Mobile App,121.15
ORD100217,628210,96270,2026-06-08,2026-06-09,1,356.33,0.0,Central,Cash on Delivery,Cancelled,Website,103.23
ORD100218,463496,59930,2025-07-29,2025-08-01,1,2573.2,0.0,South,Credit Card,Returned,Marketplace,95.03
ORD100219,148259,53143,2025/03/20,2025-03-22,1,2470.17,0.1,Central,Cash on Delivery,Completed,Website,101.65
ORD100220,600728,59930,2025-10-26,2025-10-28,2,2444.54,0.05,North,UPI,Completed,Mobile App,47.36
ORD100221,715785,67846,2025-03-25,2025-03-27,1,3994.09,0.0,South,UPI,Completed,Mobile App,50.77
ORD100222,247829,83876,2026-02-12,2026-02-15,1,1398.68,0.0,West,UPI,Completed,Website,114.62
ORD100223,188494,20351,2025-11-30,2025-12-02,3,693.18,0.0,Central,PayPal,Completed,Website,128.19
ORD100224,247829,25780,2025-06-11,2025-06-15,1,500.62,0.05,West,UPI,Cancelled,Website,109.2
ORD100225,961619,75277,2025-05-13,2025-05-15,1,200.03,0.15,North,Debit Card,Completed,Marketplace,128.91
ORD100226,509415,99553,2026-06-17,2026-06-24,3,513.97,0.05,North,UPI,Completed,Website,64.01
ORD100227,962018,96270,2026-01-09,2026-01-12,1,356.33,0.0,North,Debit Card,Returned,Website,66.5
ORD100228,499200,27124,2025-06-10,2025-06-14,1,687.54,0.05,North,UPI,Cancelled,Mobile App,44.2
ORD100229,179970,79501,2025-11-12,2025-11-15,1,3271.96,0.1,Central,Debit Card,Completed,Website,97.14
ORD100230,644114,88270,2026-01-21,2026-01-26,3,1877.93,0.0,Central,Net Banking,Pending,Marketplace,130.34
ORD100231,908789,96857,2025-08-06,2025-08-10,3,951.7,0.1,West,Credit Card,Pending,Mobile App,54.86
ORD100232,670233,53143,2025-04-30,2025-05-02,4,2744.63,0.0,South,UPI,Completed,Marketplace,39.0
ORD100233,593800,39430,2025-02-15,2025-02-18,1,1747.36,0.0,Central,Cash on Delivery,Completed,Website,167.92
ORD100234,620517,53143,2025-01-02,2025-01-05,1,2744.63,0.0,East,Cash on Delivery,Completed,Website,82.64
ORD100235,981656,20351,2025-08-30,2025-09-02,1,693.18,0.0,East,Cash on Delivery,Completed,Marketplace,89.74
ORD100236,126317,40374,16/10/2025,2025-10-18,1,595.65,0.15,South,UPI,Completed,Marketplace,127.9
ORD100237,300385,94616,2026-04-20,2026-04-24,1,1312.5,0.0,West,UPI,Completed,Marketplace,57.6
ORD100238,300385,94616,2026-01-02,2026-01-07,1,1181.25,0.1,West,Credit Card,Completed,Marketplace,167.04
ORD100239,555985,20351,2025-06-19,2025-06-21,1,693.18,0.0,East,Debit Card,Completed,Mobile App,105.03
ORD100240,311118,53143,2025-11-25,2025-11-27,1,2607.4,0.05,West,Debit Card,Completed,Website,108.43
ORD100241,367830,99553,2026-01-24,2026-01-27,1,541.02,0.0,North,UPI,Cancelled,Mobile App,139.69
ORD100242,279421,27124,2025-10-29,2025-10-30,3,723.73,0.0,North,Credit Card,Pending,Website,165.16
ORD100243,918245,39430,2025-04-16,2025-04-23,1,1572.62,0.1,South,UPI,Completed,Mobile App,74.35
ORD100244,666277,94616,2025-01-18,2025-01-22,1,1312.5,0.0,West,Cash on Delivery,Completed,Marketplace,145.98
ORD100245,608777,23723,2026-03-31,2026-04-05,2,444.83,0.1,West,Net Banking,Cancelled,Website,114.59
ORD100246,717322,20351,2026-01-28,2026-02-04,1,693.18,0.0,North,UPI,Completed,Mobile App,173.59
ORD100247,715785,94616,2025-12-01,2025-12-05,2,1246.88,0.05,South,Cash on Delivery,Completed,Mobile App,129.14
ORD100248,593800,96857,2025-03-06,2025-03-08,1,1057.45,0.0,Central,UPI,Pending,Mobile App,69.49
ORD100249,257678,25780,2025-08-04,2025-08-07,1,526.97,0.0,East,Debit Card,Completed,Website,112.43
ORD100250,442850,83876,2025-08-14,2025-08-18,2,1398.68,0.0,East,Credit Card,Completed,Marketplace,95.12
ORD100251,928190,59930,11-13-2025,2025-11-15,1,2573.2,0.0,North,Credit Card,Completed,Website,92.57
ORD100252,887668,59930,2025-09-08,2025-09-11,1,2573.2,0.0,North,Credit Card,Completed,Website,148.23
ORD100253,545153,43806,2025-08-16,2025-08-20,1,741.02,0.0,East,UPI,Returned,Website,78.28
ORD100254,648844,25046,2026-05-12,2026-05-15,3,257.56,0.05,West,PayPal,Completed,Marketplace,174.84
ORD100255,509415,20351,2026-04-10,2026-04-15,1,658.52,0.05,North,UPI,Completed,Mobile App,89.48
ORD100256,506712,83401,2025-07-07,2025-07-10,2,517.66,0.1,North,Credit Card,Completed,Mobile App,126.4
ORD100257,608777,88270,2026-05-06,2026-05-07,1,1784.03,0.05,West,UPI,Pending,Mobile App,175.22
ORD100258,836208,20351,2025-07-27,2025-07-31,2,693.18,0.0,South,UPI,Completed,Website,175.81
ORD100259,455422,88270,2025-07-17,2025-07-24,1,1877.93,0.0,South,Credit Card,Completed,Mobile App,90.28
ORD100260,996075,99553,2025-07-27,2025-07-29,3,541.02,0.0,West,Cash on Delivery,Completed,Marketplace,36.6
ORD100261,230884,96270,2026-04-06,2026-04-10,1,356.33,0.0,East,Cash on Delivery,Completed,Website,92.91
ORD100262,247829,39430,2025-12-23,2025-12-25,1,1747.36,0.0,West,UPI,Completed,Marketplace,151.14
ORD100263,946106,23723,2025-05-17,2025-05-19,2,469.55,0.05,North,Credit Card,Completed,Website,122.08
ORD100264,764915,23723,2025-03-20,2025-03-21,2,494.26,0.0,North,Credit Card,Completed,Website,76.41
ORD100265,411950,94616,2025-03-09,2025-03-11,4,1115.62,0.15,West,Credit Card,Pending,Website,112.13
ORD100266,225610,99553,2025-02-07,2025-02-08,3,541.02,0.0,North,PayPal,Pending,Mobile App,96.83
ORD100267,550242,53143,2026-02-19,2026-02-22,1,2744.63,0.0,South,Credit Card,Completed,Mobile App,116.09
ORD100268,652250,94616,2026-02-16,2026-02-18,3,1312.5,0.0,North,UPI,Completed,Mobile App,170.22
ORD100269,247829,53143,2026-03-29,2026-03-31,3,2607.4,0.05,West,UPI,Completed,Mobile App,101.37
ORD100270,652250,79501,2025-02-28,2025-03-03,1,3271.96,0.1,North,UPI,Completed,Website,39.84
ORD100271,509415,43806,2025-07-03,2025-07-08,2,741.02,0.0,North,PayPal,Completed,Website,76.7
ORD100272,624404,80616,2025-11-27,2025-12-01,1,1193.83,0.1,North,Net Banking,Completed,Website,85.95
ORD100273,989740,43806,2025-02-21,2025-02-23,1,741.02,0.0,East,UPI,Pending,Mobile App,129.05
ORD100274,996075,24857,2025-08-13,2025-08-18,2,441.07,0.0,West,UPI,Pending,Mobile App,76.93
ORD100275,935164,24857,2025-05-11,2025-05-13,1,441.07,0.0,East,UPI,Pending,Marketplace,81.4
ORD100276,624404,39430,2025-12-06,2025-12-10,3,1747.36,0.0,North,UPI,Completed,Website,74.42
ORD100277,565558,83876,2026-06-03,2026-06-08,1,1398.68,0.0,North,Net Banking,Returned,Website,117.37
ORD100278,509415,83876,2025-05-24,2025-05-31,1,1328.75,0.05,North,Net Banking,Completed,Mobile App,112.89
ORD100279,344759,79501,2025-10-07,2025-10-10,1,3453.73,0.05,Central,Net Banking,Completed,Mobile App,95.57
ORD100280,648309,59930,2026-05-08,2026-05-11,1,2573.2,0.0,West,Net Banking,Completed,Website,75.07
ORD100281,821239,75277,2025-08-19,2025-08-22,4,223.56,0.05,South,PayPal,Completed,Website,81.76
ORD100282,165278,59930,2025-05-18,2025-05-22,2,2573.2,0.0,West,Credit Card,Completed,Mobile App,84.85
ORD100283,155205,59930,2025-12-28,2025-12-30,1,2573.2,0.0,North,UPI,Completed,Website,179.22
ORD100284,794251,94616,2025-09-14,2025-09-16,3,1312.5,0.0,North,Debit Card,Completed,Website,77.75
ORD100285,532996,79501,2026-03-28,2026-03-30,2,3453.73,0.05,South,Net Banking,Completed,Marketplace,53.2
ORD100286,559636,83401,2026-06-22,2026-06-26,1,575.18,0.0,South,Net Banking,Returned,Mobile App,130.34
ORD100287,509415,53143,2025-09-02,2025-09-07,1,2744.63,0.0,North,UPI,Completed,Mobile App,157.0
ORD100288,418418,53143,2025-10-11,2025-10-16,1,2470.17,0.1,North,UPI,Completed,Website,45.06
ORD100289,243466,25046,2025-06-12,2025-06-16,2,271.12,0.0,West,UPI,Completed,Mobile App,51.33
ORD100290,959389,39430,2026-05-22,2026-05-26,1,1397.89,0.2,North,UPI,Returned,Website,141.94
ORD100291,537858,53143,2025-12-06,2025-12-09,4,2470.17,0.1,Central,Cash on Delivery,Completed,Mobile App,87.72
ORD100292,709183,80616,08/03/2026,2026-03-11,2,1260.16,0.05,West,Credit Card,Completed,Website,70.32
ORD100293,247829,20351,2026-05-07,2026-05-09,2,693.18,0.0,West,Cash on Delivery,Pending,Mobile App,77.47
ORD100294,407648,39430,2026-02-09,2026-02-12,3,1747.36,0.0,North,Net Banking,Completed,Website,57.86
ORD100295,242287,25780,2026-01-28,2026-01-29,1,500.62,0.05,East,Cash on Delivery,Completed,Website,37.59
ORD100296,367830,83401,2025-08-21,2025-08-26,1,575.18,0.0,North,Debit Card,Completed,Mobile App,90.28
ORD100297,353016,96857,2025-08-02,2025/08/03,1,1057.45,0.0,North,Net Banking,Completed,Website,83.22
ORD100298,918245,21754,2025-10-12,2025-10-15,1,1125.73,0.15,South,Credit Card,Completed,Marketplace,139.69
ORD100299,606624,79501,2025-07-09,2025-07-14,1,3635.51,0.0,West,UPI,Pending,Website,42.71
ORD100300,163437,25046,2025-09-20,2025-09-22,1,257.56,0.05,South,Credit Card,Pending,Mobile App,175.69
ORD100301,670233,83401,2025-05-20,2025-05-24,1,575.18,0.0,South,UPI,Completed,Website,124.06
ORD100302,859034,80616,2025-07-11,2025-07-13,1,1326.48,0.0,North,Net Banking,Completed,Mobile App,45.55
ORD100303,507954,47907,2025-10-27,2025-10-29,2,3430.76,0.15,West,Debit Card,Completed,Mobile App,82.57
ORD100304,576647,59930,2025-10-09,2025-10-12,3,2187.22,0.15,North,UPI,Completed,Mobile App,57.52
ORD100305,904239,94616,2026-02-02,2026-02-06,1,1312.5,0.0,East,Cash on Delivery,Completed,Marketplace,130.69
ORD100306,200363,59930,2026-03-01,2026-03-05,1,2573.2,0.0,East,Cash on Delivery,Completed,Website,111.71
ORD100307,918245,25046,2026-02-25,2026-02-27,1,271.12,0.0,South,UPI,Completed,Mobile App,68.51
ORD100308,407648,20351,2025-06-15,2025-06-16,2,623.86,0.1,North,Cash on Delivery,Completed,Marketplace,48.63
ORD100309,634280,53143,2025-01-22,2025-01-23,1,2332.94,0.15,South,Credit Card,Completed,Mobile App,177.62
ORD100310,752183,99553,2025-12-03,2025-12-10,1,459.87,0.15,Central,PayPal,Completed,Website,92.59
ORD100311,887590,80616,2026-03-08,2026-03-12,1,1326.48,0.0,North,Net Banking,Completed,Website,157.73
ORD100312,555985,21754,2025/08/15,2025-08-17,1,1191.95,0.1,East,Cash on Delivery,Completed,Website,81.19
ORD100313,243466,53143,2026-02-14,2026-02-17,1,2607.4,0.05,West,UPI,Cancelled,Website,83.16
ORD100314,941623,99553,2025-05-11,2025-05-15,2,513.97,0.05,South,UPI,Completed,Website,112.01
ORD100315,800130,40374,2025-11-15,2025-11-19,1,665.72,0.05,North,Debit Card,Cancelled,Mobile App,149.75
ORD100316,417672,25780,2025-09-17,2025-09-18,1,526.97,0.0,North,Credit Card,Completed,Mobile App,89.78
ORD100317,746968,20351,2026-02-08,2026-02-10,1,693.18,0.0,West,Cash on Delivery,Completed,Website,83.97
ORD100318,938019,24857,2026-06-28,2026-07-01,1,374.91,0.15,South,UPI,Completed,Mobile App,106.11
ORD100319,815331,21754,2025-09-24,2025-09-28,3,1059.51,0.2,West,UPI,Returned,Mobile App,166.78
ORD100320,962018,67846,2025-08-21,2025-08-26,1,3994.09,0.0,North,Net Banking,Completed,Website,122.77
ORD100321,764915,27124,2025-01-05,2025-01-09,1,615.17,0.15,North,UPI,Completed,Website,101.84
ORD100322,908789,53143,2025-06-28,2025-07-01,2,2744.63,0.0,West,Cash on Delivery,Completed,Website,173.97
ORD100323,787474,39430,2026-04-30,2026-05-01,1,1747.36,0.0,South,UPI,Completed,Website,67.21
ORD100324,823362,79501,2025-11-29,2025-12-01,1,3635.51,0.0,South,Net Banking,Completed,Website,142.9
ORD100325,454529,88270,2025-01-16,2025-01-18,5,1877.93,0.0,West,Debit Card,Completed,Mobile App,60.91
ORD100326,996075,59930,2025-11-11,2025-11-15,1,2444.54,0.05,West,PayPal,Completed,Website,85.12
ORD100327,908789,23723,2025-03-25,2025-03-30,1,469.55,0.05,West,Debit Card,Completed,Mobile App,69.9
ORD100328,371942,28009,2025-03-18,2025-03-23,1,176.71,0.05,North,UPI,Completed,Website,130.96
ORD100329,634991,23723,2026-06-06,2026-06-09,1,494.26,0.0,West,UPI,Completed,Website,98.65
ORD100330,677266,88270,2025-04-16,2025-04-21,1,1877.93,0.0,Central,UPI,Completed,Mobile App,41.89
ORD100331,555985,40374,2025-09-22,2025-09-24,1,700.76,0.0,East,Net Banking,Completed,Website,125.79
ORD100332,508068,28009,2025/11/08,2025-11-12,1,167.41,0.1,East,UPI,Completed,Mobile App,97.37
ORD100333,509415,23723,2025-06-02,2025-06-05,1,494.26,0.0,North,UPI,Completed,Website,172.15
ORD100334,814369,67846,2025-08-05,2025-08-09,4,3794.39,0.05,West,Credit Card,Completed,Marketplace,55.18
ORD100335,247829,88270,2025-02-01,2025-02-03,1,1784.03,0.05,W,Debit Card,Cancelled,Website,76.78
ORD100336,363683,20351,2026-05-31,2026-06-01,1,658.52,0.05,West,UPI,Completed,Website,57.32
ORD100337,247829,39430,2025-09-21,2025-09-25,1,1747.36,0.0,West,UPI,Completed,Mobile App,47.45
ORD100338,707415,79501,2025-10-22,2025-10-26,5,3271.96,0.1,North,UPI,Completed,Mobile App,73.69
ORD100339,887590,96857,2025-11-06,2025-11-11,1,845.96,0.2,North,Debit Card,Completed,Website,141.52
ORD100340,504504,83876,2026-04-19,2026-04-21,5,1398.68,0.0,South,UPI,Completed,Marketplace,104.12
ORD100341,221868,99553,2025-03-31,2025-04-03,1,486.92,0.1,North,Cash on Delivery,Completed,Website,173.66
ORD100342,759247,23723,07/02/2025,2025-02-09,1,444.83,0.1,North,Cash on Delivery,Completed,Mobile App,82.94
ORD100343,391959,67846,2026-03-01,2026-03-05,4,3994.09,0.0,North,UPI,Completed,Mobile App,70.58
ORD100344,894878,47907,2026-02-11,2026-02-14,1,3430.76,0.15,North,UPI,Completed,Mobile App,96.91
ORD100345,719643,25046,2026-02-24,2026-03-03,1,271.12,0.0,West,Credit Card,Completed,Mobile App,48.75
ORD100346,748766,79501,2026-04-01,2026-04-02,1,3635.51,0.0,East,Net Banking,Completed,Mobile App,146.98
ORD100347,453136,20351,2026-05-24,2026-05-27,2,693.18,0.0,East,Credit Card,Completed,Mobile App,49.7
ORD100348,499200,67846,2025-01-06,2025-01-11,1,3594.68,0.1,North,Credit Card,Completed,Marketplace,71.89
ORD100349,681114,47907,2026-04-01,2026-04-04,2,4036.19,0.0,North,Debit Card,Completed,Mobile App,130.21
ORD100350,938019,59930,2025-08-04,2025-08-09,2,2573.2,0.0,South,Net Banking,Completed,Website,101.78
ORD100351,784164,23723,2025-03-16,2025-03-19,2,494.26,0.0,North,Credit Card,Returned,Website,109.65
ORD100352,383221,59930,2026-01-10,2026-01-12,1,2573.2,0.0,West,PayPal,Completed,Website,83.59
ORD100353,509415,25046,2026-04-15,2026-04-20,1,271.12,0.0,North,Cash on Delivery,Completed,Mobile App,44.83
ORD100354,294304,50462,2026-04-03,2026-04-04,1,161.17,0.0,North,Net Banking,Completed,Mobile App,145.62
ORD100355,418418,47907,2025-11-03,2025-11-05,2,3632.57,0.1,North,Debit Card,Completed,Marketplace,171.13
ORD100356,648309,94616,2025-08-15,2025-08-19,3,1312.5,0.0,West,UPI,Returned,Website,43.92
ORD100357,311118,94616,2025-06-13,2025-06-18,2,1181.25,0.1,West,UPI,Completed,Mobile App,88.17
ORD100358,730472,83876,2026-05-13,2026-05-15,1,1398.68,0.0,West,Cash on Delivery,Completed,Mobile App,147.5
ORD100359,821239,23723,2025-07-20,2025-07-24,1,444.83,0.1,South,Cash on Delivery,Pending,Website,165.3
ORD100360,903968,67846,2025-01-12,2025-01-16,2,3394.98,0.15,East,Cash on Delivery,Pending,Mobile App,77.19
ORD100361,188494,25780,2025-12-21,2025-12-23,3,526.97,0.0,Central,Credit Card,Cancelled,Marketplace,70.66
ORD100362,521337,40374,2025-03-25,2025-03-29,2,700.76,0.0,East,UPI,Completed,Marketplace,152.2
ORD100363,928190,59930,2026-03-02,2026-03-06,2,2573.2,0.0,North,Net Banking,Completed,Website,57.63
ORD100364,300385,23723,2025-09-02,2025-09-05,1,494.26,1.5,West,Debit Card,Completed,Mobile App,49.8
ORD100365,510981,79501,2025-04-09,2025-04-14,2,3635.51,0.0,South,UPI,Completed,Website,46.89
ORD100366,642011,83401,2025-10-27,2025-10-31,5,575.18,0.0,East,Debit Card,Completed,Marketplace,83.15
ORD100367,918245,67846,2026-06-16,2026-06-21,2,3994.09,0.0,South,PayPal,Completed,Website,75.5
ORD100368,509415,24857,2025-08-07,2025-08-09,4,441.07,0.0,North,Debit Card,Completed,Website,174.88
ORD100369,935164,23723,2025-10-02,2025-10-04,3,99999.99,0.0,East,Net Banking,Completed,Mobile App,93.31
ORD100370,118976,79501,2025-08-19,2025-08-22,1,3635.51,0.0,East,UPI,Cancelled,Mobile App,158.87
ORD100371,151040,39430,2025-10-23,2025-10-26,4,1747.36,0.0,South,Credit Card,Completed,Website,58.59
ORD100372,235450,80616,2025-02-27,2025-03-02,3,1326.48,0.0,West,UPI,Completed,Mobile App,143.04
ORD100373,596578,20351,2026-01-19,2026-01-21,2,589.2,0.15,Central,UPI,Completed,Website,123.89
ORD100374,509415,25046,2025-12-15,2025-12-18,1,257.56,0.05,North,UPI,Completed,Mobile App,138.99
ORD100375,491764,23723,2025-10-20,2025-10-24,1,469.55,0.05,Central,UPI,Returned,Mobile App,43.5
ORD100376,118976,20351,2025-08-22,2025-08-24,2,693.18,0.0,East,Debit Card,Completed,Mobile App,174.72
ORD100377,643571,88270,2025-03-15,2025-03-19,1,1690.14,0.1,North,Debit Card,Completed,Mobile App,153.32
ORD100378,715785,25780,2026-01-14,2026-01-18,1,526.97,0.0,South,Cash on Delivery,Completed,Mobile App,70.16
ORD100379,300385,83876,03-30-2026,2026-04-04,3,1398.68,0.0,West,Debit Card,Returned,Website,40.43
ORD100380,407648,53143,2025-04-11,2025-04-16,1,2744.63,0.0,North,UPI,Completed,Website,109.35
ORD100381,555985,25780,2025-05-27,2025-05-30,1,526.97,0.0,East,UPI,Completed,Website,69.59
ORD100382,235450,96857,2026-03-17,2026-03-19,3,898.83,0.15,West,UPI,Completed,Mobile App,92.33
ORD100383,948367,20351,2026-04-11,2026-04-13,1,693.18,0.0,South,Cash on Delivery,Returned,Website,148.45
ORD100384,323509,39430,27/01/2025,2025-02-03,2,1747.36,0.0,East,Cash on Delivery,Completed,Marketplace,162.6
ORD100385,633700,99553,2026-05-23,2026-05-22,1,541.02,0.0,South,UPI,Completed,Website,161.38
ORD100386,767922,53143,2025-12-01,2025-12-04,3,2744.63,0.0,West,PayPal,Pending,Website,149.46
ORD100387,455093,20351,2025-12-03,2025-12-08,1,589.2,0.15,South,UPI,Cancelled,Marketplace,170.6
ORD100388,887668,83401,2025-12-13,2025-12-18,1,575.18,0.0,North,Debit Card,Completed,Website,177.34
ORD100389,635958,20351,2026-06-30,2026-07-02,1,693.18,0.0,North,Debit Card,Completed,Mobile App,89.59
ORD100390,235450,59930,2026-02-25,2026-03-02,2,2573.2,0.0,West,Debit Card,Completed,Marketplace,91.49
ORD100391,506712,79501,2026-01-12,2026-01-16,1,3635.51,0.0,North,Credit Card,Completed,Mobile App,119.07
ORD100392,608777,79501,2026-06-30,2026-07-05,1,3453.73,0.05,West,UPI,Completed,Marketplace,141.16
ORD100393,545153,47907,2025-12-02,2025-12-04,3,4036.19,0.0,East,Net Banking,Completed,Mobile App,103.96
ORD100394,502525,28009,2025-04-07,2025-04-09,1,167.41,0.1,Central,Debit Card,Pending,Marketplace,123.67
ORD100395,648309,47907,2026-03-05,2026-03-08,1,3430.76,0.15,West,UPI,Completed,Marketplace,45.24
ORD100396,509415,28009,2025-11-26,2025-12-01,3,167.41,0.1,North,UPI,Completed,Website,126.55
ORD100397,257381,59930,20-Dec-2025,2025-12-22,1,2573.2,0.0,North,Net Banking,Completed,Website,122.49
ORD100398,578458,23723,2026-03-18,2026-03-21,2,494.26,0.0,West,Credit Card,Completed,Website,81.3
ORD100399,634991,53143,2026-06-23,2026-06-25,3,2607.4,0.05,West,Debit Card,Cancelled,Website,129.27
ORD100400,814369,40374,2025-04-25,2025-04-30,1,700.76,0.0,North,Credit Card,Returned,Mobile App,157.96
ORD100401,203145,67846,2025-10-23,2025-10-30,1,3594.68,0.1,North,UPI,Completed,Website,148.97
ORD100402,948985,25780,2025-01-05,2025-01-08,1,474.27,0.1,West,PayPal,Returned,Mobile App,35.45
ORD100403,407648,28009,2025-04-23,2025-04-24,1,186.01,0.0,North,UPI,Completed,Marketplace,44.72
ORD100404,652250,40374,2026-03-08,2026-03-11,2,665.72,0.05,North,Credit Card,Cancelled,Mobile App,173.42
ORD100405,608777,23723,2025-08-15,2025-08-18,2,444.83,0.1,West,Credit Card,Returned,Mobile App,128.17
ORD100406,926020,20351,2026-06-24,2026-06-29,1,589.2,0.15,West,Net Banking,Completed,Mobile App,67.84
ORD100407,323509,59930,2025-02-21,2025-02-28,2,2573.2,0.0,East,Credit Card,Pending,Website,80.85
ORD100408,748766,75277,2025-06-08,2025-06-15,1,235.33,0.0,East,UPI,Returned,Mobile App,63.79
ORD100409,128960,80616,2025-12-12,2025-12-13,1,1193.83,0.1,South,Credit Card,Completed,Mobile App,117.59
ORD100410,509415,39430,2026-02-02,2026-02-06,2,1572.62,0.1,North,UPI,Completed,Marketplace,171.85
ORD100411,225610,50462,2025-01-22,2025-01-25,1,153.11,0.05,North,PayPal,Completed,Website,58.1
ORD100412,920802,40374,2025-04-01,2025-04-02,2,700.76,0.0,Central,Credit Card,Cancelled,Website,127.31
ORD100413,764915,67846,2025-05-28,2025-06-01,1,3994.09,0.0,North,PayPal,Completed,Mobile App,164.11
ORD100414,419328,80616,2025-02-20,2025-02-24,3,1326.48,0.0,South,Cash on Delivery,Completed,Website,121.43
ORD100415,764915,23723,2026-03-10,2026-03-11,2,469.55,0.05,North,Net Banking,Completed,Mobile App,92.6
ORD100416,156175,59930,2026-02-11,2026-02-18,1,2315.88,0.1,South,Debit Card,Completed,Website,174.8
ORD100417,415781,59930,2025-01-04,2025-01-06,1,2573.2,0.0,Central,Net Banking,Completed,Mobile App,153.22
ORD100418,509415,80616,2025-08-01,2025-08-02,1,1260.16,0.05,North,Net Banking,Completed,Website,112.79
ORD100419,287271,24857,2025-01-24,2025-01-28,1,374.91,0.15,East,Net Banking,Completed,Mobile App,101.49
ORD100420,390571,67846,2025-07-24,2025-07-28,1,3594.68,0.1,West,UPI,Completed,Website,66.26
ORD100421,782094,83401,2025-10-07,2025-10-11,4,575.18,0.0,West,Cash on Delivery,Pending,Mobile App,113.82
ORD100422,678199,20351,2025-02-04,2025-02-05,2,693.18,0.0,West,Credit Card,Completed,Website,149.43
ORD100423,648631,67846,2025-01-22,2025-01-26,3,3594.68,0.1,North,Credit Card,Completed,Website,126.04
ORD100424,655109,79501,2025-12-26,2025-12-28,1,3635.51,0.0,North,credit card,Completed,Mobile App,144.67
ORD100425,634991,94616,2025-05-30,2025-06-04,2,1312.5,0.0,West,Debit Card,Completed,Marketplace,152.74
ORD100426,601640,23723,2026-06-22,2026-06-27,3,494.26,0.0,East,UPI,Completed,Website,152.89
ORD100427,784164,96857,2026-06-11,2026-06-14,1,1057.45,0.0,North,UPI,Cancelled,Mobile App,85.63
ORD100428,,80616,2025-10-27,2025-11-01,2,1326.48,0.0,South,Cash on Delivery,Completed,Website,51.42
ORD100429,488226,80616,02-27-2026,2026-03-04,1,1127.51,0.15,South,Debit Card,Completed,Website,139.97
ORD100430,715785,25046,2026-01-29,2026-01-31,3,257.56,0.05,South,Cash on Delivery,Completed,Website,57.27
ORD100431,520073,67846,2025-08-29,2025-09-02,1,3994.09,0.10,East,UPI,Completed,Marketplace,150.31
ORD100432,411950,20351,18/02/2025,2025-02-21,1,693.18,0.0,West,Credit Card,Completed,Website,98.41
ORD100433,682782,96857,2026-03-04,2026/03/05,1,1057.45,0.0,West,Net Banking,Completed,Website,67.25
ORD100434,690321,25046,2025-08-15,2025-08-16,2,271.12,0.0,North,Cash on Delivery,Completed,Website,121.56
ORD100435,794251,25046,2026/05/13,2026-05-16,1,244.01,0.1,North,PayPal,Completed,Mobile App,172.82
ORD100436,287271,88270,2025-02-18,2025-02-21,1,1877.93,0.0,East,Net Banking,Completed,Marketplace,56.06
ORD100437,134784,23723,2026-04-27,2026-04-30,1,469.55,0.05,North,Credit Card,Completed,Website,110.16
ORD100438,491764,25780,2025-01-03,2025-01-06,3,,0.0,Central,Credit Card,Cancelled,Website,141.35
ORD100439,362780,24857,2025-06-08,2025-06-13,3,441.07,0.0,Central,UPI,Completed,Website,179.56
ORD100440,908789,83401,2025-02-05,2025-02-09,999,575.18,0.0,West,UPI,Cancelled,Website,52.48
ORD100441,794251,47907,2025-10-03,2025-10-07,1,4036.19,0.0,North,UPI,Completed,Mobile App,150.06
ORD100442,479414,59930,2026-05-17,2026-05-21,1,2573.2,0.0,North,UPI,Cancelled,Mobile App,97.52
ORD100443,498025,23723,2025-10-04,2025-10-07,1,444.83,0.1,South,Cash on Delivery,Completed,Website,97.04
ORD100444,607287,79501,2025-02-01,2025-02-02,1,3635.51,0.0,Central,UPI,Completed,Mobile App,45.06
ORD100445,382701,80616,2025/11/16,2025-11-19,4,1260.16,0.05,West,UPI,Completed,Website,123.21
ORD100446,983577,47907,2025-07-01,2025-07-05,1,4036.19,0.0,South,Cash on Delivery,Completed,Website,150.1
ORD100447,506712,24857,2025-10-31,2025-11-02,3,441.07,0.0,North,Credit Card,Pending,Website,53.52
ORD100448,259621,88270,2025-06-16,2025-06-18,1,1877.93,0.0,East,Debit Card,Completed,Website,86.88
ORD100449,263148,83876,2025-07-06,2025-07-08,5,1398.68,0.0,North,UPI,Completed,Mobile App,174.92
ORD100450,417546,23723,2025-07-06,2025-07-09,1,469.55,0.05,North,Credit Card,Returned,Marketplace,130.7
ORD100451,510981,99553,2025-11-30,2025-12-03,1,459.87,0.15,South,Credit Card,Completed,Website,95.51
ORD100452,454529,59930,2025-01-12,2025-01-16,1,2444.54,0.05,West,UPI,Completed,Mobile App,176.61
ORD100453,894878,21754,2025-01-17,2025-01-19,1,1324.39,0.0,East,UPI,Completed,Website,36.38
ORD100454,709183,40374,2025-06-27,2025-06-29,1,700.76,0.0,West,UPI,Completed,Website,102.92
ORD100455,715785,53143,2025-05-04,,1,2195.7,0.2,South,Cash on Delivery,Completed,Marketplace,44.31
ORD100456,886175,23723,2026-04-19,2026-04-23,2,420.12,0.15,Central,UPI,Completed,Marketplace,81.4
ORD100457,638474,99553,2026-03-30,2026-04-02,3,486.92,0.1,West,UPI,Completed,Website,159.21
ORD100458,215684,20351,2025-04-12,2025-04-14,1,658.52,0.05,South,UPI,Completed,Website,142.1
ORD100459,715785,83401,2025-08-19,2025-08-22,1,575.18,0.0,South,Debit Card,Completed,Website,139.87
ORD100460,989775,25780,2025-10-08,2025-10-11,1,474.27,0.1,South,Credit Card,Completed,Website,145.31
ORD100461,179970,83401,2026-02-14,2026-02-18,1,517.66,0.1,Central,Credit Card,Completed,Marketplace,131.01
ORD100462,152294,43806,2026-06-19,2026-06-20,3,703.97,0.05,West,Cash on Delivery,Completed,Website,148.52
ORD100463,459974,50462,2025-08-06,2025-08-13,5,153.11,0.05,North,Cash on Delivery,Returned,Mobile App,151.89
ORD100464,418418,96270,2025-10-03,2025-10-07,1,285.06,0.2,North,Net Banking,Completed,Website,61.09
ORD100465,233393,20351,2026-06-25,2026-06-29,1,554.54,0.2,West,UPI,Completed,Mobile App,49.04
ORD100466,707415,20351,2025-05-28,2025-05-30,1,693.18,0.0,North,Credit Card,Cancelled,Website,177.57
ORD100467,418418,96270,2025-04-14,2025-04-16,1,356.33,0.0,North,UPI,Completed,Website,166.8
ORD100468,634991,59930,2026-03-29,2026-04-02,0,2444.54,0.05,West,Credit Card,Completed,Mobile App,93.91
ORD100469,419328,23723,2025-06-07,2025-06-09,2,494.26,0.0,South,Debit Card,Completed,Website,54.34
ORD100470,578302,59930,2026-04-10,2026-04-14,3,2444.54,0.05,Central,Credit Card,Completed,Mobile App,147.95
ORD100471,666877,25780,2025-10-19,2025-10-21,2,474.27,0.1,East,UPI,Completed,Website,60.8
ORD100472,158076,20351,2025-11-06,2025-11-09,1,658.52,0.05,South,Debit Card,Completed,Marketplace,66.49
ORD100473,709183,94616,2025-10-04,2025-10-07,1,1246.88,0.05,West,Credit Card,Completed,Website,54.8
ORD100474,,50462,2025-12-12,2025-12-19,1,161.17,0.0,Central,Credit Card,Completed,Mobile App,107.73
ORD100475,901934,20351,2025-07-30,2025-08-03,1,693.18,0.0,East,Debit Card,Completed,Marketplace,64.45
ORD100476,221705,67846,2026-04-23,2026-04-24,3,3994.09,0.0,West,Credit Card,Completed,Website,60.13
ORD100477,784164,96270,2026-02-24,2026-02-28,2,338.51,0.05,North,Debit Card,Completed,Website,154.97
ORD100478,262906,67846,2025-11-09,2025-11-11,3,3794.39,0.05,Central,Credit Card,Completed,Mobile App,72.24
ORD100479,909113,27124,2026-01-14,2026-01-17,3,723.73,0.0,West,UPI,Completed,Mobile App,151.43
ORD100480,379886,20351,2026-05-02,2026-05-04,2,623.86,0.1,West,Credit Card,Completed,Website,63.0
ORD100481,499200,23723,2025-10-07,2025-10-09,1,494.26,10%,North,Net Banking,Completed,Website,133.45
ORD100482,522520,24857,2026-02-18,2026-02-20,1,396.96,0.1,South,UPI,Completed,Marketplace,126.9
ORD100483,507954,25780,2026-01-05,2026-01-12,4,526.97,0.0,West,UPI,Completed,Marketplace,82.92
ORD100484,883666,28009,2026-01-04,2026-01-07,1,186.01,0.0,North,UPI,Completed,Website,118.95
ORD100485,410216,94616,2025-06-20,2025-06-24,1,1312.5,0.0,South,Cash on Delivery,Completed,Mobile App,102.49
ORD100486,603177,59930,2025-07-12,2025-07-13,1,2573.2,0.0,South,Debit Card,Completed,Mobile App,89.68
ORD100487,898070,40374,2025-12-20,2025-12-23,2,700.76,0.0,North,Credit Card,Completed,Mobile App,92.33
ORD100488,247829,23723,2026-02-23,2026-02-26,2,420.12,0.15,West,Credit Card,Completed,Website,138.23
ORD100489,509415,50462,2025-07-20,21/07/2025,1,153.11,0.05,North,Credit Card,Returned,Mobile App,138.89
ORD100490,707415,43806,2026-04-28,2026-05-05,3,703.97,0.05,North,Net Banking,Completed,Mobile App,101.31
ORD100491,901934,83876,2026-02-16,2026-02-23,4,1258.81,0.1,East,Net Banking,Completed,Mobile App,59.76
ORD100492,265020,67846,28/06/2026,2026-07-02,2,3794.39,0.05,South,UPI,Completed,Marketplace,42.57
ORD100493,648844,20351,2025-02-08,2025-02-12,1,658.52,0.05,West,UPI,Completed,Marketplace,89.68
ORD100494,746968,75277,2025-01-08,2025-01-11,2,235.33,0.0,West,CC,Completed,Mobile App,105.44
ORD100495,634991,94616,2025-12-06,2025-12-08,2,1181.25,0.1,West,UPI,Completed,Website,44.76
ORD100496,508068,21754,2026-04-07,2026-04-10,1,1324.39,0.0,East,UPI,Returned,Website,153.2
ORD100497,836208,75277,2025-11-09,2025-11-12,1,188.26,0.2,South,Debit Card,Completed,Mobile App,129.96
ORD100498,638474,53143,2025-11-10,2025-11-13,2,2744.63,0.0,West,Net Banking,Completed,Marketplace,101.38
ORD100499,391959,25046,2026-06-02,2026-06-09,2,271.12,0.0,North,UPI,Completed,Marketplace,125.8
ORD100500,381598,39430,2025-04-23,2025-04-25,1,1747.36,0.0,South,UPI,Pending,Mobile App,51.09
ORD100501,371942,20351,2025-11-07,2025-11-10,3,623.86,0.1,North,UPI,Completed,Mobile App,113.56
ORD100502,935164,27124,2026-04-09,2026-04-16,1,687.54,0.05,East,UPI,Completed,Website,57.65
ORD100503,666877,59930,2026-05-01,2026-05-05,1,2444.54,0.05,East,UPI,Completed,Mobile App,113.12
ORD100504,509415,21754,2026-03-27,2026-03-30,2,1324.39,0.0,North,Net Banking,Completed,Website,174.14
ORD100505,951867,79501,2025-07-23,2025-07-26,1,3453.73,0.05,South,Credit Card,Completed,Website,95.98
ORD100506,876105,23723,2026-02-04,2026-02-07,2,494.26,0.0,East,COD,Completed,Mobile App,93.99
ORD100507,257381,59930,2025-11-23,2025-11-28,1,2573.2,0.0,North,Credit Card,Completed,Website,97.92
ORD100508,287357,40374,2025-12-15,2025-12-17,1,630.68,0.1,Central,Credit Card,Completed,Website,98.65
ORD100509,920802,53143,2026-02-28,2026-03-05,1,2607.4,0.05,Central,UPI,Completed,Mobile App,95.17
ORD100510,666877,28009,2026-01-15,2026-01-20,2,186.01,0.0,East,UPI,Completed,Marketplace,148.95
ORD100511,813405,80616,2025-08-16,2025-08-19,2,1326.48,0.0,South,Credit Card,Completed,Marketplace,53.16
ORD100512,710265,83876,2025-03-05,2025-03-07,1,1258.81,0.1,North,UPI,Cancelled,Website,132.3
ORD100513,510981,80616,2026-06-09,2026-06-12,1,1326.48,0.0,South,Credit Card,Completed,Mobile App,61.96
ORD100514,951867,79501,2026-06-11,2026-06-13,2,3635.51,0.0,South,Cash on Delivery,Completed,Marketplace,131.43
ORD100515,522520,27124,2026-03-07,2026-03-11,1,723.73,0.0,South,UPI,Completed,Mobile App,46.45
ORD100516,655109,80616,2025-11-23,2025-11-24,2,1326.48,0.0,North,Net Banking,Completed,Website,156.67
ORD100517,794251,99553,2026-01-02,2026-01-06,1,513.97,0.05,North,PayPal,Completed,Mobile App,56.02
ORD100518,335484,79501,2026-04-20,2026-04-27,1,3635.51,0.0,East,Cash on Delivery,Completed,Mobile App,174.06
ORD100519,505136,27124,2025-07-20,2025-07-21,1,723.73,0.0,West,UPI,Completed,Website,113.19
ORD100520,764915,83401,2025-07-18,2025-07-22,1,517.66,0.1,North,Net Banking,Completed,Mobile App,71.2
ORD100521,715785,23723,2026-06-08,2026-06-10,1,494.26,0.0,South,Debit Card,Completed,Website,153.65
ORD100522,730472,99553,2025-06-03,2025-06-06,1,486.92,0.1,West,Net Banking,Completed,Marketplace,125.36
ORD100523,372970,21754,2025-04-02,2025-04-05,3,1059.51,0.2,Central,Cash on Delivery,Completed,Website,159.94
ORD100524,520596,50462,2025-02-20,2025-02-24,1,161.17,0.0,West,PayPal,Completed,Marketplace,143.21
ORD100525,532996,25780,2025-02-15,2025-02-19,1,500.62,0.05,South,UPI,Completed,Website,111.0
ORD100526,629730,67846,2025-05-09,2025-05-13,1,3794.39,0.05,West,Credit Card,Completed,Website,110.02
ORD100527,784164,67846,2025-07-02,2025-07-04,1,3994.09,0.0,North,Net Banking,Completed,Marketplace,103.06
ORD100528,655109,88270,2025-09-10,2025-09-15,4,1877.93,0.0,North,UPI,Returned,Website,95.75
ORD100529,510981,59930,2026-05-28,2026-05-31,1,2573.2,0.0,South,Cash on Delivery,Completed,Website,151.38
ORD100530,262906,53143,2025-10-16,2025-10-21,2,2744.63,0.0,Central,Credit Card,Completed,Marketplace,67.33
ORD100531,521337,25780,2026-01-29,2026-02-05,1,447.92,0.15,East,UPI,Completed,Website,45.96
ORD100532,247829,25780,2025-03-22,2025-03-24,2,526.97,0.0,West,UPI,Completed,Website,125.35
ORD100533,759247,99553,2025-11-26,2025-12-01,2,541.02,0.0,North,UPI,Completed,Mobile App,95.88
ORD100534,681114,40374,2025-03-10,2025-03-14,1,700.76,0.0,North,UPI,Completed,Mobile App,117.95
ORD100535,311483,96270,2025-07-14,2025-07-17,3,356.33,0.0,Central,UPI,Completed,Marketplace,142.96
ORD100536,667162,94616,2025-12-27,2025-12-31,4,1181.25,0.1,North,PayPal,Completed,Marketplace,42.56
ORD100537,559636,20351,2025-07-13,2025-07-16,1,658.52,0.05,South,upi,Completed,Website,48.33
ORD100538,126317,40374,2025-10-17,2025-10-20,5,630.68,0.1,South,PayPal,Pending,Website,64.79
ORD100539,832149,96270,2026-01-20,2026-01-23,4,356.33,0.0,South,Debit Card,Completed,Mobile App,60.12
ORD100540,666277,59930,2025-10-14,,3,2315.88,0.1,West,Debit Card,Completed,Mobile App,168.13
ORD100541,519562,39430,2025-12-22,2025-12-25,2,1485.26,0.15,East,Credit Card,Completed,Website,75.64
ORD100542,302380,53143,2026-05-03,2026-05-07,1,2744.63,0.0,West,UPI,Completed,Website,66.31
ORD100543,,53143,2025-08-09,2025-08-10,4,2744.63,0.0,South,Credit Card,Completed,Website,111.93
ORD100544,578302,20351,2025-11-29,2025-12-01,2,658.52,0.05,Central,Cash on Delivery,Completed,Marketplace,48.1
ORD100545,152294,83876,2025-04-21,2025-04-23,4,1328.75,0.05,West,UPI,Completed,Mobile App,63.9
ORD100546,131550,67846,2025-05-24,2025-05-25,1,3994.09,0.0,West,UPI,Cancelled,Mobile App,104.81
ORD100547,724264,59930,2025-07-12,2025-07-16,1,2573.2,0.0,North,Net Banking,Completed,Marketplace,81.82
ORD100548,604773,83401,2025-07-31,2025-08-03,1,517.66,0.1,Central,Cash on Delivery,Completed,Mobile App,171.68
ORD100549,328394,47907,2026-01-10,2026-01-13,1,4036.19,0.0,South,UPI,Returned,Mobile App,62.47
ORD100550,894878,67846,2025-11-19,2025-11-23,3,3594.68,0.1,North,Debit Card,Completed,Mobile App,56.07
ORD100551,488226,59930,2025-10-22,2025-10-25,4,2573.2,0.0,South,Credit Card,Completed,Website,164.3
ORD100552,765560,94616,2025-05-29,2025-06-01,2,1312.5,0.0,South,UPI,Completed,Website,71.72
ORD100553,507954,39430,2025-11-13,2025-11-14,2,1572.62,0.1,West,Net Banking,Completed,Website,115.5
ORD100554,499200,96857,2025-06-01,2025-06-03,1,1004.58,0.05,North,UPI,Completed,Website,146.39
ORD100555,748766,59930,2026-01-04,2026-01-07,4,2573.2,0.0,East,Cash on Delivery,Completed,Website,136.41
ORD100556,247829,27124,2025-11-01,,1,651.36,0.1,West,UPI,Completed,Mobile App,109.85
ORD100557,863492,67846,2025-12-23,2025-12-30,2,3594.68,0.1,Central,Cash on Delivery,Completed,Mobile App,108.41
ORD100558,323063,39430,2026-05-05,2026-05-07,2,1485.26,0.15,Central,Debit Card,Returned,Website,169.74
ORD100559,837919,25780,2025-04-28,2025-04-30,1,526.97,0.0,South,Net Banking,Completed,Website,110.68
ORD100560,634991,47907,2026-05-27,29/05/2026,4,3228.95,0.2,West,Net Banking,Completed,Mobile App,151.38
ORD100561,715785,79501,2025-06-29,2025-07-01,2,3635.51,0.0,South,UPI,Returned,Website,173.16
ORD100562,126201,39430,2026-04-20,2026-04-22,1,1747.36,0.0,West,UPI,Returned,Website,161.11
ORD100563,670968,39430,2025-08-17,2025-08-19,2,1659.99,0.05,South,Net Banking,Completed,Website,67.54
ORD100564,756713,80616,2025-02-23,2025-03-02,1,1193.83,0.1,West,Net Banking,Completed,Mobile App,39.26
ORD100565,410043,79501,2025-05-10,2025-05-14,1,3635.51,0.0,North,PayPal,Returned,Mobile App,169.39
ORD100566,644114,40374,2026-01-06,2026-01-09,1,700.76,0.0,Central,Cash on Delivery,Completed,Marketplace,166.24
ORD100567,635958,59930,2025-02-03,2025-02-05,1,2573.2,0.0,North,Net Banking,Completed,Website,81.21
ORD100568,919927,23723,2026-04-22,2026-04-24,1,444.83,0.1,North,UPI,Completed,Mobile App,158.61
ORD100569,710265,79501,2026-06-20,2026-06-23,1,3090.18,0.15,North,Debit Card,Completed,Website,61.38
ORD100570,740696,53143,2025-10-17,2025-10-20,1,2195.7,0.2,North,Credit Card,Completed,Mobile App,109.96
ORD100571,887668,83401,2025-12-24,2025-12-28,5,517.66,0.1,North,Cash on Delivery,Completed,Mobile App,98.4
ORD100572,634991,28009,2025-11-01,2025-11-03,1,176.71,0.05,W,UPI,Cancelled,Mobile App,97.63
ORD100573,807924,27124,2026-06-30,2026-07-03,2,615.17,0.15,East,Debit Card,Completed,Mobile App,83.41
ORD100574,928190,79501,2026-02-25,2026-02-27,1,3271.96,0.1,North,Credit Card,Completed,Website,87.46
ORD100575,545153,28009,2025-09-05,2025-09-09,1,148.81,0.2,East,Net Banking,Cancelled,Mobile App,73.85
ORD100576,488226,79501,2025-05-02,2025-05-05,1,3635.51,0.0,South,Net Banking,Completed,Marketplace,111.62
ORD100577,327908,79501,2025-10-23,2025-10-23,3,3635.51,0.0,Central,UPI,Cancelled,Mobile App,143.81
ORD100578,451873,59930,2025-03-08,2025-03-12,1,2573.2,0.0,North,UPI,Completed,Website,114.76
ORD100579,648433,83876,2025-05-02,2025-05-07,3,1328.75,0.05,West,UPI,Completed,Website,51.09
ORD100580,236198,50462,2025-07-03,2025-07-05,1,161.17,0.0,West,UPI,Completed,Mobile App,38.91
ORD100581,578302,20351,2025-12-28,2026-01-04,1,658.52,0.05,Central,Debit Card,Completed,Website,68.45
ORD100582,407648,83876,2025-08-25,2025-08-28,2,1258.81,0.1,North,Credit Card,Pending,Mobile App,177.47
ORD100583,537950,28009,2026-06-01,2026-06-05,1,167.41,0.1,East,UPI,Completed,Website,88.59
ORD100584,901017,75277,2025-04-24,,2,211.8,0.1,North,Credit Card,Completed,Mobile App,52.42
ORD100585,883666,83401,2025-05-11,2025-05-15,1,575.18,0.0,North,UPI,Completed,Mobile App,107.18
ORD100586,440325,88270,2025-02-26,2025-02-28,3,1784.03,0.05,North,PayPal,Completed,Marketplace,55.68
ORD100587,565883,99553,2025-12-24,2025-12-29,3,541.02,0.0,South,UPI,Completed,Mobile App,156.52
ORD100588,221868,83876,2026-01-13,2026-01-15,1,1328.75,0.05,North,Credit Card,Cancelled,Mobile App,156.3
ORD100589,654697,83401,2026-05-15,2026-05-18,1,575.18,0.0,Central,UPI,Returned,Mobile App,119.61
ORD100590,782094,96857,2025-11-29,2025-12-04,1,1004.58,0.05,West,UPI,Completed,Mobile App,179.0
ORD100591,946106,67846,2025-04-14,2025-04-17,2,3794.39,0.05,North,Cash on Delivery,Completed,Mobile App,108.99
ORD100592,608777,83401,2025-05-19,2025-05-22,1,575.18,0.0,West,UPI,Completed,Mobile App,101.92
ORD100593,607287,96857,2025-12-28,2026-01-01,3,898.83,0.15,Central,Debit Card,Completed,Website,179.6
ORD100594,678199,59930,2025-02-16,2025-02-18,1,2573.2,0.0,West,UPI,Returned,Marketplace,75.03
ORD100595,257678,83876,2026-02-11,2026-02-15,1,1398.68,0.0,East,COD,Completed,Website,45.56
ORD100596,300385,59930,2025-09-29,2025-10-01,1,2573.2,0.0,West,Credit Card,Cancelled,Mobile App,158.48
ORD100597,897209,24857,2025-08-11,2025-08-16,1,441.07,0.0,West,Net Banking,Completed,Marketplace,152.33
ORD100598,263148,25046,2026-02-10,2026-02-12,2,271.12,0.0,North,UPI,Completed,Mobile App,163.77
ORD100599,221705,28009,2026-05-18,2026-05-20,1,186.01,0.0,W,Cash on Delivery,Completed,Marketplace,108.82
ORD100600,520596,23723,2025-11-24,2025-11-28,3,494.26,0.0,West,UPI,Completed,Website,61.88
ORD100601,624404,20351,2025-11-03,2025-11-05,1,658.52,0.05,North,Credit Card,Completed,Website,169.43
ORD100602,883666,20351,2025-04-14,2025-04-16,2,693.18,0.0,North,Credit Card,Completed,Mobile App,66.6
ORD100603,545153,25046,2026/04/29,2026-05-03,1,271.12,0.0,East,Credit Card,Completed,Mobile App,47.7
ORD100604,509415,39430,2025-04-25,2025-04-28,2,1747.36,0.0,west,Net Banking,Completed,Marketplace,123.77
ORD100605,235450,80616,2025-07-25,2025-07-26,1,1326.48,0.0,West,Credit Card,Completed,Website,108.35
ORD100606,301355,96270,2025-12-04,2025-12-06,1,356.33,0.0,North,UPI,Returned,Website,39.38
ORD100607,151040,96270,2025-01-24,2025-01-27,1,338.51,0.05,South,UPI,Completed,Website,87.03
ORD100608,634991,47907,2025-10-03,2025-10-07,1,3430.76,0.15,West,Net Banking,Returned,Website,135.92
ORD100609,133215,20351,2026-01-24,2026-01-27,4,693.18,0.0,South,Cash on Delivery,Completed,Website,122.78
ORD100610,323509,40374,2025-01-23,2025-01-24,3,630.68,0.1,East,UPI,Completed,Mobile App,179.37
ORD100611,287271,24857,2025-03-25,2025-03-28,1,441.07,0.0,East,Cash on Delivery,Completed,Website,123.61
ORD100612,301355,24857,2025-05-25,2025-05-26,1,441.07,0.0,North,UPI,Completed,Mobile App,81.14
ORD100613,620517,20351,2026-01-05,2026-01-07,3,693.18,0.0,East,Cash on Delivery,Completed,Marketplace,48.3
ORD100614,887668,80616,2025-05-14,2025-05-18,2,1193.83,0.1,North,UPI,Completed,Website,106.78
ORD100615,593800,88270,2025-05-21,2025-05-23,2,1877.93,0.0,Central,Cash on Delivery,Completed,Marketplace,131.68
ORD100616,715785,47907,2026-06-22,2026-06-24,1,4036.19,0.0,South,Cash on Delivery,Completed,Mobile App,47.03
ORD100617,323509,20351,2025-05-19,2025-05-23,1,693.18,0.0,East,Cash on Delivery,Completed,Website,155.71
ORD100618,367830,40374,2025-03-28,2025-04-01,1,665.72,0.05,North,PayPal,Completed,Website,161.69
ORD100619,816732,83401,2026-03-18,2026-03-21,1,517.66,0.1,East,UPI,Completed,Mobile App,108.28
ORD100620,491764,23723,2025-11-03,2025-11-04,-2,444.83,0.1,Central,Net Banking,Completed,Mobile App,104.5
ORD100621,889450,23723,2025-08-18,2025-08-21,2,469.55,0.05,South,UPI,Completed,Website,84.55
ORD100622,605121,67846,2025-12-03,2025-12-07,1,3794.39,0.05,North,UPI,Completed,Website,74.3
ORD100623,188247,23723,21/04/2025,2025-04-23,2,469.55,0.05,East,Cash on Delivery,Cancelled,Website,46.45
ORD100624,203676,25780,2025-03-08,2025-03-10,1,526.97,0.0,Central,Cash on Delivery,Completed,Website,175.85
ORD100625,164634,24857,2026-05-04,2026-05-11,1,441.07,0.0,South ,Credit Card,Completed,Website,151.74
ORD100626,287271,39430,2026-01-11,2026-01-15,1,1572.62,0.1,East,UPI,Completed,Website,48.34
ORD100627,257381,40374,2026-03-10,2026-03-12,1,700.76,0.0,North,Debit Card,Completed,Website,60.06
ORD100628,511918,43806,2025-01-21,2025-01-23,1,703.97,0.05,North,Cash on Delivery,Completed,Mobile App,146.9
ORD100629,455422,67846,2025-03-24,2025-03-29,3,3794.39,0.05,South,Cash on Delivery,Completed,Website,146.53
ORD100630,375259,25780,2026-02-10,2026-02-13,1,526.97,0.0,Central,Credit Card,Completed,Mobile App,153.54
ORD100631,232362,96857,2026-04-14,2026-04-19,2,1057.45,0.0,South,Net Banking,Completed,Mobile App,85.09
ORD100632,934103,96857,2025-07-16,2025-07-23,2,1057.45,0.0,West,Debit Card,Returned,Mobile App,82.22
ORD100633,155485,79501,2026-06-30,2026-07-02,5,3635.51,0.0,West,Credit Card,Completed,Mobile App,140.49
ORD100634,410043,28009,2025-07-11,2025-07-15,1,186.01,0.0,North,Debit Card,Completed,Mobile App,166.4
ORD100635,981656,47907,2025-03-06,2025-03-07,3,4036.19,0.0,East,UPI,Completed,Mobile App,88.7
ORD100636,887590,20351,2025-03-06,2025-03-08,1,623.86,0.1,North,PayPal,Completed,Marketplace,51.79
ORD100637,419328,20351,2025-08-07,2025-08-08,5,658.52,0.05,South,PayPal,Cancelled,Website,147.17
ORD100638,784164,79501,2025-07-30,2025-08-02,1,3635.51,0.0,North,Debit Card,Completed,Mobile App,98.71
ORD100639,765325,59930,2025-11-11,2025-11-12,1,2315.88,0.1,West,Cash on Delivery,Returned,Website,103.55
ORD100640,502525,79501,2025-11-12,2025-11-15,3,3453.73,0.05,Central,UPI,Completed,Website,145.48
ORD100641,624404,75277,2026-05-21,2026-05-28,4,200.03,0.15,North,Cash on Delivery,Completed,Mobile App,45.06
ORD100642,573059,27124,2025-03-16,2025-03-18,1,651.36,0.1,West,Debit Card,Completed,Marketplace,110.02
ORD100643,687478,47907,2025-12-09,2025-12-10,2,3228.95,0.2,North,Debit Card,Completed,Marketplace,113.49
ORD100644,223768,25046,2025-10-21,2025-10-24,1,271.12,0.0,Central,Net Banking,Completed,Mobile App,46.03
ORD100645,715785,53143,2025-07-02,2025-07-06,1,2744.63,0.0,South,Cash on Delivery,Completed,Website,104.61
ORD100646,133026,25780,2025-12-10,2025-12-15,3,526.97,0.0,East,Credit Card,Completed,Website,94.56
ORD100647,670233,96857,2026-05-01,2026-05-04,1,1004.58,0.05,South,Credit Card,Pending,Website,174.71
ORD100648,521337,40374,2025-07-19,2025-07-24,1,700.76,0.0,East,UPI,Pending,Mobile App,71.35
ORD100649,192777,25046,2025-07-13,2025-07-17,4,271.12,0.0,East,Net Banking,Completed,Mobile App,65.9
ORD100650,506712,59930,2025-12-11,2025-12-13,3,2058.56,0.2,North,UPI,Returned,Mobile App,126.56
ORD100651,510981,20351,2026-01-02,2026-01-05,1,693.18,0.0,South,UPI,Completed,Website,159.19
ORD100652,247829,59930,2025-03-11,2025-03-15,1,2187.22,0.15,West,UPI,Completed,Mobile App,95.75
ORD100653,800130,80616,2025-09-19,2025-09-24,3,1127.51,0.15,North,Cash on Delivery,Pending,Mobile App,137.37
ORD100654,784164,28009,2025-04-18,2025-04-25,1,167.41,0.1,North,UPI,Completed,Website,151.44
ORD100655,634991,67846,2025-12-08,2025-12-10,2,,0.1,West,Net Banking,Completed,Marketplace,157.29
ORD100656,559636,43806,2025-04-14,2025-04-16,4,703.97,0.05,South,UPI,Completed,Marketplace,77.76
ORD100657,555985,80616,2025-05-24,29-May-2025,1,1326.48,0.0,East,Cash on Delivery,Completed,Mobile App,122.61
ORD100658,311118,67846,2025-11-15,2025-11-19,1,3994.09,0.0,West,UPI,Completed,Mobile App,141.33
ORD100659,942802,28009,2025-07-08,2025-07-12,1,186.01,0.0,East,PayPal,Completed,Mobile App,132.25
ORD100660,545153,75277,2025-08-23,2025-08-25,1,223.56,0.05,East,UPI,Completed,Website,119.13
ORD100661,832149,59930,2025-08-22,2025-08-23,1,2444.54,0.05,South,Debit Card,Completed,Marketplace,139.57
ORD100662,717322,79501,2026-04-15,2026-04-18,1,3635.51,0.0,North,Debit Card,Completed,Website,70.64
ORD100663,740287,83876,2025-04-16,2025-04-23,2,1398.68,0.0,West,Cash on Delivery,Completed,Website,73.87
ORD100664,510981,83401,2025-08-07,2025-08-08,1,575.18,0.0,South,UPI,Completed,Mobile App,36.97
ORD100665,391881,40374,2026-01-30,2026-02-01,1,700.76,0.0,South,UPI,Completed,Mobile App,56.15
ORD100666,746968,83401,2025-10-11,2025-10-14,1,546.42,0.05,West,Cash on Delivery,Completed,Marketplace,101.12
ORD100667,681114,88270,2025-04-29,2025-05-01,2,1877.93,0.0,North,Credit Card,Cancelled,Website,94.7
ORD100668,156175,23723,2026-04-11,2026-04-14,1,494.26,0.0,South,PayPal,Completed,Marketplace,175.1
ORD100669,908789,80616,2025-11-07,,1,1127.51,0.15,West,Cash on Delivery,Completed,Website,155.7
ORD100670,415781,53143,2025-08-19,2025-08-22,1,2470.17,0.1,Central,Cash on Delivery,Completed,Website,114.85
ORD100671,547445,83401,2025-06-20,2025-06-22,1,575.18,0.0,West,UPI,Completed,Website,157.95
ORD100672,524628,40374,2026-02-13,2026-02-17,1,700.76,0.0,East,Net Banking,Completed,Website,118.58
ORD100673,627277,47907,2026-06-15,2026-06-19,1,3632.57,0.1,West,Cash on Delivery,Completed,Website,175.21
ORD100674,328394,83401,2025-12-12,2025-12-14,1,575.18,0.0,South,UPI,Completed,Website,164.85
ORD100675,707415,43806,2025-10-12,2025-10-15,1,703.97,0.05,North,Credit Card,Returned,Website,123.2
ORD100676,509415,39430,2025-05-17,2025-05-19,1,1747.36,0.0,W,Net Banking,Completed,Mobile App,143.9
ORD100677,155485,99553,2025-06-10,2025-06-13,2,513.97,0.05,West,UPI,Completed,Website,149.53
ORD100678,715785,80616,2025-04-07,2025-04-14,2,1326.48,0.0,South,Debit Card,Cancelled,Website,156.17
ORD100679,946703,67846,2025-10-06,2025-10-09,1,3994.09,0.0,North,UPI,Completed,Website,157.38
ORD100680,666877,79501,2025-02-16,2025-02-18,1,3635.51,0.0,East,PayPal,Completed,Mobile App,86.44
ORD100681,491764,67846,2026-05-21,2026-05-22,2,3994.09,0.0,Central,UPI,Completed,Marketplace,59.31
ORD100682,717322,23723,2025-11-06,2025-11-13,4,444.83,0.1,North,PayPal,Completed,Mobile App,99.91
ORD100683,948985,20351,2025-07-22,2025-07-27,2,693.18,0.0,West,Credit Card,Completed,Website,88.59
ORD100684,509415,21754,2025-05-04,2025-05-06,1,1324.39,0.0,North,UPI,Completed,Mobile App,100.12
ORD100685,692063,83401,2025-04-07,2025-04-09,1,575.18,0.0,East,UPI,Completed,Mobile App,96.7
ORD100686,670968,79501,2025-09-27,2025-09-29,2,3271.96,0.1,South,Cash on Delivery,Cancelled,Mobile App,118.19
ORD100687,155205,80616,2026-06-18,2026-06-25,3,1326.48,0.0,North,Cash on Delivery,Completed,Mobile App,48.72
ORD100688,800130,27124,2025-01-20,2025-01-21,1,723.73,0.0,North,Credit Card,Completed,Website,112.95
ORD100689,655109,53143,2025-08-14,2025-08-15,4,2332.94,0.15,North,UPI,Completed,Website,163.49
ORD100690,996075,83401,2025-12-19,2025-12-23,2,488.9,0.15,West,Debit Card,Completed,Website,134.91
ORD100691,165278,53143,2025-10-08,2025/10/11,5,2470.17,0.1,West,UPI,Pending,Mobile App,92.07
ORD100692,442850,20351,2025-02-14,2025-02-15,1,693.18,0.0,East,UPI,Completed,Website,96.11
ORD100693,666277,20351,2026-02-06,2026-02-08,1,693.18,0.0,West,Debit Card,Completed,Mobile App,61.6
ORD100694,415781,20351,2026-03-31,2026-04-05,3,693.18,0.0,Central,Credit Card,Pending,Website,164.19
ORD100695,666877,88270,2026-03-18,2026-03-23,1,1877.93,0.0,East,Debit Card,Completed,Mobile App,78.24
ORD100696,401832,20351,2026-05-21,2026-05-24,1,554.54,0.2,Central,Credit Card,Completed,Marketplace,89.47
ORD100697,507954,83876,2025-02-12,2025-02-14,1,1398.68,0.0,West,Net Banking,Completed,Mobile App,51.01
ORD100698,565883,83876,2026-05-21,2026-05-24,2,1398.68,0.0,South,Net Banking,Completed,Marketplace,84.39
ORD100699,897209,94616,2026-05-13,2026-05-16,1,1246.88,0.05,West,PayPal,Completed,Mobile App,60.34
ORD100700,709183,80616,2025-04-07,2025-04-10,1,1326.48,0.0,West,PayPal,Completed,Website,118.29
ORD100701,996075,67846,2025-03-03,2025-03-04,1,3594.68,0.1,West,Credit Card,Completed,Mobile App,65.69
ORD100702,634828,59930,2025-06-25,2025-06-27,1,2573.2,0.0,North,Net Banking,Completed,Website,140.56
ORD100703,508068,96270,2026-01-06,2026-01-08,1,338.51,0.05,East,UPI,Completed,Website,92.31
ORD100704,509415,83876,2025-09-30,2025-10-04,1,1398.68,0.0,North,Debit Card,Completed,Website,139.53
ORD100705,203145,80616,2026-06-02,2026-06-07,4,1260.16,0.05,North,Cash on Delivery,Completed,Mobile App,65.79
ORD100706,520596,43806,2025-07-31,2025-08-03,1,666.92,0.1,West,PayPal,Completed,Website,43.61
ORD100707,488226,96270,2025-01-11,2025-01-15,1,356.33,0.0,South,UPI,Completed,Website,148.38
ORD100708,445845,83876,2026-06-16,2026-06-18,1,1328.75,0.05,East,Credit Card,Cancelled,Website,147.12
ORD100709,440325,20351,2026-04-03,2026-04-08,1,693.18,0.0,North,PayPal,Returned,Website,53.5
ORD100710,415781,96270,2025-06-30,2025-07-04,1,356.33,0.0,Central,Debit Card,Completed,Mobile App,129.88
ORD100711,984030,79501,2025-07-03,2025-07-08,1,3635.51,0.0,Central,UPI,Cancelled,Mobile App,99.72
ORD100712,901934,59930,2025-02-21,2025-02-26,2,2444.54,0.05,East,Credit Card,Completed,Mobile App,50.98
ORD100713,832149,67846,2026-04-27,2026-04-30,1,3594.68,0.1,South,Net Banking,Cancelled,Mobile App,91.2
ORD100714,983344,40374,2025-10-01,2025-10-04,4,630.68,0.1,North,UPI,Completed,Marketplace,72.22
ORD100715,247829,25046,2025-08-03,2025-08-06,2,244.01,0.1,West,Net Banking,Completed,Mobile App,125.81
ORD100716,142839,88270,2025-02-02,2025-02-09,1,1877.93,0.0,South,Credit Card,Completed,Mobile App,40.8
ORD100717,328394,21754,2025-09-26,2025-09-27,3,1324.39,0.0,South,CC,Completed,Mobile App,169.38
ORD100718,634828,96857,2025-04-30,2025-05-04,1,1057.45,0.0,North,UPI,Returned,Website,124.46
ORD100719,606624,23723,2026-01-03,2026-01-05,1,494.26,0.0,West,Credit Card,Completed,Marketplace,52.52
ORD100720,715785,40374,2025-05-06,2025-05-08,1,665.72,0.05,South,UPI,Cancelled,Mobile App,98.91
ORD100721,504504,59930,2025-06-17,06-20-2025,1,2187.22,0.15,South,PayPal,Completed,Mobile App,87.65
ORD100722,294304,96857,2025-09-19,2025-09-22,3,1057.45,0.0,North,UPI,Completed,Mobile App,154.49
ORD100723,156175,59930,2026-05-04,2026-05-06,3,2573.2,0.0,South,Net Banking,Completed,Marketplace,72.36
ORD100724,670233,23723,2026-01-30,2026-02-03,1,420.12,0.15,WEST,UPI,Completed,Marketplace,84.61
ORD100725,849738,39430,2025-10-24,2025-10-29,1,1659.99,0.05,East,Cash on Delivery,Completed,Marketplace,158.09
ORD100726,608777,80616,2025-07-01,2025-07-05,2,1326.48,0.0,West,Net Banking,Completed,Marketplace,46.48
ORD100727,,99553,2025-09-11,2025-09-13,1,541.02,0.0,West,Credit Card,Completed,Marketplace,86.5
ORD100728,164634,43806,2025-12-24,2025-12-27,3,666.92,0.1,West,UPI,Cancelled,Website,173.33
ORD100729,901934,27124,2026-02-26,2026-03-01,1,723.73,0.0,East,Debit Card,Pending,Website,125.34
ORD100730,889427,83876,2025-02-18,2025-02-21,2,1328.75,0.05,North,Cash on Delivery,Completed,Marketplace,129.95
ORD100731,918245,23723,2025-10-23,2025-10-27,1,444.83,0.1,South,Cash on Delivery,Completed,Website,42.36
ORD100732,681114,80616,2026-04-13,2026-04-16,1,1326.48,0.0,North,Net Banking,Completed,Mobile App,142.7
ORD100733,520596,83401,2026-04-20,2026-04-23,1,488.9,0.15,West,Debit Card,Completed,Mobile App,77.48
ORD100734,724264,67846,2025-11-27,2025-11-29,2,3994.09,0.0,North,Cash on Delivery,Completed,Website,80.42
ORD100735,311118,53143,2025-10-04,2025-10-08,1,2744.63,0.0,West,UPI,Completed,Mobile App,137.88
ORD100736,648844,23723,2025-04-02,2025-04-04,1,494.26,0.0,West,Debit Card,Completed,Mobile App,51.8
ORD100737,823362,24857,2025-11-30,2025-12-05,4,396.96,0.1,South,Cash on Delivery,Completed,Website,125.42
ORD100738,800293,83401,2025-04-21,2025-04-23,1,575.18,0.0,North,Cash on Delivery,Completed,Mobile App,40.2
ORD100739,572689,20351,2026-04-25,2026-04-29,1,623.86,0.1,East,UPI,Completed,Mobile App,41.13
ORD100740,455093,59930,2026-01-03,2026-01-07,1,2573.2,0.0,South,Credit Card,Completed,Website,132.74
ORD100741,982841,28009,2025-05-01,2025-05-03,1,186.01,0.0,Central,UPI,Completed,Website,61.17
ORD100742,715785,43806,2025-02-21,2025-02-28,3,629.87,0.15,South,Net Banking,Completed,Website,73.69
ORD100743,600448,47907,2025-11-23,2025-11-25,2,4036.19,0.0,East,PayPal,Completed,Website,138.56
ORD100744,375259,79501,2025-12-06,2025-12-07,2,3635.51,0.0,Central,Cash on Delivery,Completed,Mobile App,38.32
ORD100745,291348,28009,2025-04-23,2025-04-24,2,186.01,0.0,North,Credit Card,Completed,Mobile App,43.96
ORD100746,765325,25046,2025-07-30,2025-08-03,1,244.01,0.1,West,PayPal,Completed,Website,80.18
ORD100747,507954,83876,2025-10-26,2025-10-29,999,1258.81,0.1,West,Debit Card,Completed,Website,134.33
ORD100748,156175,21754,2025-02-03,2025-02-06,2,1324.39,0.0,South,Debit Card,Completed,Mobile App,68.03
ORD100749,371942,53143,2025-11-11,2025-11-14,2,2607.4,0.05,North,UPI,Completed,Mobile App,134.19
ORD100750,287271,23723,2025-05-26,2025-05-30,1,469.55,0.05,East,Credit card,Completed,Website,85.7
ORD100751,592020,67846,2025-01-19,2025-01-22,2,3994.09,0.0,East,PayPal,Completed,Mobile App,140.07
ORD100752,455422,53143,2026-06-30,2026-07-03,2,2470.17,0.1,South,Debit Card,Returned,Mobile App,73.96
ORD100753,126317,67846,2025-05-29,2025-05-30,1,3994.09,0.0,South,Credit Card,Completed,Mobile App,92.06
ORD100754,148102,83876,2025-01-30,2025-02-02,1,1398.68,0.0,West,Credit Card,Completed,Mobile App,153.12
ORD100755,215684,27124,2025-03-05,2025-03-08,3,,0.05,South,UPI,Completed,Mobile App,170.44
ORD100756,109789,99553,2025-06-25,2025-06-28,2,541.02,0.0,Central,Credit Card,Returned,Mobile App,44.47
ORD100757,311118,80616,2025-10-01,2025-10-08,1,1326.48,0.0,West,Credit Card,Completed,Mobile App,90.25
ORD100758,367193,23723,2025-03-07,2025-03-10,3,444.83,0.1,South,Credit Card,Completed,Mobile App,97.43
ORD100759,738616,47907,2025-11-11,2025-11-13,1,4036.19,0.0,West,UPI,Completed,Mobile App,65.51
ORD100760,851135,59930,19/02/2025,2025-02-22,2,2315.88,0.1,South,Credit Card,Completed,Website,82.14
ORD100761,509415,96857,2025-03-15,2025-03-18,2,1057.45,0.0,North,Credit Card,Completed,Mobile App,40.38
ORD100762,142839,75277,01-21-2025,2025-01-24,3,235.33,0.0,South,Cash on Delivery,Completed,Website,48.35
ORD100763,917866,96857,2025-12-13,2025-12-16,1,1057.45,15 %,West,Debit Card,Completed,Website,125.0
ORD100764,633700,20351,2025-09-04,2025-09-08,1,693.18,0.0,South,Net Banking,Returned,Mobile App,91.2
ORD100765,506712,40374,2025-11-20,2025-11-21,3,700.76,0.0,North,Cash on Delivery,Completed,Mobile App,105.53
ORD100766,500503,40374,2025-07-03,2025-07-06,1,700.76,0.0,South,PayPal,Completed,Mobile App,166.56
ORD100767,507954,47907,2026-02-14,2026-02-16,5,4036.19,0.0,West,PayPal,Completed,Marketplace,74.84
ORD100768,508068,80616,2026-06-07,2026/06/12,4,1260.16,0.05,East,Cash on Delivery,Cancelled,Mobile App,148.34
ORD100769,983577,83876,2025-07-23,2025-07-25,1,1328.75,0.05,South,Net Banking,Completed,Website,95.26
ORD100770,165278,67846,2026-04-13,2026-04-16,1,3794.39,0.05,West,Cash on Delivery,Pending,Marketplace,144.05
ORD100771,363683,40374,2025-09-07,2025-09-14,1,700.76,0.0,West,Net Banking,Completed,Mobile App,78.05
ORD100772,151040,39430,2025-07-22,,4,1747.36,0.0,South,Cash on Delivery,Completed,Mobile App,81.69
ORD100773,411950,59930,2025-04-13,2025-04-15,1,2573.2,0.0,SOUTH,Credit Card,Completed,Website,176.29
ORD100774,506712,80616,2025-01-14,2025-01-15,2,1326.48,0.0,East,Debit Card,Completed,Marketplace,93.0
ORD100775,511918,83876,2025-06-26,2025-06-29,1,1398.68,0.0,North,Net Banking,Completed,Marketplace,97.45
ORD100776,861788,28009,2025-07-23,2025-07-25,1,148.81,0.2,South,UPI,Completed,Website,141.7
ORD100777,578458,20351,2026-05-17,2026-05-21,3,693.18,0.0,West,Credit Card,Completed,Website,169.94
ORD100778,670233,94616,2025-11-19,2025-11-23,1,1312.5,0.0,South,UPI,Completed,Marketplace,46.11
ORD100779,792467,83401,2025-03-10,2025-03-14,1,575.18,0.0,South,Credit Card,Completed,Website,65.18
ORD100780,156175,59930,2026-03-22,2026-03-23,4,2573.2,0.0,South,UPI,Completed,Website,94.46
ORD100781,883666,88270,2026-05-22,2026-05-23,3,1690.14,0.1,North,Debit Card,Completed,Mobile App,96.2
ORD100782,748941,94616,2026-03-06,2026-03-09,1,1181.25,0.1,South,UPI,Completed,Mobile App,154.6
ORD100783,996075,80616,2026-05-23,2026-05-26,1,1326.48,0.0,West,Debit Card,Cancelled,Website,111.26
ORD100784,894372,20351,2026-06-28,2026-07-01,1,693.18,0.0,Central,UPI,Completed,Mobile App,102.5
ORD100785,257216,99553,2025-07-24,2025-07-28,1,513.97,0.05,West,UPI,Completed,Mobile App,100.08
ORD100786,633700,80616,2026-03-05,2026-03-10,2,1326.48,0.0,South,Debit Card,Completed,Mobile App,122.75
ORD100787,806780,67846,2025-12-08,2025-12-11,2,3794.39,0.05,South,UPI,Completed,Mobile App,159.76
ORD100788,287271,27124,2025-09-26,2025-09-30,1,651.36,0.1,East,Credit Card,Completed,Website,101.97
ORD100789,715785,67846,2026-04-30,2026-05-01,4,3994.09,0.0,South,UPI,Completed,Website,122.57
ORD100790,996075,21754,2025-10-03,2025-10-07,2,1059.51,0.2,West,Debit Card,Completed,Website,56.34
ORD100791,410043,80616,2026-03-30,2026-04-03,1,1326.48,0.0,North,Net Banking,Completed,Marketplace,108.35
ORD100792,510981,40374,2026-03-14,2026-03-19,2,630.68,0.1,South,UPI,Completed,Website,142.42
ORD100793,255785,20351,2025-06-07,2025-06-09,1,658.52,0.05,East,Debit Card,Completed,Website,38.62
ORD100794,221868,67846,2026-04-22,2026-04-25,1,3994.09,0.0,North,Net Banking,Pending,Mobile App,63.36
ORD100795,363683,79501,2025-05-06,2025-05-09,1,3635.51,0.0,West,Credit Card,Completed,Mobile App,59.8
ORD100796,715785,53143,2026-03-29,2026-03-31,1,2744.63,0.0,South,Cash on Delivery,Completed,Website,179.71
ORD100797,919927,96857,2025-09-19,2025-09-20,1,1057.45,0.0,North,UPI,Completed,Marketplace,61.02
ORD100798,510981,67846,2025-08-03,2025-08-07,2,3994.09,0.0,South,PayPal,Completed,Marketplace,79.36
ORD100799,632863,27124,2025-06-17,2025-06-21,2,723.73,0.0,South,UPI,Completed,Website,153.84
ORD100800,941623,24857,2026-05-08,2026-05-12,2,441.07,0.0,South,UPI,Completed,Marketplace,112.62
ORD100801,666277,43806,2025-05-13,2025-05-15,2,741.02,0.0,West,Cash on Delivery,Completed,Marketplace,144.09
ORD100802,507954,21754,2026-01-24,2026-01-29,4,1324.39,0.0,West,Credit Card,Completed,Mobile App,56.67
ORD100803,918245,88270,2025-03-31,2025-04-02,1,1877.93,0.0,South,Credit Card,Completed,Website,170.27
ORD100804,279421,83401,2026-01-24,2026-01-28,1,546.42,0.05,North,Net Banking,Completed,Mobile App,72.79
ORD100805,851135,21754,2025-05-10,2025-05-11,3,1191.95,0.1,South,UPI,Completed,Website,74.59
ORD100806,670968,80616,2025-04-11,2025-04-15,1,1127.51,0.15,South,UPI,Completed,Website,117.95
ORD100807,834225,20351,2025-12-05,2025-12-06,1,658.52,0.05,East,Cash on Delivery,Completed,Mobile App,138.57
ORD100808,840889,59930,04-27-2026,2026-04-28,1,2573.2,0.0,North,Debit Card,Completed,Marketplace,141.29
ORD100809,509415,23723,2025-09-12,2025-09-14,5,494.26,0.0,North,Credit Card,Cancelled,Website,148.25
ORD100810,918245,28009,2026-04-07,2026-04-14,2,167.41,0.1,South,Net Banking,Completed,Website,97.63
ORD100811,884995,80616,2025-12-14,2025-12-17,3,1326.48,0.0,East,Cash on Delivery,Completed,Website,74.96
ORD100812,577818,20351,2026-02-05,2026-02-08,1,693.18,0.0,West,Net Banking,Completed,Mobile App,75.3
ORD100813,620517,25046,2025-08-25,2025-08-28,1,271.12,0.0,East,PayPal,Completed,Marketplace,163.42
ORD100814,832149,80616,2025-07-29,2025-07-31,4,1127.51,0.15,South,UPI,Pending,Mobile App,43.99
ORD100815,459160,67846,2025-12-08,2025-12-12,1,3994.09,0.0,West,UPI,Completed,Website,83.48
ORD100816,590465,53143,2025-01-12,2025-01-14,1,2607.4,0.05,West,UPI,Completed,Marketplace,85.58
ORD100817,360759,25046,2025-10-25,2025-10-27,1,271.12,0.0,West,Cash on Delivery,Completed,Website,135.77
ORD100818,681114,92524,2025-07-29,2025-07-31,1,517.66,0.1,North,UPI,Completed,Website,108.95
ORD100819,509415,80616,2025-06-30,2025-07-04,1,1260.16,0.05,North,Debit Card,Cancelled,Website,90.03
ORD100820,705520,40374,2026-04-15,2026-04-19,1,700.76,0.0,North,Cash on Delivery,Completed,Mobile App,128.4
ORD100821,578458,43806,2026-04-02,2026-04-07,2,741.02,0.0,West,UPI,Cancelled,Website,114.53
ORD100822,635958,24857,2026-02-27,2026-03-03,1,441.07,0.0,North,Cash on Delivery,Completed,Marketplace,71.79
ORD100823,,24857,2025-11-05,2025-11-08,1,419.02,0.05,Central,UPI,Completed,Website,89.37
ORD100824,971601,23723,2025-03-30,2025-04-02,2,494.26,0.0,West,Credit Card,Completed,Website,40.78
ORD100825,401832,80616,2025-05-03,2025-05-06,2,1260.16,0.05,Central,Cash on Delivery,Completed,Marketplace,105.53
ORD100826,725952,99553,2025-10-06,2025-10-11,1,486.92,0.1,North,Debit Card,Completed,Website,140.1
ORD100827,485707,53143,2026-01-07,2026-01-14,1,2744.63,0.0,West,UPI,Completed,Mobile App,51.01
ORD100828,118976,20351,2026-05-26,2026-05-29,1,693.18,0.0,East,Credit Card,Completed,Website,122.83
ORD100829,534430,83876,2025-04-11,2025-04-15,1,1328.75,0.05,West,Credit Card,Cancelled,Marketplace,165.53
ORD100830,453136,27124,2026-05-17,2026-05-20,2,723.73,0.0,East,UPI,Cancelled,Website,35.04
ORD100831,578458,23723,2025-01-02,2025-01-04,4,469.55,0.05,West,Debit Card,Completed,Mobile App,58.97
ORD100832,257381,80616,2026-04-21,2026-04-24,2,1193.83,0.1,North,UPI,Returned,Mobile App,80.56
ORD100833,554250,67846,2025-01-17,2025-01-20,2,3594.68,0.1,South,UPI,Completed,Website,137.91
ORD100834,600728,80616,2025-07-14,2025-07-18,1,1326.48,0.0,North,UPI,Completed,Mobile App,161.91
ORD100835,555985,43806,2025-10-20,2025-10-24,1,666.92,0.1,East,Cash on Delivery,Completed,Mobile App,148.96
ORD100836,555985,43806,2025-11-20,11-22-2025,2,629.87,0.15,East,UPI,Completed,Website,56.5
ORD100837,666277,88270,2025-12-12,2025-12-17,2,1596.24,0.15,West,Credit Card,Completed,Mobile App,53.91
ORD100838,836208,40374,2026-03-08,2026-03-13,1,700.76,0.0,South,Credit Card,Completed,Website,91.2
ORD100839,221705,67846,2026-04-01,2026-04-05,1,3394.98,0.15,West,UPI,Completed,Website,89.16
ORD100840,820397,80616,2025-10-11,2025-10-14,1,1260.16,0.05,West,UPI,Returned,Marketplace,72.47
ORD100841,707085,40374,2025-09-02,2025-09-05,1,665.72,0.05,West,UPI,Completed,Website,54.05
ORD100842,485707,59930,2026-04-06,10/04/2026,2,2573.2,0.0,West,UPI,Completed,Website,168.92
ORD100843,778380,83876,2025-11-21,2025-11-23,1,1118.94,0.2,West,UPI,Completed,Mobile App,170.41
ORD100844,620517,25046,2025-01-09,2025-01-13,1,99999.99,0.0,East,Credit Card,Completed,Website,53.62
ORD100845,996075,20351,2025-06-04,2025/06/06,1,554.54,0.2,West,Debit Card,Completed,Marketplace,80.93
ORD100846,555985,25046,2026-03-16,2026-03-23,3,271.12,0.0,East,Net Banking,Completed,Mobile App,82.69
ORD100847,550242,94616,2025-06-03,2025-06-05,1,1312.5,0.0,South,Credit Card,Completed,Website,99.57
ORD100848,188494,59930,2025-04-22,2025-04-25,3,2573.2,0.0,Central,Cash on Delivery,Completed,Website,56.65
ORD100849,505136,20351,2025-08-29,2025-08-31,1,623.86,0.1,West,Net Banking,Completed,Mobile App,140.65
ORD100850,552094,24857,2025-11-08,2025-11-15,1,419.02,0.05,North,UPI,Completed,Mobile App,173.76
ORD100851,784164,27124,01-13-2025,2025-01-15,1,651.36,0.1,North,Credit Card,Completed,Marketplace,168.88
ORD100852,221868,28009,2025-09-22,2025-09-26,1,148.81,0.2,North,UPI,Completed,Mobile App,85.97
ORD100853,800130,25046,2026-05-07,2026-05-08,1,271.12,0.0,North,Net Banking,Completed,Website,175.98
ORD100854,213140,23723,2025-01-16,2025-01-20,4,494.26,0.0,North,Credit Card,Completed,Website,61.51
ORD100855,453136,67846,2026-06-13,2026-06-15,1,3994.09,0.0,East,UPI,Completed,Marketplace,99.19
ORD100856,996075,20351,2025-05-16,2025-05-23,1,589.2,0.15,West,Credit Card,Completed,Website,46.2
ORD100857,532996,27124,2025-12-19,2025-12-23,1,578.98,0.2,South,UPI,Completed,Website,42.71
ORD100858,676737,59930,2025-06-30,2025-07-03,1,2573.2,0.0,Central,Cash on Delivery,Completed,Mobile App,107.06
ORD100859,555985,27124,2025-11-01,2025-11-02,1,687.54,0.05,East,Credit Card,Pending,Website,67.36
ORD100860,989226,39430,2025-04-21,2025-04-25,4,1747.36,0.0,West,UPI,Completed,Mobile App,42.89
ORD100861,553490,79501,2026-04-02,2026-04-06,3,3271.96,0.1,West,Credit Card,Returned,Mobile App,124.1
ORD100862,545153,79501,2026-06-07,2026-06-09,2,3090.18,0.15,East,UPI,Completed,Marketplace,136.7
ORD100863,840889,80616,2025-06-20,2025-06-21,3,1193.83,0.1,North,credit card,Pending,Website,95.15
ORD100864,158076,96857,2026-05-11,2026-05-15,1,1004.58,0.05,South,Cash on Delivery,Completed,Website,127.17
ORD100865,155485,99553,2026-06-07,2026-06-10,1,459.87,0.15,West,Debit Card,Completed,Website,47.91
ORD100866,582439,79501,2025-10-19,2025-10-24,4,3635.51,0.0,West,Debit Card,Completed,Marketplace,98.73
ORD100867,981656,99553,2026-03-03,2026-03-07,1,513.97,0.05,East,PayPal,Completed,Marketplace,63.25
ORD100868,510981,67846,2025-10-02,2025-10-06,5,3994.09,0.0,South,Net Banking,Completed,Website,44.52
ORD100869,265020,25780,2025-08-21,2025-08-23,1,526.97,0.0,South,Debit Card,Completed,Website,44.55
ORD100870,948985,53143,2025-09-02,2025-09-05,3,2470.17,0.1,West,UPI,Completed,Mobile App,106.46
ORD100871,670233,47907,2025-11-04,2025-11-11,1,3430.76,0.15,South,Net Banking,Completed,Website,58.08
ORD100872,981656,67846,2026-04-06,2026-04-10,2,3594.68,0.1,East,UPI,Returned,Website,54.55
ORD100873,692063,83401,2025-10-09,2025-10-13,1,575.18,0.0,East,Credit Card,Completed,Marketplace,166.12
ORD100874,642011,59930,2025-10-06,2025-10-08,3,2187.22,0.15,East,Debit Card,Completed,Website,68.45
ORD100875,510981,53143,2025-11-11,2025-11-13,1,2744.63,0.0,South,UPI,Completed,Mobile App,48.94
ORD100876,508068,27124,2025-02-28,2025-03-03,2,615.17,0.15,East,PayPal,Returned,Marketplace,108.41
ORD100877,767922,25780,2025-09-14,2025-09-15,1,526.97,0.0,West,Cash on Delivery,Completed,Website,101.3
ORD100878,987249,47907,2025-11-23,2025-11-26,1,3430.76,0.15,Central,Net Banking,Completed,Mobile App,110.44
ORD100879,628210,25780,2026-06-20,2026-06-22,2,526.97,0.0,Central,Credit Card,Completed,Website,67.86
ORD100880,507954,20351,2025-05-01,2025-05-04,2,623.86,0.1,West,Cash on Delivery,Completed,Website,81.3
ORD100881,247829,83401,2025-01-30,2025-01-31,3,575.18,0.0,West,UPI,Completed,Marketplace,129.57
ORD100882,185948,47907,2026-03-04,2026-03-07,2,4036.19,0.0,West,UPI,Completed,Mobile App,71.67
ORD100883,257678,20351,2025-10-01,2025-10-04,1,693.18,0.0,East,UPI,Completed,Website,134.24
ORD100884,247829,88270,2025-12-22,2025-12-25,3,1877.93,0.0,West,Cash on Delivery,Completed,Website,100.59
ORD100885,384876,59930,2025-03-01,2025-03-05,1,2573.2,0.0,Central,Debit Card,Pending,Marketplace,69.67
ORD100886,142839,94616,2025-01-18,2025-01-21,2,1312.5,0.0,South,UPI,Completed,Mobile App,58.76
ORD100887,605121,83876,2026-05-19,2026-05-26,2,1398.68,0.0,North,Credit Card,Completed,Website,107.96
ORD100888,643571,80616,2026-01-20,2026-01-27,1,1326.48,0.0,North,Credit card,Completed,Website,134.39
ORD100889,510981,99553,2026-06-22,2026-06-26,1,541.02,0.0,South,Net Banking,Completed,Mobile App,81.73
ORD100890,748766,83876,2026-01-15,2026-01-19,4,1398.68,0.0,East,Cash on Delivery,Returned,Website,172.04
ORD100891,541876,83876,2025-05-06,2025-05-07,2,1398.68,0.0,South,Credit Card,Completed,Marketplace,168.25
ORD100892,440325,94616,2025-05-15,2025-05-19,5,1312.5,0.0,North,UPI,Completed,Website,85.67
ORD100893,576647,99553,2025-12-14,2025-12-16,2,486.92,0.1,North,Debit Card,Returned,Mobile App,168.31
ORD100894,235450,25046,2025-05-02,2025-05-04,1,271.12,0.0,West,Debit Card,Completed,Mobile App,155.33
ORD100895,502957,80616,2025-05-02,2025-05-07,4,1326.48,0.0,North,Credit Card,Completed,Mobile App,138.94
ORD100896,418418,25780,2025-12-25,2025-12-28,4,526.97,0.0,North,Credit Card,Completed,Mobile App,115.93
ORD100897,608777,20351,2026-01-08,2026-01-10,1,658.52,0.05,West,Net Banking,Cancelled,Website,106.37
ORD100898,951867,24857,2026-05-22,2026-05-24,3,419.02,0.05,South,UPI,Completed,Mobile App,118.89
ORD100899,941623,25780,2026-02-28,2026-03-04,2,500.62,0.05,South,Credit Card,Completed,Marketplace,89.99
ORD100900,989775,99553,2026-03-23,2026-03-28,1,486.92,0.1,South,Credit Card,Completed,Mobile App,147.05
ORD100901,904239,53143,2025-08-06,2025-08-09, 1 ,2744.63,0.0,East,UPI,Completed,Website,178.75
ORD100902,600728,21754,2025-08-23,2025-08-25,1,1324.39,0.0,North,Cash on Delivery,Completed,Website,134.31
ORD100903,509415,67846,2025-09-29,2025-10-01,1,3994.09,0.0,North,UPI,Completed,Marketplace,80.45
ORD100904,901441,53143,2025-05-10,2025-05-11,2,2607.4,0.05,South,UPI,Cancelled,Marketplace,54.46
ORD100905,778380,59930,2025-09-10,2025-09-08,2,2573.2,0.0,West,Net Banking,Completed,Mobile App,80.01
ORD100906,897209,27124,2025-03-04,2025-03-06,1,,0.05,West,UPI,Completed,Mobile App,131.4
ORD100907,257678,94616,2025-11-22,2025-11-27,2,1115.62,0.15,East,Debit Card,Completed,Mobile App,171.72
ORD100908,510981,59930,2025-04-15,2025-04-18,1,2573.2,0.0,South,UPI,Completed,Marketplace,109.83
ORD100909,294304,43806,2025-03-21,2025-03-23,1,666.92,0.1,North,Credit Card,Completed,Mobile App,168.94
ORD100910,242097,20351,2025-10-23,2025-10-26,1,623.86,0.1,West,Cash on Delivery,Completed,Mobile App,136.75
ORD100911,611527,80616,2025-10-19,2025-10-22,1,1193.83,0.1,South,UPI,Completed,Website,140.04
ORD100912,608777,23723,2026-01-16,2026-01-19,1,494.26,0.0,West,Cash on Delivery,Completed,Website,120.39
ORD100913,283517,20351,2026-05-24,2026-05-29,3,693.18,0.0,South,UPI,Completed,Marketplace,136.03
ORD100914,524628,94616,2025-03-28,2025-04-01,2,1312.5,0.0,East,Credit Card,Completed,Website,124.06
ORD100915,509415,43806,2025-01-06,2025-01-08,2,741.02,0.0,North,Credit Card,Completed,Mobile App,97.05
ORD100916,866195,40374,2025-02-28,2025-03-05,2,595.65,0.15,West,UPI,Completed,Website,175.59
ORD100917,277121,83401,2025-10-10,2025-10-14,1,517.66,0.1,South,Credit Card,Completed,Website,41.05
ORD100918,677266,88270,2025-10-19,2025-10-23,1,1877.93,0.0,Central,Credit Card,Completed,Mobile App,99.31
ORD100919,718525,59930,2025-08-27,2025/08/29,4,2187.22,0.15,West,Net Banking,Completed,Website,93.9
ORD100920,499200,20351,2025-06-10,2025-06-15,1,693.18,0.0,North,UPI,Completed,Mobile App,170.37
ORD100921,784164,79501,2025-06-07,2025-06-10,1,3635.51,0.0,North,UPI,Cancelled,Website,162.42
ORD100922,488226,67846,2025-07-20,2025-07-22,1,3794.39,0.05,South,PayPal,Completed,Mobile App,72.28
ORD100923,644114,23723,2026-04-11,14-Apr-2026,1,494.26,0.0,Central,UPI,Completed,Mobile App,67.04
ORD100924,164634,53143,2025-02-17,2025-02-19,3,2470.17,0.1,West,UPI,Completed,Marketplace,69.86
ORD100925,948367,40374,05-13-2025,2025-05-20,3,700.76,0.0,South,Debit Card,Completed,Mobile App,134.15
ORD100926,800293,94616,2025-11-09,2025-11-10,3,1181.25,0.10,North,Debit Card,Completed,Mobile App,41.72
ORD100927,221705,79501,2026-03-28,2026-04-02,2,3271.96,0.1,West,UPI,Completed,Website,66.48
ORD100928,122935,40374,2026-05-30,2026-05-31,1,665.72,0.05,West,Cash on Delivery,Completed,Website,151.18
ORD100929,158076,20351,2025-09-12,2025-09-19,4,623.86,0.1,South,Debit Card,Completed,Website,49.03
ORD100930,459160,25780,2026-01-04,2026-01-07,1,447.92,0.15,West,Net Banking,Completed,Mobile App,163.14
ORD100931,360759,88270,2026-05-19,2026-05-22,2,1690.14,0.1,West,Credit Card,Completed,Website,151.62
ORD100932,982841,27124,2025-12-21,24-Dec-2025,2,651.36,0.1,Central,Credit Card,Completed,Mobile App,134.19
ORD100933,243466,39430,2026-03-21,2026-03-24,1,1747.36,0.0,West,Cash on Delivery,Completed,Mobile App,138.23
ORD100934,372970,23723,2025-08-11,2025-08-14,3,444.83,0.1,Central,UPI,Cancelled,Website,76.61
ORD100935,255785,83401,2025-09-20,2025/09/23,2,575.18,0.0,East,UPI,Completed,Mobile App,57.5
ORD100936,235450,53143,2025-07-25,2025-07-30,1,2470.17,0.1,West,Debit Card,Completed,Website,97.87
ORD100937,725952,83876,2025-01-29,2025-01-31,1,1258.81,0.1,North,UPI,Completed,Mobile App,176.98
ORD100938,203145,80616,2025-05-19,2025-05-22,1,,0.0,North,Net Banking,Completed,Website,61.98
ORD100939,550242,40374,2025-05-10,2025-05-12,1,,0.0,South,Credit Card,Completed,Website,169.12
ORD100940,807924,40374,2025-01-25,2025-01-30,2,700.76,0.0,East,PayPal,Completed,Mobile App,36.42
ORD100941,459160,27124,2026-04-27,2026-05-02,1,615.17,0.15,West,Debit Card,Completed,Marketplace,57.56
ORD100942,981656,20351,2025-08-06,2025-08-11,1,693.18,0.0,East,UPI,Completed,Website,94.17
ORD100943,235450,83876,2026-01-08,,1,1398.68,0.0,West,Debit Card,Completed,Mobile App,175.21
ORD100944,311483,79501,2025-01-06,2025-01-09,3,3453.73,0.05,Central,Credit Card,Returned,Website,73.54
ORD100945,941623,20351,2025-12-15,2025-12-20,2,658.52,0.05,South,UPI,Pending,Website,57.63
ORD100946,509415,79501,2025-08-14,2025-08-19,3,3635.51,0.0,North,Net Banking,Completed,Mobile App,46.9
ORD100947,381598,24857,2026-01-20,2026-01-22,1,396.96,0.1,South,Net Banking,Completed,Website,142.92
ORD100948,926948,59930,2025-02-19,2025-02-23,2,2573.2,0.0,South,Cash on Delivery,Completed,Marketplace,163.32
ORD100949,507954,88270,2025-09-29,2025-10-01,3,1877.93,0.0,West,Net Banking,Completed,Marketplace,61.49
ORD100950,866195,53143,2025-08-03,2025-08-07,1,2744.63,0.0,West,UPI,Completed,Mobile App,170.57
ORD100951,836208,27124,2025-10-06,2025-10-10,1,723.73,0.0,South,Debit Card,Completed,Website,51.01
ORD100952,807170,99553,2026-04-29,2026-05-02,2,486.92,0.1,East,UPI,Completed,Website,176.48
ORD100953,529195,23723,2026-05-22,2026-05-24,1,444.83,0.1,South,Credit Card,Completed,Mobile App,135.08
ORD100954,247829,25780,2026-03-05,2026-03-08,1,500.62,0.05,West,Cash on Delivery,Completed,Mobile App,102.05
ORD100955,311483,94616,2025-04-22,2025-04-26,3,1312.5,0.0,Central,Net Banking,Completed,Website,81.04
ORD100956,506712,53143,2025-03-15,2025-03-19,1,2744.63,0.0,North,Cash on Delivery,Pending,Website,85.07
ORD100957,521337,53143,2026-06-15,2026-06-19,1,2744.63,0.0,East,Cash on Delivery,Completed,Website,177.52
ORD100958,262607,83401,2026-01-02,2026-01-04,1,575.18,0.0,South,Debit Card,Completed,Mobile App,151.4
ORD100959,510981,40374,2025-11-28,2025-12-01,1,595.65,0.15,South,Credit Card,Pending,Website,46.74
ORD100960,551603,67846,2025-12-06,2025-12-10,3,269.01,0.1,East,Cash on Delivery,Returned,Marketplace,95.13
ORD100961,670233,59930,2026-05-08,2026-05-09,1,2444.54,0.05,South,Net Banking,Completed,Mobile App,118.63
ORD100962,509415,50462,2025-05-23,2025-05-25,1,161.17,0.0,North,Credit Card,Completed,Marketplace,167.13
ORD100963,510981,83401,2025-07-22,2025-07-26,1,517.66,0.1,South,UPI,Completed,Website,87.99
ORD100964,670233,96270,2026-01-04,2026-01-08,2,338.51,0.05,South ,Debit Card,Cancelled,Website,59.25
ORD100965,279421,67846,2025-06-26,2025-06-28,2,3195.27,0.2,North,Credit Card,Completed,Mobile App,51.77
ORD100966,764915,67846,2026-02-20,2026-02-22,1,3994.09,0.0,North,Cash on Delivery,Completed,Website,78.73
ORD100967,551603,83876,2025-02-23,2025-02-26,1,1398.68,0.0,East,Debit Card,Completed,Mobile App,80.18
ORD100968,521337,20351,2026-02-04,2026-02-07,2,693.18,0.0,East,UPI,Completed,Website,88.44
ORD100969,559636,59930,2026-01-04,2026-01-07,1,2573.2,0.0,South,Net Banking,Completed,Mobile App,68.17
ORD100970,627277,80616,2026-04-16,2026-04-19,1,1326.48,0.0,West,UPI,Completed,Mobile App,166.69
ORD100971,510981,47907,2025-12-22,2025-12-25,1,3834.38,0.05,South,Debit Card,Completed,Marketplace,178.88
ORD100972,624404,50462,2026-05-16,2026-05-19,1,161.17,0.0,North,Cash on Delivery,Cancelled,Marketplace,59.47
ORD100973,733053,40374,2025-10-15,2025-10-20,2,630.68,0.1,Central,UPI,Completed,Website,123.31
ORD100974,767922,59930,2026-05-25,2026-05-28,1,2573.2,0.0,West,Credit Card,Completed,Marketplace,51.66
ORD100975,545153,47907,2025-04-19,2025-04-21,1,4036.19,0.0,East,Cash on Delivery,Completed,Mobile App,72.01
ORD100976,453136,80616,2026-01-07,2026-01-11,3,1260.16,0.05,East,UPI,Completed,Website,108.28
ORD100977,212394,67846,2025-11-12,2025-11-14,1,3994.09,0.0,West,UPI,Completed,Mobile App,91.0
ORD100978,488226,59930,2026-02-25,2026-02-26,1,2573.2,0.0,South,UPI,Completed,Mobile App,62.67
ORD100979,733053,67846,2025-06-19,2025-06-20,2,3794.39,0.05,Central,UPI,Cancelled,Website,111.94
ORD100980,648631,59930,2026-06-30,2026-07-03,2,2573.2,0.0,North,UPI,Completed,Mobile App,124.14
ORD100981,938019,94616,2025-12-08,2025-12-12,1,1312.5,0.0,South,Cash on Delivery,Completed,Website,167.61
ORD100982,603177,59930,2025-10-31,2025-11-03,4,2573.2,0.0,South ,Credit Card,Completed,Website,173.86
ORD100983,883666,53143,2026-05-07,2026-05-09,1,2744.63,0.0,North,Net Banking,Completed,Website,46.46
ORD100984,345398,40374,2026-01-18,2026-01-20,1,700.76,0.0,South,UPI,Completed,Mobile App,81.61
ORD100985,504504,83876,27/05/2025,2025-05-31,2,1398.68,0.0,South,Cash on Delivery,Completed,Marketplace,174.92
ORD100986,249215,59930,2026-05-22,2026-05-26,2,2573.2,0.0,South,PayPal,Completed,Website,52.38
ORD100987,629979,27124,2025-10-03,2025-10-07,1,723.73,0.0,South,Debit Card,Completed,Mobile App,87.81
ORD100988,506712,24857,2025-12-11,2025-12-14,3,441.07,0.0,North,Credit Card,Completed,Website,74.15
ORD100989,547445,43806,2025-04-24,2025-04-28,2,741.02,0.0,West,Net Banking,Completed,Marketplace,65.47
ORD100990,510981,99553,2025-09-19,2025-09-24,4,541.02,0.0,South,Net Banking,Completed,Mobile App,50.86
ORD100991,192777,23723,2025-08-18,2025-08-22,2,494.26,0.0,East,UPI,Cancelled,Website,77.98
ORD100992,363683,28009,2025-11-16,2025-11-17,1,186.01,0.0,West,UPI,Pending,Marketplace,79.94
ORD100993,532996,28009,2026-05-27,2026-05-29,1,186.01,0.0,South,UPI,Pending,Marketplace,159.59
ORD100994,715785,80616,2026-06-28,2026-07-03,3,1326.48,0.0,South,Net Banking,Pending,Website,48.24
ORD100995,257678,80616,2025/11/08,2025-11-11,4,1193.83,0.1,East,Cash on Delivery,Completed,Website,139.9
ORD100996,590270,79501,2025-02-19,2025-02-21,1,3635.51,0.0,West,UPI,Completed,Marketplace,90.82
ORD100997,814369,96270,2025-07-24,2025-07-25,1,356.33,0.0,North,UPI,Completed,Mobile App,50.61
ORD100998,510981,83401,2026-02-13,2026-02-15,1,546.42,0.05,South,Net Banking,Completed,Mobile App,57.5
ORD100999,372970,39430,2025-12-01,2025-12-03,5,1397.89,0.2,Central,Debit Card,Completed,Marketplace,108.89
ORD101000,417546,20351,2025-05-04,2025-05-07,3,693.18,0.0,North,UPI,Completed,Website,79.59
ORD101001,918245,59930,17/09/2025,2025-09-24,1,2573.2,0.0,South,Debit Card,Completed,Marketplace,64.92
ORD101002,962018,23723,2026-05-13,2026-05-15,1,494.26,0.0,North,Net Banking,Completed,Website,63.23
ORD101003,886175,88270,2025-12-01,2025-12-06,1,1877.93,0.0,west,UPI,Completed,Mobile App,135.04
ORD101004,678199,90725,2026-05-06,2026-05-09,1,441.07,0.0,West,UPI,Completed,Mobile App,82.26
ORD101005,576647,40374,2025-02-15,2025-02-16,4,630.68,0.1,North,Credit Card,Completed,Website,103.51
ORD101006,608777,83401,2026-03-27,2026-03-28,2,575.18,0.0,West,UPI,Completed,Website,89.35
ORD101007,994768,25046,2025-12-26,2025-12-29,2,271.12,0.0,East,UPI,Completed,Website,50.68
ORD101008,179644,88270,2025-05-08,2025-05-10,1,1784.03,0.05,West,Debit Card,Completed,Website,106.17
ORD101009,459974,23723,2026-05-22,2026-05-23,3,494.26,0.0,North,Debit Card,Completed,Mobile App,146.74
ORD101010,624404,47907,14/01/2025,2025-01-19,1,4036.19,0.0,North,Credit Card,Completed,Mobile App,118.3
ORD101011,782094,20351,2026-05-06,2026-05-08,1,623.86,0.1,West,UPI,Completed,Mobile App,39.94
ORD101012,935164,43806,2025-08-20,2025-08-24,1,703.97,0.05,East,UPI,Completed,Website,134.04
ORD101013,634991,88270,2025-03-25,2025-03-29,2,1877.93,0.0,West,Net Banking,Completed,Website,133.46
ORD101014,545153,59930,2025-05-28,2025-06-01,1,2058.56,0.2,East,Net Banking,Pending,Website,110.67
ORD101015,632863,96270,2025-05-29,2025-05-29,1,356.33,0.0,South,Cash on Delivery,Cancelled,Mobile App,138.9
ORD101016,156175,88270,2025-10-14,2025-10-18,2,1877.93,0.0,South,UPI,Completed,Mobile App,179.09
ORD101017,761892,24857,2025-07-01,2025-07-02,1,441.07,0.0,South,Debit Card,Completed,Mobile App,90.97
ORD101018,784164,39430,2026-04-22,2026-04-27,1,1747.36,0.0,North,Debit Card,Completed,Mobile App,76.7
ORD101019,894878,80616,2025-03-06,2025-03-09,2,1326.48,0.0,North,Cash on Delivery,Completed,Mobile App,91.79
ORD101020,996075,80616,2025/12/27,2025-12-30,2,1260.16,0.05,West,Cash on Delivery,Completed,Mobile App,63.28
ORD101021,935164,21754,2025-08-26,2025-08-28,2,1324.39,0.0,East,Cash on Delivery,Completed,Mobile App,37.24
ORD101022,519562,20351,2025-05-29,2025-05-30,3,623.86,0.1,East,UPI,Completed,Mobile App,105.07
ORD101023,634991,80616,2025-12-21,2025-12-22,1,1260.16,0.05,West,Debit Card,Completed,Website,166.72
ORD101024,883666,83876,2025-11-17,2025-11-20,1,1398.68,0.0,North,Debit Card,Completed,Marketplace,61.65
ORD101025,459160,88270,2025-09-26,2025-10-01,1,1877.93,0.0,West,UPI,Completed,Marketplace,85.75
ORD101026,148259,47907,2025-09-16,2025-09-18,1,3632.57,0.1,Central,UPI,Completed,Website,52.09
ORD101027,384876,59930,2026-03-15,2026-03-16,1,2573.2,0.0,Central,Debit Card,Returned,Mobile App,53.02
ORD101028,509415,23723,2025-06-14,2025-06-16,2,420.12,0.15,North,PayPal,Completed,Website,40.42
ORD101029,559636,53143,2025-10-08,2025-10-09,2,2607.4,0.05,South,Net Banking,Completed,Marketplace,164.02
ORD101030,586025,25780,2025/08/10,2025-08-12,1,526.97,0.0,North,Net Banking,Returned,Marketplace,149.62
ORD101031,670233,39430,2026-05-25,2026-05-28,2,1572.62,0.1,South,UPI,Completed,Website,88.25
ORD101032,648309,83401,2025-08-06,2025-08-10,2,575.18,0.0,West,UPI,Completed,Mobile App,49.4
ORD101033,611527,50462,2025-12-04,2025-12-06,4,161.17,0.0,South,PayPal,Returned,Website,39.47
ORD101034,410822,47907,2026-02-28,2026-03-03,1,3430.76,0.15,South,Cash on Delivery,Completed,Website,158.51
ORD101035,593800,99553,2025-06-17,2025-06-21,1,541.02,0.0,Central,Net Banking,Returned,Mobile App,73.15
ORD101036,555985,94616,2025-07-07,,2,1312.5,0.10,East,UPI,Completed,Website,157.29
ORD101037,522520,75277,2025-06-24,2025-06-27,1,235.33,0.0,South,Credit Card,Completed,Website,171.95
ORD101038,962018,53143,2026-03-01,2026-03-06,1,2744.63,0.0,North,Debit Card,Cancelled,Mobile App,88.67
ORD101039,509415,28009,2025-12-11,2025-12-13,1,167.41,0.1,North,Cash on Delivery,Completed,Mobile App,110.67
ORD101040,311118,79501,2025-04-01,2025-04-06,1,3635.51,0.0,West,Cash on Delivery,Completed,Website,178.73
ORD101041,926948,24857,2025-01-28,2025-02-01,1,396.96,0.1,South,PayPal,Cancelled,Mobile App,130.79
ORD101042,510981,23723,2026-03-11,2026-03-16,1,494.26,0.0,South,Net Banking,Completed,Mobile App,70.66
ORD101043,287271,99553,2025-08-22,2025-08-24,1,513.97,0.05,East,UPI,Completed,Mobile App,149.29
ORD101044,152294,59930,2025-12-25,2025-12-27,1,2573.2,0.0,West,Cash on Delivery,Pending,Website,139.24
ORD101045,509415,96270,2025-05-04,2025-05-07,2,356.33,0.0,North,Debit Card,Pending,Marketplace,57.42
ORD101046,763304,83876,2025-11-12,2025-11-16,1,1398.68,0.0,West,UPI,Completed,Mobile App,57.6
ORD101047,507954,67846,2025-07-19,2025-07-23,2,3794.39,0.05,West,Cash on Delivery,Completed,Website,136.27
ORD101048,832149,28009,2025-11-14,2025-11-17,4,176.71,0.05,South,UPI,Completed,Website,100.84
ORD101049,410216,23723,2025-02-06,2025-02-07,1,494.26,0.0,South,PayPal,Completed,Marketplace,161.11
ORD101050,126317,59930,2025-09-20,2025-09-23,1,2315.88,0.1,South,UPI,Pending,Marketplace,127.27
ORD101051,537950,23723,2026-03-12,2026-03-16,999,469.55,0.05,East,Net Banking,Completed,Mobile App,61.89
ORD101052,256842,59930,2025-12-23,2025-12-30,3,2573.2,0.0,Central,UPI,Completed,Website,168.76
ORD101053,901934,25780,2025-09-18,2025-09-20,2,474.27,0.1,East,Cash on Delivery,Completed,Mobile App,149.23
ORD101054,156175,23723,2026-06-13,2026-06-15,1,444.83,0.1,South,Net Banking,Completed,Website,166.07
ORD101055,,83876,2025-08-27,2025-08-31,2,1188.88,0.15,North,UPI,Completed,Marketplace,74.06
ORD101056,485707,23723,2025-08-27,2025-08-29,1,494.26,0.0,West,UPI,Completed,Mobile App,78.23
ORD101057,508068,20351,2025-10-29,2025-11-02,1,623.86,0.1,East,Debit Card,Completed,Website,146.93
ORD101058,620517,67846,2025-06-25,2025-06-27,1,3994.09,0.0,East,Credit Card,Completed,Website,84.55
ORD101059,259621,75277,2026-06-29,2026-07-02,1,211.8,0.1,East,Debit Card,Returned,Website,55.34
ORD101060,987249,28009,2025/04/30,2025-05-04,3,186.01,0.0,Central,UPI,Completed,Website,169.31
ORD101061,247829,20351,2025-04-06,2025-04-04,1,693.18,0.0,West,Debit Card,Completed,Mobile App,76.76
ORD101062,962018,83401,2025-08-20,2025-08-24,1,575.18,0.0,North,UPI,Completed,Mobile App,134.2
ORD101063,667162,40374,2025-11-23,2025-11-27,3,595.65,0.15,North,Cash on Delivery,Completed,Mobile App,36.78
ORD101064,670968,79501,2025-04-28,2025-05-01,1,3635.51,0.0,South,UPI,Completed,Website,115.89
ORD101065,901934,25780,2025-11-30,2025-12-04,1,500.62,0.05,East,UPI,Completed,Website,95.17
ORD101066,719643,79501,2026-06-29,2026-06-30,1,3635.51,0.0,West,UPI,Pending,Website,133.13
ORD101067,601640,40374,2025-04-17,2025-04-20,2,700.76,0.0,East,Debit Card,Pending,Website,102.54
ORD101068,128960,24857,2025-09-13,2025-09-13,1,396.96,0.1,South,Net Banking,Cancelled,Mobile App,177.48
ORD101069,178580,67846,2026-04-17,2026-04-18,2,3594.68,0.1,South,Cash on Delivery,Completed,Marketplace,44.55
ORD101070,440325,79501,2025-01-24,2025-01-29,2,3271.96,0.1,North,Cash on Delivery,Completed,Marketplace,36.07
ORD101071,889450,83401,2025-03-14,2025-03-18,1,575.18,0.0,South,Debit Card,Pending,Website,83.75
ORD101072,904239,94616,2025-04-19,2025-04-22,2,1312.5,0.0,East,Credit Card,Completed,Website,92.35
ORD101073,545153,23723,2025-04-14,2025-04-16,1,420.12,0.15,East,UPI,Completed,Website,175.03
ORD101074,301833,99553,2026-05-31,2026-06-02,2,541.02,0.0,West,Credit Card,Pending,Mobile App,159.9
ORD101075,235450,59930,2025-01-31,2025-02-03,4,2573.2,0.0,West,Debit Card,Completed,Website,90.28
ORD101076,509415,99553,2025-10-11,2025-10-15,5,432.82,0.2,North,Credit Card,Completed,Marketplace,50.34
ORD101077,715785,67846,2025-03-02,2025-03-04,1,3394.98,0.15,South,Cash on Delivery,Completed,Mobile App,157.13
ORD101078,832149,20351,2025-08-15,2025-08-18,1,693.18,0.0,South,UPI,Completed,Mobile App,67.38
ORD101079,221705,59930,2025-06-25,2025-06-26,1,2058.56,0.2,West,UPI,Returned,Website,92.94
ORD101080,451923,99553,2026-06-03,2026-06-06,2,513.97,0.05,West,Net Banking,Completed,Website,118.75
ORD101081,221705,80616,2025-11-18,2025-11-21,1,1127.51,0.15,West,Credit Card,Pending,Mobile App,129.61
ORD101082,948367,20351,2025-06-20,2025-06-24,1,693.18,0.0,South,UPI,Completed,Marketplace,122.19
ORD101083,677266,39430,2025-06-17,2025-06-20,1,1572.62,0.1,Central,Credit Card,Completed,Marketplace,57.97
ORD101084,519562,67846,2025-10-14,2025-10-18,1,3994.09,0.0,East,UPI,Completed,Website,129.73
ORD101085,506712,53143,2025-12-14,2025-12-16,1,2470.17,0.1,North,PayPal,Completed,Marketplace,113.47
ORD101086,908789,47907,2025-02-19,2025-02-20,1,3632.57,0.1,West,UPI,Completed,Website,117.99
ORD101087,938019,20351,2025-01-06,2025-01-11,1,693.18,0.0,South,Credit Card,Completed,Mobile App,95.15
ORD101088,550242,53143,2025-11-17,2025-11-19,4,2470.17,0.1,South,UPI,Cancelled,Mobile App,149.7
ORD101089,851135,80616,2026-05-20,2026-05-23,1,1193.83,0.1,South,Net Banking,Completed,Website,88.95
ORD101090,717322,67846,2025-07-20,2025-07-25,1,3794.39,0.05,North,UPI,Completed,Website,124.97
ORD101091,669378,53143,2025-03-07,08/03/2025,3,2744.63,0.0,Central,Cash on Delivery,Completed,Website,125.97
ORD101092,710265,25046,2025-03-06,2025-03-08,3,244.01,0.1,North,Debit Card,Completed,Mobile App,146.26
ORD101093,608777,80616,2025-03-26,2025-03-31,4,1326.48,0.0,West,Credit Card,Completed,Mobile App,112.8
ORD101094,981656,21754,2025-07-25,2025-07-30,2,1324.39,0.0,East,UPI,Completed,Marketplace,115.68
ORD101095,983344,43806,2025-08-22,2025/08/25,2,741.02,0.0,North,UPI,Completed,Mobile App,137.13
ORD101096,287271,99553,2025-11-02,2025-11-05,3,486.92,0.1,East,Net Banking,Completed,Mobile App,109.39
ORD101097,555985,20351,2026-02-10,2026-02-13,4,623.86,0.1,East,Credit Card,Completed,Mobile App,140.17
ORD101098,836208,79501,2026-02-28,2026-03-07,4,3635.51,0.0,South,Net Banking,Completed,Website,121.57
ORD101099,534430,59930,2026-04-16,2026-04-19,3,2573.2,0.0,West,Credit Card,Completed,Website,90.42
ORD101100,257678,59930,2025-06-20,2025-06-23,2,2444.54,0.05,East,UPI,Completed,Mobile App,38.05
ORD101101,951867,67846,2025-11-11,2025-11-14,5,3594.68,0.1,South,UPI,Completed,Marketplace,99.19
ORD101102,408371,25780,2025-03-06,2025-03-08,1,500.62,0.05,South,Debit Card,Completed,Mobile App,107.75
ORD101103,715785,83401,2025-11-09,2025-11-14,5,460.14,0.2,South,Net Banking,Completed,Mobile App,153.34
ORD101104,681114,20351,2026-05-15,2026-05-20,1,693.18,0.0,North,UPI,Completed,Mobile App,157.04
ORD101105,715785,59930,2025-10-10,2025-10-13,2,2573.2,0.0,South,UPI,Completed,Marketplace,78.36
ORD101106,646411,20351,2025-12-18,2025-12-22,1,693.18,0.0,North,Cash on Delivery,Returned,Mobile App,125.72
ORD101107,509415,96270,2026-01-01,2026-01-03,1,356.33,0.0,North,Cash on Delivery,Completed,Mobile App,130.79
ORD101108,677266,79501,2026-02-10,2026-02-15,1,3635.51,0.0,Central,Debit Card,Completed,Mobile App,91.4
ORD101109,800130,25780,2026-06-07,2026-06-12,1,447.92,0.15,North,Debit Card,Returned,Marketplace,156.74
ORD101110,934103,20351,2025-01-28,2025-02-02,1,658.52,0.05,West,Credit Card,Completed,Website,139.42
ORD101111,849738,80616,2026-05-29,2026-06-02,1,1326.48,0.0,East,UPI,Completed,Website,74.84
ORD101112,235450,27124,2025-08-18,2025-08-20,1,723.73,0.0,West,Net Banking,Pending,Website,179.26
ORD101113,537858,59930,2025-06-22,2025-06-25,1,2187.22,0.15,Central,Credit Card,Completed,Mobile App,70.17
ORD101114,142839,67846,2025-11-17,2025-11-19,1,3794.39,0.05,South,Net Banking,Completed,Website,136.06
ORD101115,886175,20351,2026-03-14,2026-03-16,1,693.18,0.0,Central,Credit Card,Completed,Website,95.46
ORD101116,901441,67846,2026-02-14,2026-02-15,1,3994.09,0.0,South,UPI,Completed,Website,47.19
ORD101117,507954,79501,2025-02-03,,3,3635.51,0.0,West,Credit Card,Completed,Website,92.12
ORD101118,832149,53143,2026-02-24,2026-03-03,1,2744.63,0.0,South,UPI,Cancelled,Mobile App,125.87
ORD101119,578458,23723,2025-02-19,2025-02-20,2,469.55,0.05,West,Net Banking,Completed,Website,177.88
ORD101120,410043,25046,2025-09-16,2025-09-19,2,271.12,0.0,North,Debit Card,Completed,Mobile App,166.6
ORD101121,565558,21754,2026-05-29,2026-06-03,2,1324.39,0.0,North,Debit Card,Completed,Mobile App,50.17
ORD101122,652250,79501,2026-04-22,2026-04-24,1,3271.96,0.1,North,Credit Card,Completed,Website,155.37
ORD101123,510981,25780,2025-04-06,2025-04-10,2,500.62,0.05,South,UPI,Completed,Marketplace,83.95
ORD101124,715785,23723,2026-04-23,2026-04-27,1,494.26,0.0,South,Debit Card,Returned,Website,56.65
ORD101125,648631,88270,2025-10-28,2025-11-01,1,1784.03,0.05,North,Credit Card,Completed,Marketplace,42.6
ORD101126,752183,79501,2025-06-06,2025-06-08,3,3635.51,0.0,Central,Credit Card,Completed,Mobile App,122.63
ORD101127,752183,43806,2026-01-01,2026-01-04,1,629.87,0.15,Central,Cash on Delivery,Completed,Mobile App,145.37
ORD101128,600728,83876,2026-05-11,2026-05-12,3,1398.68,0.0,North,Net Banking,Completed,Mobile App,123.73
ORD101129,876105,23723,2025-11-19,2025-11-23,1,395.41,0.2,East,Credit Card,Completed,Website,113.95
ORD101130,247829,79501,2025-05-12,2025-05-19,1,3453.73,0.05,West,Cash on Delivery,Completed,Marketplace,129.46
ORD101131,996075,59930,2025-03-12,2025-03-17,1,2315.88,0.1,West,Debit Card,Completed,Mobile App,166.29
ORD101132,379886,79501,2026-04-07,2026-04-10,2,3271.96,0.1,West,PayPal,Completed,Marketplace,116.88
ORD101133,787474,80616,2025-03-19,2025-03-26,1,1260.16,0.05,South,Credit Card,Completed,Website,45.63
ORD101134,666877,47907,2025-04-28,2025-04-29,1,4036.19,0.0,East,Cash on Delivery,Completed,Website,124.74
ORD101135,485707,25780,2025-08-13,2025-08-14,1,474.27,0.1,South ,Credit Card,Pending,Website,128.91
ORD101136,724264,25780,2025-07-28,2025-08-04,1,474.27,0.1,North,UPI,Completed,Mobile App,56.1
ORD101137,643571,23723,2025-11-17,2025-11-19,1,469.55,0.05,North,UPI,Pending,Mobile App,143.97
ORD101138,247829,80616,2025-11-23,2025-11-25,1,1260.16,0.05,West,Credit Card,Returned,Website,43.87
ORD101139,541876,67846,2025-07-07,2025-07-12,2,3994.09,0.0,South,Cash on Delivery,Completed,Mobile App,100.69
ORD101140,717322,99553,2025-04-14,2025-04-19,2,541.02,0.0,North,UPI,Completed,Website,91.81
ORD101141,715785,80616,2025-04-02,2025-04-06,1,1260.16,0.05,South,Cash on Delivery,Completed,Mobile App,43.41
ORD101142,648844,59930,2025-08-21,2025-08-23,4,2187.22,0.15,West,Debit Card,Completed,Website,41.73
ORD101143,155485,39430,2025-11-17,2025-11-21,1,1572.62,0.1,West,Debit Card,Returned,Mobile App,101.34
ORD101144,807924,25780,2025-01-30,2025-02-03,1,526.97,0.0,East,UPI,Completed,Mobile App,125.36
ORD101145,889427,67846,2025-09-12,2025-09-14,3,3994.09,0.0,North,UPI,Returned,Marketplace,69.76
ORD101146,859034,24857,2025-04-29,2025-05-01,1,374.91,0.10,North,Cash on Delivery,Completed,Website,100.62
ORD101147,126201,94616,2025-03-27,2025-03-31,3,1246.88,0.05,West,UPI,Completed,Website,40.41
ORD101148,257381,43806,2026-04-03,2026-04-06,1,741.02,0.0,North,Cash on Delivery,Completed,Website,124.79
ORD101149,601488,83401,2025-12-22,2025-12-26,3,575.18,0.0,South,Cash on Delivery,Completed,Website,41.91
ORD101150,648844,27124,2026-04-23,2026-04-28,1,723.73,0.0,West,Credit Card,Cancelled,Marketplace,75.5
ORD101151,311118,25780,2025-06-30,2025-07-02,1,526.97,0.0,West,UPI,Completed,Website,74.03
ORD101152,156175,53143,2025-03-12,2025-03-19,1,2332.94,0.15,South,Cash on Delivery,Completed,Marketplace,62.57
ORD101153,635958,99553,2025-11-11,2025-11-16,2,541.02,0.0,North,PayPal,Completed,Mobile App,130.5
ORD101154,951867,25780,2025-01-07,2025-01-10,1,474.27,0.1,South,UPI,Returned,Marketplace,48.34
ORD101155,488226,67846,2025-07-25,2025-08-01,3,3994.09,0.0,South,Credit Card,Completed,Mobile App,104.88
ORD101156,710265,39430,2026-03-23,2026-03-27,2,1572.62,0.1,North,Cash on Delivery,Completed,Website,79.13
ORD101157,981656,79501,2025-05-18,2025-05-21,1,3453.73,0.05,East,Cash on Delivery,Completed,Mobile App,90.33
ORD101158,459160,20351,2025-07-01,2025-07-06,1,693.18,0.0,West,Credit Card,Completed,Mobile App,63.34
ORD101159,941623,79501,2025-02-26,2025-02-27,1,2908.41,0.2,South,Net Banking,Completed,Mobile App,170.97
ORD101160,301355,83401,2026-02-25,2026-03-02,1,575.18,0.0,North,PayPal,Cancelled,Mobile App,103.05
ORD101161,442850,80616,2025-02-01,2025-02-04,1,1326.48,0.0,East,Debit Card,Completed,Website,57.06
ORD101162,958204,23723,2025-03-30,2025-04-02,1,444.83,0.1,South,Cash on Delivery,Cancelled,Mobile App,109.54
ORD101163,507954,53143,2025-12-03,2025-12-07,1,2744.63,0.0,West,Cash on Delivery,Completed,Website,147.75
ORD101164,300385,28009,2026-03-20,2026-03-22,3,148.81,0.2,West,Net Banking,Returned,Website,122.88
ORD101165,681114,27124,2026-04-19,2026-04-20,1,723.73,0.0,North,PayPal,Completed,Website,129.66
ORD101166,611527,24857,2025-03-11,2025-03-12,1,441.07,0.0,South,Credit Card,Completed,Mobile App,46.64
ORD101167,861788,79501,2026-06-13,2026-06-15,1,3635.51,0.0,South,UPI,Completed,Mobile App,100.45
ORD101168,634280,79501,2025-05-27,2025-05-30,4,3453.73,0.05,South,Credit Card,Returned,Mobile App,119.21
ORD101169,257678,96857,2025-02-19,2025-02-22,2,951.7,0.1,W,COD,Completed,Mobile App,164.62
ORD101170,382701,94616,2025-03-19,2025-03-22,4,1115.62,0.15,West,Net Banking,Completed,Website,153.66
ORD101171,453136,99553,2025-08-14,2025-08-16,1,541.02,0.0,East,Credit Card,Completed,Marketplace,158.41
ORD101172,255785,43806,2025-12-09,2025-12-11,2,741.02,15 %,East,Net Banking,Completed,Website,133.92
ORD101173,719823,20351,2025-08-18,2025-08-22,2,658.52,0.05,South,PayPal,Completed,Marketplace,129.4
ORD101174,192777,96270,2026-05-20,2026-05-25,1,338.51,0.05,East,PayPal,Pending,Website,126.71
ORD101175,151040,67846,2025-08-27,2025-08-30,3,3994.09,0.0,South,Credit Card,Completed,Website,153.54
ORD101176,519562,23723,2025-10-12,2025-10-16,1,469.55,0.05,East,Credit Card,Pending,Website,114.87
ORD101177,235450,40374,2025-05-01,2025-05-03,1,700.76,0.0,West,UPI,Completed,Mobile App,71.61
ORD101178,608777,20351,2025-11-13,2025-11-20,1,554.54,0.2,West,UPI,Cancelled,Marketplace,61.3
ORD101179,255785,80616,2025-09-24,2025-09-26,1,1326.48,0.0,East,Net Banking,Completed,Mobile App,153.7
ORD101180,638474,59930,2025-12-20,2025-12-22,2,2573.2,0.0,West,Net Banking,Completed,Mobile App,137.63
ORD101181,257678,67846,2026-04-12,2026-04-16,1,3794.39,0.05,East,Net Banking,Returned,Website,46.63
ORD101182,418418,25046,2025-10-20,2025-10-23,1,244.01,0.1,North,UPI,Pending,Mobile App,179.69
ORD101183,468957,67846,2026-05-05,2026-05-09,1,3994.09,0.0,West,PayPal,Completed,Marketplace,122.9
ORD101184,203145,83876,2025-12-01,2025-12-04,2,1258.81,0.1,North,Net Banking,Returned,Website,115.48
ORD101185,934103,67846,02/02/2025,2025-02-05,1,3994.09,0.0,West,UPI,Completed,Mobile App,98.24
ORD101186,863492,67846,2025-02-26,2025-02-27,2,3994.09,0.0,Central,Credit Card,Completed,Mobile App,162.6
ORD101187,996075,24857,2025-03-16,2025-03-17,1,441.07,0.0,West,Net Banking,Completed,Marketplace,63.27
ORD101188,257678,43806,2025-12-25,2025-12-26,1,629.87,0.15,East,UPI,Completed,Website,104.18
ORD101189,681114,99553,2025-07-24,2025-07-28,5,541.02,0.0,North,Cash on Delivery,Completed,Mobile App,80.57
ORD101190,177793,83401,2025-11-07,2025-11-10,3,575.18,0.0,West,UPI,Completed,Marketplace,69.53
ORD101191,709183,20351,2025-12-23,2025-12-26,1,623.86,0.1,West,Net Banking,Completed,Marketplace,105.13
ORD101192,411950,39430,2026-02-03,2026-02-06,4,1572.62,0.1,West,UPI,Completed,Marketplace,101.61
ORD101193,951867,27124,2025-11-04,2025-11-09,1,723.73,0.0,South,Credit Card,Completed,Website,98.82
ORD101194,733053,67846,2025-09-06,2025-09-09,1,3594.68,0.1,Central,Net Banking,Completed,Marketplace,160.47
ORD101195,989775,83401,2026-01-31,2026-02-03,3,517.66,0.1,South,UPI,Completed,Website,84.16
ORD101196,311483,75277,2025-05-14,2025-05-17,2,235.33,0.0,Central,Credit Card,Completed,Marketplace,105.66
ORD101197,372970,59930,2026-04-13,2026-04-15,1,2444.54,0.05,South,Debit Card,Completed,Mobile App,174.79
ORD101198,463496,43806,2025-08-31,2025-09-03,1,741.02,0.0,South,PayPal,Pending,Website,174.93
ORD101199,620517,20351,2025-02-20,2025-02-23,1,658.52,0.05,East,Credit Card,Completed,Website,42.26
ORD101200,541876,59930,2025-03-31,2025-04-02,3,2573.2,0.0,South,UPI,Completed,Marketplace,117.69
ORD101201,794251,79501,2026-05-18,2026-05-20,5,3271.96,0.1,North,UPI,Completed,Website,48.07
ORD101202,679329,27124,2026-05-13,2026-05-20,2,651.36,0.1,Central,Debit Card,Completed,Website,79.09
ORD101203,126201,43806,2025-11-16,,2,666.92,0.1,West,Debit Card,Completed,Marketplace,93.22
ORD101204,678199,53143,2025-09-11,2025-09-15,2,2607.4,0.05,West,Credit Card,Completed,Marketplace,92.25
ORD101205,142839,24857,2025-05-01,2025-05-04,1,419.02,0.05,South,Cash on Delivery,Completed,Mobile App,99.73
ORD101206,889450,23723,2025-09-23,2025-09-24,3,444.83,0.1,South,UPI,Returned,Website,119.55
ORD101207,727246,79501,2026-06-24,2026-06-26,3,3635.51,0.0,West,PayPal,Completed,Mobile App,139.78
ORD101208,545153,21754,2025-02-08,2025-02-11,2,1324.39,0.0,East,Credit Card,Completed,Website,148.15
ORD101209,499200,25780,2025-11-07,2025-11-11,1,526.97,0.0,North,Cash on Delivery,Completed,Website,56.27
ORD101210,221868,24857,2026-04-09,2026-04-12,1,441.07,0.0,North,UPI,Completed,Marketplace,113.78
ORD101211,596578,23723,2025-02-28,2025-03-02,1,494.26,0.0,Central,UPI,Completed,Marketplace,117.47
ORD101212,555985,67846,2025-02-19,2025-02-22,2,3994.09,0.0,East,Cash on Delivery,Completed,Website,137.42
ORD101213,152294,53143,2025-11-09,2025-11-11,1,2470.17,0.1,West,UPI,Completed,Marketplace,72.83
ORD101214,,80616,2026-01-20,2026-01-22,1,1127.51,0.15,North,Debit Card,Completed,Website,47.84
ORD101215,509415,80616,2026-02-19,2026-02-21,1,1326.48,0.0,North,Credit Card,Pending,Website,55.06
ORD101216,521337,23723,2025-02-21,2025-02-24,1,494.26,0.0,East,Credit Card,Completed,Mobile App,53.45
ORD101217,188494,75277,2025-07-03,2025-07-05,1,235.33,0.0,Central,Debit Card,Completed,Website,160.2
ORD101218,259621,99553,2026-04-15,2026-04-19,2,541.02,0.0,East,Credit Card,Completed,Website,160.7
ORD101219,223768,83876,2026/04/26,2026-04-27,1,1398.68,0.0,Central,Credit Card,Completed,Marketplace,145.3
ORD101220,764915,83876,2025-07-25,2025-07-30,1,1398.68,0.0,North,UPI,Completed,Mobile App,136.19
ORD101221,459160,83401,2025-09-22,2025-09-26,3,546.42,0.05,West,UPI,Completed,Mobile App,83.57
ORD101222,510981,80616,2025-08-19,2025-08-23,3,1260.16,0.05,South,UPI,Completed,Website,156.75
ORD101223,764915,67846,2026-01-29,2026-01-31,3,3994.09,0.0,North,UPI,Completed,Mobile App,101.38
ORD101224,440325,83401,2025-08-28,2025/09/01,1,517.66,0.1,North,Cash on Delivery,Completed,Marketplace,109.85
ORD101225,384876,67846,2026-02-04,2026-02-09,1,3994.09,0.0,Central,Cash on Delivery,Completed,Website,136.21
ORD101226,590465,67846,2025-11-16,20/11/2025,1,3394.98,0.15,West,Debit Card,Completed,Mobile App,138.11
ORD101227,634991,67846,2025-08-30,2025-09-01,1,3594.68,0.1,West,UPI,Completed,Mobile App,171.41
ORD101228,832149,96270,2025-04-13,2025-04-16,1,302.88,0.15,South,UPI,Pending,Marketplace,167.19
ORD101229,142839,83401,2025-11-09,2025-11-11,1,575.18,0.0,South,PayPal,Completed,Website,83.87
ORD101230,418418,96270,2025-11-23,2025-11-25,1,356.33,0.0,North,Credit Card,Completed,Mobile App,160.59
ORD101231,996075,59930,2026-01-30,2026-02-01,4,2573.2,0.0,West,Credit Card,Cancelled,Website,140.12
ORD101232,243466,80616,2026-06-10,2026-06-11,2,1193.83,0.1,West,UPI,Completed,Mobile App,145.91
ORD101233,529195,94616,2025-11-12,2025-11-19,1,1246.88,0.05,South,PayPal,Completed,Mobile App,167.29
ORD101234,256842,40374,2025-12-26,2025-12-31,1,700.76,0.0,Central,Cash on Delivery,Completed,Website,110.46
ORD101235,215684,96270,2025-10-19,2025-10-26,5,302.88,0.15,South,Credit Card,Completed,Website,167.0
ORD101236,752183,21754,2026-06-11,2026-06-13,1,1324.39,0.0,Central,UPI,Completed,Mobile App,59.83
ORD101237,323509,28009,2025-11-14,2025-11-16,1,176.71,0.05,East,Cash on Delivery,Returned,Mobile App,119.67
ORD101238,235450,25780,2026-04-02,2026-04-04,1,526.97,0.0,west,UPI,Cancelled,Website,179.23
ORD101239,255785,53143,17/06/2025,2025-06-19,2,2607.4,0.05,East,COD,Completed,Mobile App,84.9
ORD101240,989775,20351,2026-03-15,2026-03-19,2,693.18,0.0,South,UPI,Completed,Website,54.39
ORD101241,642011,43806,2025-03-18,2025-03-22,2,741.02,0.0,East,Credit Card,Returned,Marketplace,46.41
ORD101242,328394,99553,2025-01-20,2025-01-23,1,541.02,0.0,South,COD,Completed,Mobile App,121.05
ORD101243,499200,88270,2025-03-01,2025-03-05,1,1877.93,0.0,North,Credit Card,Returned,Website,44.67
ORD101244,920802,25046,2025-09-30,2025-10-03,1,244.01,0.1,Central,Debit Card,Pending,Mobile App,72.76
ORD101245,941623,99553,2025-07-25,2025-07-27,1,459.87,0.15,South,UPI,Completed,Website,127.54
ORD101246,652250,28009,2025-06-06,2025-06-09,1,186.01,0.0,North,Net Banking,Completed,Mobile App,73.18
ORD101247,203676,23723,2026-05-30,2026-06-02,1,494.26,0.0,Central,Debit Card,Completed,Mobile App,126.1
ORD101248,800130,53143,2025-10-28,2025-11-01,1,2744.63,0.0,North,UPI,Completed,Mobile App,138.3
ORD101249,235450,20351,2025-08-14,2025-08-18,2,693.18,0.0,West,Credit Card,Completed,Website,38.55
ORD101250,821239,67846,2025-10-21,2025-10-23,1,3794.39,0.05,South,UPI,Completed,Mobile App,69.83
ORD101251,840889,25780,2025-12-17,2025-12-19,1,474.27,0.1,North,Net Banking,Completed,Mobile App,61.06
ORD101252,908789,83401,2025-08-14,2025-08-16,1,517.66,0.1,West,Cash on Delivery,Pending,Mobile App,171.16
ORD101253,670233,21754,2025-06-20,2025-06-23,1,1258.17,0.05,South,UPI,Completed,Mobile App,177.25
ORD101254,767922,67846,2026-01-01,2026-01-05,1,3394.98,0.15,West,Debit Card,Completed,Website,107.01
ORD101255,545153,94616,2026-02-27,2026-03-01,3,1181.25,0.1,East,PayPal,Completed,Website,60.23
ORD101256,177793,94616,2025-07-21,2025-07-23,1,1312.5,0.0,West,Credit Card,Completed,Mobile App,96.95
ORD101257,748766,83876,19/10/2025,2025-10-23,1,1398.68,0.0,East,Net Banking,Completed,Website,142.68
ORD101258,897209,20351,2025-06-30,2025-07-04,1,693.18,0.0,West,UPI,Completed,Website,54.1
ORD101259,375259,79501,2025-08-31,2025-09-02,1,3635.51,0.0,Central,Debit Card,Completed,Marketplace,98.03
ORD101260,508068,83401,2026-03-28,2026-03-30,3,488.9,0.15,East,UPI,Completed,Marketplace,75.92
ORD101261,989740,96270,2026-06-25,2026-06-26,1,356.33,0.0,East,UPI,Completed,Mobile App,113.95
ORD101262,894372,40374,2025-06-07,2025-06-09,1,700.76,0.0,Central,Net Banking,Completed,Website,172.77
ORD101263,301355,53143,2025-03-22,2025-03-26,1,2744.63,0.0,North,Cash on Delivery,Completed,Mobile App,94.14
ORD101264,938019,50462,2025-01-03,2025-01-04,2,153.11,0.05,South,UPI,Completed,Website,154.55
ORD101265,666877,59930,2025-06-05,2025-06-08,4,2573.2,0.0,East,Net Banking,Completed,Website,134.69
ORD101266,188494,96857,2025-12-01,2025-12-03,1,1057.45,0.0,Central,Cash on Delivery,Cancelled,Website,89.62
ORD101267,508068,79501,2025-10-15,18/10/2025,1,3090.18,0.15,East,UPI,Cancelled,Website,38.57
ORD101268,509415,25780,2025-08-07,2025-08-09,1,526.97,0.0,North,UPI,Returned,Mobile App,76.87
ORD101269,634991,25046,2025-12-28,2026-01-04,1,244.01,0.1,West,Net Banking,Pending,Website,50.15
ORD101270,509415,94616,2025-10-21,2025-10-24,1,1312.5,0.0,North,Net Banking,Completed,Marketplace,94.97
ORD101271,381598,80616,2025-03-04,2025-03-06,1,1260.16,0.05,South,PayPal,Returned,Marketplace,149.47
ORD101272,996075,47907,2025-01-17,2025-01-20,1,3228.95,0.2,West,Debit Card,Completed,Marketplace,79.42
ORD101273,941623,94616,2025-11-03,2025-11-06,1,1181.25,0.1,South,UPI,Completed,Mobile App,169.19
ORD101274,287271,67846,2025-03-15,2025-03-16,2,3994.09,0.0,East,UPI,Completed,Marketplace,158.21
ORD101275,287271,67846,2025-07-18,2025-07-22,1,3994.09,0.0,East,PayPal,Completed,Website,122.86
ORD101276,571242,94616,2025-04-28,2025-05-02,2,1115.62,0.15,Central,UPI,Completed,Marketplace,168.35
ORD101277,507954,25046,2026-01-11,2026-01-15,2,271.12,0.0,West,Credit Card,Completed,Website,150.46
ORD101278,502910,80616,2025-07-24,2025-07-27,2,1193.83,0.1,North,PayPal,Completed,Mobile App,109.26
ORD101279,265020,27124,2025-11-25,2025-11-27,1,578.98,0.2,South,UPI,Completed,Marketplace,51.37
ORD101280,816732,79501,2025-01-17,2025-01-20,2,3635.51,0.0,East,Net Banking,Completed,Mobile App,42.81
ORD101281,592020,23723,2026-01-08,2026-01-11,1,494.26,0.0,East,Credit Card,Completed,Mobile App,115.1
ORD101282,582439,27124,18/12/2025,2025-12-21,3,687.54,0.05,West,Credit Card,Completed,Mobile App,78.47
ORD101283,929482,99553,2026-02-03,2026-02-07,1,486.92,0.1,Central,UPI,Completed,Marketplace,35.13
ORD101284,634991,25780,2025-04-07,2025-04-08,3,474.27,0.1,West,UPI,Completed,Website,79.68
ORD101285,897209,88270,2025-04-07,2025-04-11,4,1690.14,0.1,West,Net Banking,Completed,Website,141.3
ORD101286,510981,94616,2025-05-28,2025-05-30,1,1312.5,0.0,South,UPI,Completed,Mobile App,146.85
ORD101287,510981,47907,2025-07-29,2025-08-02,3,4036.19,0.0,South,UPI,Completed,Mobile App,139.97
ORD101288,521337,20351,2025-12-25,2025-12-27,5,693.18,0.0,East,Net Banking,Completed,Mobile App,44.51
ORD101289,232362,25046,2026-02-26,2026-02-27,1,244.01,0.1,South,PayPal,Pending,Mobile App,61.41
ORD101290,815331,47907,2025-05-24,2025-05-28,3,3632.57,0.1,West,UPI,Completed,Mobile App,134.15
ORD101291,792467,67846,2026-04-15,2026-04-22,3,3994.09,0.0,South,Credit Card,Completed,Website,44.15
ORD101292,508068,25780,2025-02-19,2025-02-22,3,526.97,0.0,East,Credit Card,Completed,Mobile App,83.66
ORD101293,889427,40374,2025-05-13,2025-05-16,1,700.76,0.0,North,UPI,Completed,Website,62.41
ORD101294,919927,99553,2026-05-25,2026-05-28,5,513.97,0.05,North,Credit Card,Completed,Website,138.8
ORD101295,828898,24857,2025-07-24,2025-07-29,1,396.96,0.1,Central,Credit Card,Completed,Website,109.67
ORD101296,666877,25780,2026-03-15,2026-03-16,1,500.62,0.05,East,PayPal,Completed,Website,159.86
ORD101297,707415,25780,2025-07-06,2025-07-07,1,526.97,0.0,North,Cash on Delivery,Returned,Mobile App,103.87
ORD101298,547445,59930,2026-04-11,2026-04-13,3,2573.2,0.0,West,Credit Card,Completed,Mobile App,159.02
ORD101299,391959,28009,2026-05-25,2026-05-30,1,186.01,0.0,North,Credit Card,Completed,Mobile App,54.51
ORD101300,357370,47907,2025-10-26,2025-10-29,1,4036.19,0.0,South,UPI,Completed,Mobile App,53.21
ORD101301,385111,28009,2025-12-25,2025-12-29,2,176.71,0.05,North,Debit Card,Completed,Website,109.46
ORD101302,784164,80616,2025-07-15,2025-07-19,1,1326.48,0.0,North,Credit Card,Pending,Mobile App,152.34
ORD101303,291348,80616,22-Mar-2025,2025-03-24,2,1193.83,0.1,North,Debit Card,Completed,Mobile App,122.13
ORD101304,959389,96270,2025-08-05,2025-08-06,2,356.33,0.0,North,Net Banking,Completed,Mobile App,46.19
ORD101305,455093,67846,2025-02-06,2025-02-10,1,3994.09,0.0,South,UPI,Completed,Marketplace,97.35
ORD101306,578302,28009,2026-05-04,2026-05-06,1,186.01,0.0,Central,UPI,Completed,Mobile App,43.73
ORD101307,807170,67846,2026-06-19,2026-06-23,1,3994.09,0.0,East,Credit Card,Completed,Marketplace,67.75
ORD101308,509415,25780,2025-12-23,2025-12-26,1,526.97,0.0,North,UPI,Completed,Website,136.32
ORD101309,410043,67846,2025-12-11,2025-12-14,1,3994.09,0.0,North,UPI,Completed,Mobile App,129.26
ORD101310,335484,79501,2026-02-24,2026-02-26,2,3453.73,0.05,East,Net Banking,Completed,Website,83.75
ORD101311,989740,83876,2026-01-20,2026-01-23,1,1258.81,0.1,East,UPI,Returned,Website,96.82
ORD101312,418418,23723,2025-12-03,2025-12-07,2,395.41,0.2,North,UPI,Completed,Website,79.55
ORD101313,800485,99553,2025-03-25,2025-03-27,2,541.02,0.0,South,UPI,Completed,Mobile App,54.07
ORD101314,994768,59930,2025-09-09,2025-09-11,1,2573.2,0.0,East,UPI,Completed,Mobile App,67.82
ORD101315,578302,79501,2025-07-31,2025-08-04,3,3635.51,0.0,Central,UPI,Returned,Website,56.78
ORD101316,353016,59930,2025-05-22,2025-05-29,1,2187.22,0.15,North,UPI,Completed,Website,148.98
ORD101317,499200,79501,2025-09-19,2025-09-26,3,3635.51,0.0,SOUTH,Credit Card,Completed,Website,110.35
ORD101318,607287,40374,2026-06-29,2026-07-04,5,595.65,0.15,South,Net Banking,Completed,Mobile App,157.49
ORD101319,508068,59930,2026-03-14,2026-03-16,2,2444.54,0.05,East,UPI,Completed,Website,109.96
ORD101320,989226,53143,2025-07-23,2025-07-28,2,2195.7,0.2,West,Cash on Delivery,Completed,Website,144.6
ORD101321,249215,53143,2025-01-13,2025-01-16,1,2744.63,0.0,South,UPI,Completed,Mobile App,141.55
ORD101322,357370,59930,2025-01-15,2025-01-16,1,2573.2,0.0,South,Debit Card,Cancelled,Mobile App,139.12
ORD101323,715785,83401,2025-11-17,2025-11-20,1,488.9,0.15,South,UPI,Completed,Website,158.6
ORD101324,545153,80616,2025-11-19,2025-11-23,1,1193.83,0.1,East,Cash on Delivery,Completed,Marketplace,81.58
ORD101325,632863,23723,2025-06-03,2025-06-06,2,494.26,0.0,South,UPI ,Completed,Mobile App,169.31
ORD101326,765325,23723,2025-07-22,2025-07-23,1,494.26,0.0,West,UPI,Completed,Website,133.23
ORD101327,709183,47907,2025-11-12,2025-11-14,1,3834.38,0.05,West,Cash on Delivery,Cancelled,Marketplace,39.53
ORD101328,118976,67846,2026-04-10,2026-04-13,1,3794.39,0.05,East,PayPal,Completed,Marketplace,124.62
ORD101329,509415,59930,2025-05-13,2025-05-18,2,2573.2,0.0,North,Credit Card,Pending,Marketplace,66.67
ORD101330,752183,39430,2025-01-28,2025-01-31,1,1747.36,0.0,Central,UPI,Completed,Mobile App,94.71
ORD101331,508068,80616,2025-02-01,2025-02-03,2,1326.48,0.0,East,Credit Card,Pending,Mobile App,154.27
ORD101332,666877,20351,2026-03-20,2026-03-23,1,693.18,0.0,East,UPI,Pending,Marketplace,131.03
ORD101333,335484,28009,2025-11-14,2025-11-18,1,186.01,0.0,East,Credit Card,Cancelled,Website,106.47
ORD101334,520596,79501,2025-04-02,2025-04-04,4,3453.73,0.05,West,UPI,Completed,Mobile App,131.37
ORD101335,235450,25046,2025-11-07,,1,271.12,0.0,West,Cash on Delivery,Returned,Website,131.14
ORD101336,156175,99553,2025-08-03,2025-08-04,3,541.02,0.0,South,Cash on Delivery,Completed,Website,158.67
ORD101337,677266,23723,2025-08-22,2025-08-29,2,494.26,0.0,Central,Credit Card,Pending,Website,78.19
ORD101338,419328,96857,2025-04-05,2025-04-09,1,1057.45,0.0,South,Net Banking,Completed,Website,51.27
ORD101339,200920,20351,2025-08-08,2025-08-10,2,693.18,0.0,East,UPI,Completed,Mobile App,55.28
ORD101340,989775,67846,2025-05-28,2025-05-30,1,3994.09,0.0,South,Debit Card,Completed,Website,81.78
ORD101341,752183,23723,2025-06-29,2025-07-04,1,494.26,0.0,Central,Credit Card,Completed,Website,44.17
ORD101342,379886,23723,2026-04-27,2026-05-04,1,494.26,0.0,East,Net Banking,Completed,Website,110.81
ORD101343,792467,96857,2026-04-18,2026-04-22,2,898.83,0.15,South,UPI,Completed,Marketplace,102.13
ORD101344,553490,53143,2025-12-20,2025-12-23,2,2744.63,0.0,West,Net Banking,Completed,Mobile App,125.97
ORD101345,951867,20351,2025-09-10,2025-09-14,2,693.18,0.0,South,Credit Card,Completed,Marketplace,140.25
ORD101346,455093,79501,2025-08-28,2025-08-31,4,3453.73,0.05,Central,Debit Card,Returned,Mobile App,87.93
ORD101347,886175,20351,2025-11-26,2025-11-29,4,693.18,0.0,Central,Credit Card,Completed,Website,114.94
ORD101348,600728,20351,2026-04-06,,1,623.86,0.1,North,Credit Card,Returned,Website,177.46
ORD101349,634991,67846,2025-09-02,2025-09-09,2,3794.39,0.05,West,Debit Card,Completed,Mobile App,120.67
ORD101350,804884,83401,2025-12-22,2025-12-25,1,575.18,0.0,South,UPI,Completed,Marketplace,36.18
ORD101351,510981,21754,2026-01-19,2026-01-23,1,1324.39,0.0,South,UPI,Completed,Mobile App,97.8
ORD101352,344759,25780,2025-06-26,,4,421.58,0.2,Central,Debit Card,Completed,Mobile App,63.69
ORD101353,996075,88270,2025-05-10,2025-05-15,1,1596.24,0.15,West,Credit Card,Returned,Marketplace,172.14
ORD101354,863492,24857,2026-05-12,2026-05-15,1,419.02,0.05,Central,Credit Card,Completed,Website,105.8
ORD101355,764915,83401,2026-01-07,2026-01-09,4,575.18,0.0,North,UPI,Completed,Mobile App,93.38
ORD101356,236024,79501,2026-01-07,2026-01-11,1,3271.96,0.1,North,Net Banking,Cancelled,Marketplace,47.8
ORD101357,794251,23723,2025-08-13,2025-08-20,1,494.26,0.0,North,Debit Card,Completed,Website,179.2
ORD101358,608777,83876,2026-01-02,2026/01/04,1,1328.75,0.05,West,Credit Card,Completed,Marketplace,143.68
ORD101359,509415,59930,2025-09-30,2025-10-02,2,2573.2,0.0,North,Cash on Delivery,Returned,Mobile App,140.79
ORD101360,767922,67846,2025-03-17,2025-03-18,1,3195.27,0.2,West,Credit Card,Completed,Website,112.35
ORD101361,724264,59930,2025-01-23,2025-01-26,3,2058.56,0.2,North,Net Banking,Completed,Website,169.03
ORD101362,942802,25046,12-02-2025,2025-12-07,1,230.45,0.15,East,Net Banking,Cancelled,Website,117.49
ORD101363,407648,23723,2025-06-26,2025-06-29,1,444.83,0.1,North,UPI,Completed,Mobile App,130.41
ORD101364,203145,99553,2026-01-03,2026-01-06,2,541.02,0.0,North,Credit Card,Completed,Website,156.23
ORD101365,100900,59930,2025-05-28,2025-05-29,1,2315.88,0.1,North,UPI,Completed,Mobile App,118.12
ORD101366,573059,23723,2025-11-15,2025-11-22,2,444.83,0.1,West,Cash on Delivery,Completed,Mobile App,40.85
ORD101367,678199,59930,2025-11-22,2025-11-25,3,2187.22,0.15,West,Cash on Delivery,Completed,Marketplace,60.55
ORD101368,506712,83401,2026-06-05,2026-06-07,1,575.18,0.0,North,UPI,Completed,Mobile App,44.83
ORD101369,301355,53143,2025-03-20,2025-03-22,3,2470.17,0.1,North,UPI,Completed,Mobile App,114.55
ORD101370,918245,20351,2025-11-27,2025-12-01,2,693.18,0.0,South,UPI,Completed,Mobile App,100.58
ORD101371,382701,25780,2025-05-28,2025-06-01,1,474.27,0.1,West,UPI,Returned,Mobile App,102.22
ORD101372,740696,47907,2025-11-14,2025-11-19,2,3632.57,0.1,North,Cash on Delivery,Completed,Marketplace,43.67
ORD101373,459160,20351,2025-11-20,2025-11-23,1,693.18,0.0,SOUTH,Credit Card,Completed,Website,125.17
ORD101374,782094,96857,2026-05-20,2026-05-23,1,898.83,0.15,West,Credit Card,Completed,Website,55.05
ORD101375,752183,99553,2025-11-15,2025-11-17,4,541.02,0.0,Central,Cash on Delivery,Completed,Website,129.57
ORD101376,962018,40374,2025-12-16,2025-12-18,2,595.65,0.15,North,Cash on Delivery,Completed,Website,76.7
ORD101377,407648,43806,2026-01-20,2026-01-25,1,703.97,0.05,North,Credit Card,Completed,Mobile App,115.79
ORD101378,291348,23723,2025-06-12,2025-06-19,3,444.83,15 %,North,Net Banking,Completed,Website,142.34
ORD101379,629730,28009,2025-10-26,2025-10-30,1,158.11,0.15,West,UPI,Completed,Website,130.87
ORD101380,509415,98850,05-06-2026,2026-05-08,1,176.71,0.05,North,UPI,Cancelled,Mobile App,142.24
ORD101381,200363,39430,2026-05-30,2026-06-04,1,,0.0,East,PayPal,Completed,Website,91.32
ORD101382,264049,94616,2025-03-02,2025-03-06,1,1246.88,0.05,North,UPI,Completed,Mobile App,174.48
ORD101383,756713,80616,2025-10-08,2025-10-13,2,1260.16,0.05,West,UPI,Completed,Website,111.6
ORD101384,265020,80616,2025-03-14,2025-03-15,1,1326.48,0.0,South,Credit Card,Completed,Mobile App,94.22
ORD101385,,59930,2025-11-11,2025-11-14,2,2573.2,0.0,North,Net Banking,Completed,Website,93.02
ORD101386,752183,25780,2025-06-10,2025-06-17,1,526.97,0.0,Central,UPI,Completed,Website,78.02
ORD101387,459974,80616,2025-10-19,2025-10-22,2,1193.83,0.1,North,Debit Card,Completed,Website,93.33
ORD101388,576647,23723,2025-06-17,2025-06-21,2,444.83,0.10,North,Debit Card,Completed,Mobile App,138.63
ORD101389,981656,23723,2025-12-02,2025-12-05,1,444.83,0.1,East,UPI,Completed,Website,141.75
ORD101390,670233,39430,2025-05-21,2025-05-26,1,1747.36,0.0,South,UPI,Completed,Mobile App,156.29
ORD101391,263148,27124,2025-08-04,2025-08-08,1,723.73,0.0,North,Credit Card,Completed,Mobile App,140.48
ORD101392,989775,53143,2025-08-30,2025-09-01,1,2470.17,0.1,South,UPI,Completed,Website,118.51
ORD101393,792467,47907,2025-11-12,2025-11-15,1,3834.38,0.05,South,UPI,Completed,Website,173.99
ORD101394,488226,53143,2025-02-05,2025-02-08,2,2607.4,0.05,South,Cash on Delivery,Cancelled,Marketplace,66.06
ORD101395,851135,83876,2025-02-13,2025-02-16,1,1328.75,0.05,South,UPI,Completed,Website,151.5
ORD101396,919927,20351,2026-01-18,2026-01-23,1,693.18,0.0,North,Cash on Delivery,Completed,Mobile App,123.97
ORD101397,367193,94616,2025-11-25,2025-11-30,1,1181.25,0.1,South,Debit Card,Completed,Mobile App,105.3
ORD101398,459974,21754,2025-05-12,2025-05-13,1,1324.39,0.0,North,Debit Card,Pending,Mobile App,91.66
ORD101399,761301,88270,2025-05-28,2025-05-31,3,1877.93,0.0,West,UPI,Completed,Mobile App,63.24
ORD101400,203676,59930,2026-05-24,2026-05-31,3,2573.2,0.0,Central,Credit Card,Completed,Website,70.64
ORD101401,509415,79501,2025-04-19,2025-04-26,3,3090.18,0.15,North,UPI,Completed,Marketplace,88.9
ORD101402,813405,21754,2025-08-03,2025-08-04,4,1324.39,0.0,South,PayPal,Completed,Marketplace,117.43
ORD101403,215684,80616,2025-07-27,2025-07-31,1,1326.48,0.0,South,Credit Card,Returned,Mobile App,80.76
ORD101404,520596,96857,2025-02-06,2025-02-11,1,898.83,0.15,West,UPI,Returned,Marketplace,139.58
ORD101405,901934,25046,2026-02-17,2026-02-20,2,257.56,0.05,East,Debit Card,Completed,Mobile App,90.32
ORD101406,247829,88270,2025-05-10,2025-05-17,5,1877.93,0.0,West,Debit Card,Completed,Website,39.09
ORD101407,554250,20351,2025-11-28,2025-11-29,2,693.18,0.0,South,Credit Card,Completed,Mobile App,174.1
ORD101408,511918,25780,2025-06-02,2025-06-06,1,526.97,0.0,North,Debit Card,Returned,Marketplace,52.02
ORD101409,550242,25780,2025-06-05,2025-06-07,1,474.27,0.1,South,Credit Card,Completed,Mobile App,48.79
ORD101410,408371,79501,2025-12-04,2025-12-07,1,3635.51,0.0,South,Cash on Delivery,Returned,Mobile App,126.61
ORD101411,502910,99553,2025-04-03,2025-04-06,2,459.87,0.15,North,UPI,Completed,Mobile App,154.01
ORD101412,586025,40374,2025-02-04,2025-02-09,2,630.68,0.1,North,Net Banking,Completed,Website,51.08
ORD101413,607287,25780,2026-02-12,2026-02-16,1,447.92,0.15,Central,Credit Card,Completed,Marketplace,178.78
ORD101414,568342,25780,2025-10-08,2025-10-10,3,526.97,0.0,North,Debit Card,Completed,Website,158.93
ORD101415,507954,40374,2025-08-22,2025-08-29,1,700.76,0.0,West,UPI,Completed,Website,172.73
ORD101416,256842,75277,2025-06-17,2025-06-18,2,,0.0,Central,Debit Card,Completed,Marketplace,147.55
ORD101417,164634,23723,2025-11-18,2025-11-21,1,494.26,0.0,West,Cash on Delivery,Cancelled,Website,98.74
ORD101418,532996,80616,2025-12-30,2026-01-02,1,1260.16,0.05,South,Debit Card,Cancelled,Mobile App,80.6
ORD101419,508068,96857,2026-01-15,2026-01-17,3,1057.45,0.0,East,UPI,Completed,Mobile App,35.84
ORD101420,784164,83401,2025-03-12,2025-03-15,1,575.18,0.0,North,Debit Card,Cancelled,Website,179.54
ORD101421,908789,40374,2025-01-02,2025-01-07,1,700.76,0.0,West,PayPal,Completed,Website,132.82
ORD101422,510981,25780,2026-04-05,2026-04-09,1,474.27,0.1,South,UPI,Completed,Website,176.41
ORD101423,133215,88270,2025-03-09,2025-03-16,1,1877.93,0.0,South,PayPal,Completed,Marketplace,95.01
ORD101424,384470,23723,2026-05-26,2026-05-29,2,444.83,0.1,West,Debit Card,Returned,Website,90.82
ORD101425,752183,88270,2025-12-02,2025-12-06,2,1690.14,0.1,Central,UPI,Completed,Marketplace,61.87
ORD101426,223768,20351,2026-01-13,2026-01-16,1,693.18,0.0,Central,UPI,Completed,Mobile App,49.56
ORD101427,555985,23723,2025-08-18,2025-08-21,1,494.26,0.0,East,Credit Card,Completed,Mobile App,102.65
ORD101428,451873,27124,2025-11-21,2025-11-25,3,723.73,0.0,North,UPI,Completed,Website,166.59
ORD101429,670233,23723,2025-01-13,2025-01-17,2,494.26,0.0,South,Debit Card,Completed,Website,119.78
ORD101430,357370,43806,2025-05-17,2025-05-21,1,741.02,0.0,South,UPI,Completed,Mobile App,133.81
ORD101431,315743,80616,2026-02-27,2026-03-01,2,1260.16,0.05,East,UPI,Completed,Marketplace,123.07
ORD101432,670233,80616,2025-12-04,2025-12-11,1,1326.48,0.0,South,Debit Card,Pending,Website,157.18
ORD101433,486108,83401,2025-01-27,,1,517.66,0.1,West,Debit Card,Completed,Marketplace,176.92
ORD101434,248652,80616,2026-04-09,2026-04-12,1,1326.48,0.0,South,Net Banking,Completed,Mobile App,127.78
ORD101435,593800,53143,2025-05-01,2025-05-04,2,2744.63,0.0,Central,UPI,Completed,Website,41.6
ORD101436,353016,53143,2025-08-09,2025-08-11,1,2470.17,0.1,North,Credit Card,Completed,Website,115.08
ORD101437,508068,50462,2026-06-25,2026-06-30,1,161.17,0.0,East,Cash on Delivery,Completed,Website,44.49
ORD101438,710265,83401,2026-03-10,2026-03-13,1,546.42,0.05,North,Net Banking,Completed,Website,112.36
ORD101439,311118,59930,2026-01-27,2026-01-28,1,2573.2,0.0,West,UPI,Completed,Website,142.02
ORD101440,807170,59930,2025-07-07,2025-07-11,1,2573.2,0.0,East,Debit Card,Completed,Marketplace,144.1
ORD101441,511918,20351,2026-03-28,2026-04-04,1,589.2,0.15,North,UPI,Completed,Website,64.65
ORD101442,634828,83876,2025-02-17,2025-02-24,1,1328.75,0.05,North,Credit Card,Pending,Website,167.51
ORD101443,152294,53143,2026-01-05,09/01/2026,1,2470.17,0.1,West,UPI,Completed,Mobile App,155.84
ORD101444,578458,25046,2026-06-02,2026-06-05,1,257.56,0.05,West,Cash on Delivery,Completed,Website,85.18
ORD101445,507954,83876,2025-04-23,2025-04-26,3,1328.75,0.05,West,Cash on Delivery,Returned,Marketplace,44.19
ORD101446,459160,59930,2025-09-27,2025-09-30,1,2573.2,0.0,West,Cash on Delivery,Completed,Website,116.01
ORD101447,559636,20351,2025-07-11,2025-07-13,3,554.54,0.2,South,PayPal,Completed,Website,133.84
ORD101448,941623,79501,2025-02-07,2025-02-10,3,3271.96,0.1,South,PayPal,Cancelled,Website,47.57
ORD101449,156175,59930,2025-10-12,2025-10-15,1,2187.22,0.15,South,Credit Card,Completed,Marketplace,141.6
ORD101450,942012,47907,2025-06-25,2025-06-26,1,3632.57,0.1,West,Credit Card,Returned,Marketplace,153.31
ORD101451,198081,25046,2026-02-14,2026-02-15,2,271.12,0.0,South,UPI,Completed,Marketplace,91.7
ORD101452,756713,43806,2025-07-29,2025-08-01,4,703.97,0.05,West,UPI,Completed,Website,95.83
ORD101453,996075,83401,2025-09-05,09-08-2025,3,575.18,0.0,West,UPI,Completed,Website,113.69
ORD101454,821239,43806,2025-06-25,2025-06-28,2,703.97,0.05,South,Credit Card,Pending,Website,102.63
ORD101455,156175,79501,2025-07-06,,4,3635.51,0.0,South,UPI,Completed,Website,98.06
ORD101456,300385,79501,2025-10-25,2025-10-29,1,2908.41,0.2,West,UPI,Completed,Website,114.29
ORD101457,715785,47907,2026-01-14,2026-01-17,1,4036.19,0.0,South,UPI,Completed,Mobile App,65.54
ORD101458,454529,80616,2025-01-22,2025-01-24,1,1326.48,0.0,West,Cash on Delivery,Completed,Mobile App,120.4
ORD101459,837919,80616,2026-02-13,2026-02-16,1,1326.48,0.0,South,Net Banking,Completed,Marketplace,117.23
ORD101460,156175,67846,2025-10-27,2025-11-01,1,3394.98,0.15,South,UPI,Completed,Website,139.44
ORD101461,604773,40374,2025-12-17,2025-12-19,3,665.72,0.05,Central,UPI,Completed,Website,146.47
ORD101462,311118,20351,2025-04-06,2025-04-08,1,658.52,0.05,West,Credit Card,Completed,Website,61.79
ORD101463,710265,47907,2025-05-31,2025-06-03,3,4036.19,0.0,North,Debit Card,Cancelled,Mobile App,138.57
ORD101464,989794,25046,2025-01-16,2025-01-17,1,271.12,0.0,West,UPI,Completed,Website,89.44
ORD101465,578458,53143,2025-03-05,2025-03-06,1,2744.63,0.0,West,UPI,Completed,Mobile App,96.58
ORD101466,221868,75277,2026-04-05,2026-04-07,1,211.8,0.1,North,PayPal,Returned,Marketplace,128.69
ORD101467,996075,88270,2025-06-13,2025-06-17,4,1877.93,0.0,West,UPI,Completed,Marketplace,177.0
ORD101468,901441,88270,2025-06-04,2025-06-06,2,1690.14,0.1,South,Cash on Delivery,Completed,Mobile App,63.82
ORD101469,613386,23723,2025-12-25,2025-12-28,1,469.55,0.05,West,Debit Card,Completed,Website,117.09
ORD101470,634828,53143,2025-11-27,2025-12-01,2,2607.4,0.05,North,UPI,Pending,Website,167.39
ORD101471,488226,80616,2026-05-19,2026-05-22,1,1193.83,0.1,South,Credit Card,Completed,Mobile App,43.65
ORD101472,300385,59930,2026-04-16,2026-04-19,1,2573.2,0.0,West,UPI,Completed,Mobile App,71.1
ORD101473,568955,96857,2025-12-01,2025-12-02,1,1057.45,0.0,South,Cash on Delivery,Completed,Website,87.02
ORD101474,492901,53143,2025-07-06,2025-07-09,1,2744.63,0.0,South,UPI,Pending,Mobile App,104.42
ORD101475,996075,83876,02-Nov-2025,2025-11-07,3,1118.94,0.2,West,Credit Card,Completed,Website,79.04
ORD101476,764915,39430,2026-01-29,2026-02-01,1,1747.36,0.0,North,UPI,Completed,Website,122.57
ORD101477,521337,20351,2026-02-09,2026-02-12,1,658.52,0.05,East,UPI,Completed,Mobile App,96.2
ORD101478,573059,39430,2025-11-05,2025-11-07,4,1747.36,0.0,West,Cash on Delivery,Completed,Website,144.21
ORD101479,833912,53143,2026-06-12,2026-06-15,2,2470.17,0.1,North,Credit Card,Pending,Mobile App,92.65
ORD101480,887590,80616,2026-01-06,2026-01-09,1,1193.83,0.1,North,PayPal,Cancelled,Marketplace,149.56
ORD101481,511918,67846,01/01/2026,2026-01-06,1,3794.39,0.05,North,PayPal,Completed,Mobile App,178.54
ORD101482,730472,83401,2025-04-08,2025-04-12,1,546.42,0.05,West,Credit Card,Completed,Mobile App,87.66
ORD101483,608777,99553,2025-01-23,2025-01-24,1,513.97,0.05,West,Net Banking,Completed,Marketplace,44.49
ORD101484,445845,25046,2026-05-13,2026-05-15,1,230.45,0.15,East,Credit Card,Completed,Mobile App,124.26
ORD101485,971601,28009,2025-11-06,2025-11-09,2,158.11,0.15,West,Debit Card,Completed,Marketplace,73.61
ORD101486,996075,96857,2025-12-25,2025-12-27,1,1057.45,0.0,West,UPI,Completed,Marketplace,128.33
ORD101487,375259,79501,2025-01-14,2025-01-16,3,3453.73,0.05,Central,UPI,Cancelled,Mobile App,118.51
ORD101488,242097,80616,2025-11-30,2025-12-03,2,1326.48,0.0,West,Debit Card,Completed,Mobile App,105.44
ORD101489,608777,96857,2025-01-17,,1,951.7,0.1,West,Credit Card,Returned,Marketplace,115.76
ORD101490,507954,27124,2026-01-01,2026-01-05,2,723.73,0.0,West,Debit Card,Pending,Marketplace,40.53
ORD101491,885424,25046,2025-05-03,2025-05-05,2,230.45,0.15,Central,Credit Card,Completed,Marketplace,140.23
ORD101492,996075,53143,2026-06-26,2026-06-29,2,2744.63,0.0,West,Credit Card,Completed,Website,152.16
ORD101493,624404,53143,2025-11-08,2025-11-12,1,2332.94,0.15,North,UPI,Pending,Mobile App,133.02
ORD101494,794251,47907,2026-06-11,2026-06-15,1,4036.19,0.0,North,UPI,Completed,Website,143.08
ORD101495,357370,43806,2025-05-05,2025-05-12,2,741.02,0.0,South,Credit Card,Completed,Mobile App,78.04
ORD101496,328394,20351,2025-04-06,2025-04-09,1,693.18,0.0,South,Credit Card,Returned,Marketplace,83.02
ORD101497,800293,27124,2026-05-07,2026-05-12,1,723.73,0.0,North,UPI,Pending,Website,167.45
ORD101498,255887,83401,2026-03-27,2026-03-30,4,575.18,0.0,North,UPI,Completed,Website,50.22
ORD101499,908789,20351,2025-05-06,2025-05-09,2,623.86,0.1,West,Debit Card,Completed,Website,93.93
ORD101500,883666,67846,2025-07-17,2025-07-24,1,3394.98,0.15,North,UPI,Completed,Marketplace,138.35
ORD101501,565883,47907,2025-07-11,2025-07-15,2,4036.19,0.0,South,UPI,Completed,Website,127.46
ORD101502,265020,20351,2025-08-22,2025-08-25,1,693.18,0.0,South,UPI,Completed,Website,167.49
ORD101503,783204,83401,2026-06-07,2026-06-11,2,575.18,0.0,West,PayPal,Completed,Website,152.64
ORD101504,554250,79501,2026-01-13,2026-01-17,3,3635.51,0.0,South,Net Banking,Completed,Mobile App,60.6
ORD101505,709183,23723,2025-09-27,2025-10-02,3,494.26,0.0,West,Debit Card,Completed,Website,159.15
ORD101506,511918,67846,2026/05/10,2026-05-12,3,3794.39,0.05,North,Debit Card,Completed,Mobile App,143.45
ORD101507,666877,59930,2025-08-31,2025-09-02,1,2573.2,0.0,East,UPI,Completed,Marketplace,50.12
ORD101508,815331,21754,2026-04-06,2026-04-09,1,1324.39,0.0,West,UPI,Completed,Mobile App,169.78
ORD101509,784164,59930,2025-06-24,2025-06-26,1,2573.2,0.0,North,Credit Card,Completed,Mobile App,178.73
ORD101510,928190,99553,2025-11-23,2025-11-27,1,513.97,0.05,North,Net Banking,Pending,Mobile App,148.92
ORD101511,724264,25780,2026-05-04,2026-05-11,1,526.97,0.0,North,UPI,Completed,Marketplace,128.19
ORD101512,509415,80616,2026-03-01,2026-03-03,1,1326.48,0.0,North,Net Banking,Completed,Website,172.22
ORD101513,554250,80616,2025-12-17,2025-12-24,2,1326.48,0.0,South,UPI,Completed,Marketplace,176.77
ORD101514,242097,28009,2025-09-14,2025-09-18,1,158.11,0.15,West,Credit Card,Completed,Marketplace,44.83
ORD101515,235450,47907,2026-06-18,2026-06-22,1,3430.76,0.15,West,Cash on Delivery,Completed,Website,50.31
ORD101516,928190,39430,2026-05-06,2026-05-09,2,1747.36,0.0,North,Cash on Delivery,Completed,Website,123.1
ORD101517,748766,59930,2025-05-30,2025-05-30,2,2573.2,0.0,East,UPI,Cancelled,Mobile App,82.74
ORD101518,363683,53143,2026-03-20,2026-03-24,1,2744.63,0.0,West,Credit Card,Completed,Website,71.12
ORD101519,459974,67846,2025-05-21,2025-05-24,1,3594.68,0.1,North,UPI,Cancelled,Mobile App,54.45
ORD101520,981656,20351,2025-01-22,2025-01-26,1,554.54,0.2,East,UPI,Cancelled,Website,64.97
ORD101521,568342,67846,2025-08-27,2025-08-30,1,3794.39,0.05,North,UPI,Completed,Mobile App,167.5
ORD101522,634991,59930,2025-05-31,2025-06-01,1,2573.2,0.0,West,Net Banking,Completed,Marketplace,156.1
ORD101523,718525,47907,2025-02-13,2025-02-15,1,4036.19,0.0,West,Net Banking,Completed,Website,104.69
ORD101524,300385,53143,2025-12-05,2025-12-10,2,2607.4,0.05,West,UPI,Completed,Mobile App,93.31
ORD101525,558733,96270,2025-07-17,2025-07-18,1,356.33,0.0,East,UPI,Cancelled,Website,59.18
ORD101526,485707,24857,2026-05-19,2026-05-20,1,374.91,0.15,West,UPI,Completed,Mobile App,60.52
ORD101527,328394,53143,2025-02-17,2025-02-21,1,2744.63,0.0,South,Credit Card,Completed,Mobile App,52.64
ORD101528,511918,53143,2025-09-13,2025-09-15,2,2607.4,0.05,North,Debit Card,Completed,Mobile App,85.49
ORD101529,265020,28009,2025-11-21,2025-11-24,2,167.41,0.1,South,UPI,Completed,Marketplace,56.55
ORD101530,814369,79501,2026-02-04,2026-02-06,2,3271.96,0.1,North,Debit Card,Completed,Marketplace,56.38
ORD101531,243466,67846,2025-08-29,2025-09-02,2,3594.68,0.1,West,UPI,Completed,Mobile App,61.59
ORD101532,752183,24857,2025-09-23,2025-09-25,1,374.91,0.15,Central,UPI,Completed,Mobile App,85.9
ORD101533,532996,23723,2025-01-06,2025-01-10,5,494.26,0.0,South,UPI,Pending,Marketplace,101.29
ORD101534,192777,96270,2026-05-07,2026-05-11,1,356.33,0.0,East,UPI,Completed,Website,170.19
ORD101535,179970,94616,2025-02-28,2025-03-01,2,1246.88,0.05,Central,Credit Card,Completed,Mobile App,143.81
ORD101536,989775,24857,2025-10-19,2025-10-24,2,396.96,0.1,South,Net Banking,Completed,Website,128.21
ORD101537,643571,83876,2025-09-11,2025-09-13,4,1398.68,0.0,North,Debit Card,Returned,Mobile App,97.62
ORD101538,510981,96857,2025-09-29,2025-10-03,2,898.83,0.15,East,Net Banking,Completed,Mobile App,96.82
ORD101539,670968,40374,2025-05-12,2025-05-14,2,700.76,0.0,South,Credit Card,Completed,Mobile App,170.16
ORD101540,947085,23723,2025-03-06,2025-03-09,1,469.55,0.05,Central,Credit Card,Completed,Marketplace,130.17
ORD101541,784164,67846,2025-12-28,2025-12-29,1,3794.39,0.05,North,Cash on Delivery,Completed,Marketplace,130.74
ORD101542,740696,99553,2026-03-01,2026-03-04,1,541.02,0.0,North,Net Banking,Completed,Mobile App,152.73
ORD101543,491764,59930,2026-01-28,2026-02-01,3,2315.88,0.1,Central,UPI,Completed,Website,147.39
ORD101544,451923,83401,2026-01-25,2026-01-26,1,546.42,0.05,West,UPI,Completed,Marketplace,166.25
ORD101545,971601,67846,2026-02-12,2026-02-13,2,3394.98,0.15,West,Net Banking,Completed,Mobile App,152.91
ORD101546,510981,83401,2025-11-27,2025-11-30,1,517.66,0.1,South,UPI,Completed,Website,36.76
ORD101547,717322,96857,2025-08-12,2025-08-13,1,1057.45,0.0,North,UPI,Completed,Marketplace,59.5
ORD101548,353016,20351,2025-02-22,2025-03-01,1,693.18,0.0,North,Debit Card,Completed,Marketplace,89.89
ORD101549,460189,53143,2025-05-05,2025-05-09,2,2607.4,0.05,North,Net Banking,Cancelled,Mobile App,167.87
ORD101550,235450,20351,2025-07-16,2025-07-20, 5 ,693.18,0.0,West,Credit Card,Completed,Website,147.4
ORD101551,904239,80616,2025-07-23,07-30-2025,1,1326.48,0.0,East,UPI,Completed,Website,138.28
ORD101552,709183,23723,2026-05-12,2026-05-15,1,494.26,0.0,West,PayPal,Pending,Website,42.83
ORD101553,666877,88270,2025-12-23,2025-12-28,1,1690.14,0.1,East,UPI,Completed,Website,73.63
ORD101554,715785,39430,2025-10-13,2025-10-15,2,1572.62,0.1,South,UPI,Completed,Website,100.31
ORD101555,590465,75277,2025-09-20,2025-09-23,1,235.33,0.0,West,Credit Card,Completed,Marketplace,98.01
ORD101556,646411,39430,2025-07-09,2025-07-12,1,1747.36,0.0,North,Cash on Delivery,Returned,Marketplace,121.14
ORD101557,263148,94616,2025-09-23,2025-09-26,2,1312.5,0.0,North,Credit Card,Completed,Mobile App,73.4
ORD101558,767922,40374,2025-12-10,2025-12-13,1,700.76,0.0,West,Debit Card,Pending,Mobile App,170.46
ORD101559,233393,83401,2025-02-03,2025-02-05,1,575.18,0.0,West,Debit Card,Pending,Mobile App,36.8
ORD101560,748766,24857,2025-07-19,2025-07-21,3,396.96,0.1,East,Debit Card,Completed,Website,39.7
ORD101561,453136,24857,2025-09-09,2025-09-10,3,374.91,0.15,East,UPI,Completed,Marketplace,179.74
ORD101562,748766,23723,2025-06-09,2025-06-10,3,444.83,0.1,East,UPI,Completed,Marketplace,60.78
ORD101563,832149,23723,2025-08-08,2025-08-15,2,494.26,0.0,South,UPI,Completed,Website,94.32
ORD101564,247829,79501,2025-09-25,2025-09-27,3,3271.96,0.1,West,Cash on Delivery,Pending,Website,101.53
ORD101565,329509,67846,2025-07-23,2025-07-26,1,3994.09,0.0,West,Debit Card,Completed,Mobile App,123.62
ORD101566,509415,47907,2025-08-14,2025-08-15,1,4036.19,0.0,North,UPI,Completed,Website,71.44
ORD101567,510981,96270,2025-09-20,2025-09-22,2,356.33,0.0,South,Credit Card,Completed,Marketplace,87.12
ORD101568,301833,67846,2026-01-22,2026-01-24,1,3994.09,0.0,West,Cash on Delivery,Cancelled,Marketplace,68.45
ORD101569,524628,47907,2025-08-06,2025-08-11,2,4036.19,0.0,East,Cash on Delivery,Completed,Mobile App,134.14
ORD101570,126201,53143,2025-03-10,2025-03-11,1,2332.94,0.15,West,Credit Card,Pending,Website,67.16
ORD101571,794251,83401,2025-01-21,2025-01-25,5,517.66,0.1,North,UPI,Completed,Website,83.78
ORD101572,510981,24857,2025-02-14,2025-02-17,1,396.96,0.1,South,Net Banking,Completed,Website,163.91
ORD101573,300385,96857,2026-05-19,2026-05-24,1,1057.45,0.0,West,Credit Card,Returned,Website,154.27
ORD101574,782094,67846,2025-10-28,2025-10-31,3,3594.68,0.1,West,Credit Card,Pending,Website,77.21
ORD101575,235450,53143,2025-03-05,2025-03-08,2,2744.63,0.0,West,Credit Card,Cancelled,Mobile App,108.56
ORD101576,328394,67846,2026-04-30,2026-05-02,2,3994.09,0.0,South,Debit Card,Completed,Website,148.34
ORD101577,545153,21754,2026-06-23,2026-06-28,5,1324.39,0.0,East,Net Banking,Completed,Marketplace,60.26
ORD101578,784164,94616,2025-06-18,2025-06-21,1,1246.88,0.05,North,Net Banking,Completed,Marketplace,76.26
ORD101579,265020,28009,2026-04-23,2026-04-26,2,167.41,0.1,South,UPI,Cancelled,Mobile App,60.84
ORD101580,510981,83876,2025-02-26,2025-03-02,2,1398.68,0.0,South,Credit Card,Completed,Mobile App,178.01
ORD101581,502525,96857,2026-02-26,2026-03-01,1,898.83,0.15,Central,Credit Card,Completed,Mobile App,108.87
ORD101582,327908,94616,2025-08-15,2025-08-18,1,1246.88,0.05,Central,UPI,Cancelled,Mobile App,90.38
ORD101583,453136,23723,2025-08-23,2025-08-24,5,469.55,0.05,East,Credit Card,Completed,Website,104.35
ORD101584,908789,83876,29/05/2026,2026-06-01,3,1398.68,0.0,West,UPI,Completed,Website,152.14
ORD101585,767922,40374,2025-01-24,2025-01-27,2,700.76,0.0,West,UPI,Completed,Website,120.57
ORD101586,205182,25046,2025-02-18,2025-02-20,2,244.01,0.1,South,UPI,Completed,Mobile App,147.95
ORD101587,499200,88270,2025-02-13,2025-02-15,1,1784.03,0.05,North,UPI,Returned,Website,137.53
ORD101588,164634,80616,2025-11-04,2025-11-09,1,1193.83,0.1,West,Cash on Delivery,Completed,Website,116.23
ORD101589,442850,67846,2025-07-02,2025-07-04,1,3994.09,0.0,East,Cash on Delivery,Pending,Website,115.93
ORD101590,807170,28009,2026-04-18,2026-04-25,2,186.01,0.0,East,UPI,Cancelled,Website,52.28
ORD101591,506712,28009,2025-04-14,2025-04-17,1,186.01,0.0,North,Cash on Delivery,Completed,Mobile App,70.57
ORD101592,794251,25780,2026-03-31,2026-04-01,2,421.58,0.2,North,Net Banking,Completed,Website,75.95
ORD101593,593800,39430,2026-02-03,2026-02-06,3,1485.26,0.15,Central,credit card,Cancelled,Marketplace,48.11
ORD101594,828898,67846,2026-04-01,2026-04-04,1,3394.98,0.15,Central,UPI,Completed,Mobile App,172.58
ORD101595,502910,88270,2025-07-05,2025-07-08,1,1784.03,0.05,North,UPI,Completed,Website,115.39
ORD101596,725952,43806,2025-12-29,2025-12-30,1,666.92,0.1,North,Net Banking,Cancelled,Website,37.83
ORD101597,719643,25780,2025-06-27,2025-07-04,1,526.97,0.0,West,UPI,Completed,Mobile App,111.1
ORD101598,670968,83876,2026-05-02,2026-05-03,1,1398.68,0.0,South,Cash on Delivery,Pending,Website,124.18
ORD101599,122935,96857,2026-05-06,2026-05-10,3,951.7,0.1,West,Net Banking,Cancelled,Website,74.46
ORD101600,836208,83401,2026-05-09,2026-05-10,1,575.18,0.0,South,UPI,Pending,Website,107.25
ORD101601,568342,59930,2026-01-08,2026-01-10,1,2315.88,0.1,North,Debit Card,Completed,Marketplace,81.24
ORD101602,532996,59930,2025-05-19,2025-05-22,1,2573.2,0.0,South,Credit Card,Completed,Mobile App,39.75
ORD101603,730472,59930,2025-03-25,2025-03-26,1,2573.2,0.0,West,Debit Card,Completed,Website,88.5
ORD101604,912043,47907,2025-03-12,2025-03-16,1,3228.95,0.2,South,Credit Card,Completed,Website,89.55
ORD101605,836208,27124,2025-10-12,10-14-2025,1,687.54,0.05,South,UPI,Cancelled,Website,112.54
ORD101606,752183,47907,2025-09-06,2025-09-08,4,3834.38,0.05,Central,Cash on Delivery,Returned,Mobile App,95.01
ORD101607,692063,96270,2025-05-29,2025-06-01,4,356.33,0.0,East,Credit Card,Completed,Website,120.9
ORD101608,410216,83401,2025-11-13,2025-11-15,1,488.9,0.15,South,UPI,Completed,Website,89.35
ORD101609,759247,99553,2025-01-10,2025-01-12,1,541.02,0.0,North,Credit Card,Completed,Website,38.15
ORD101610,235450,39430,2025-06-16,2025-06-20,1,1747.36,0.0,West,UPI,Completed,Website,70.25
ORD101611,257678,96270,2025-07-07,2025-07-14,1,338.51,0.05,East,UPI,Completed,Mobile App,71.56
ORD101612,840889,23723,2025-03-20,2025-03-23,2,494.26,0.0,North,Credit Card,Completed,Website,83.16
ORD101613,814369,25780,2025-04-16,2025-04-20,3,526.97,0.0,North,Debit Card,Completed,Website,171.06
ORD101614,486108,75277,06-06-2025,2025-06-13,1,235.33,0.0,West,UPI,Completed,Website,71.39
ORD101615,752183,43806,2026-03-15,2026-03-17,2,666.92,0.1,Central,Debit Card,Pending,Website,39.13
ORD101616,670968,79501,2025-03-25,2025-03-29,1,3635.51,0.0,South,UPI,Completed,Website,121.26
ORD101617,419328,25780,2025-08-01,2025-08-03,1,474.27,0.1,South,Credit Card,Completed,Mobile App,135.85
ORD101618,126201,20351,2025-03-31,2025-04-03,2,693.18,0.0,West,UPI,Completed,Mobile App,78.55
ORD101619,608777,79501,2025-03-27,2025-03-29,1,3635.51,0.0,West,Debit Card,Completed,Website,141.33
ORD101620,746968,80616,2026-03-07,2026-03-11,1,1326.48,0.0,West,Debit Card,Completed,Website,80.04
ORD101621,357370,40374,2025-06-20,2025-06-24,2,700.76,0.0,South,Cash on Delivery,Completed,Mobile App,115.12
ORD101622,989775,67846,2026-02-16,2026-02-20,2,3994.09,0.0,South,Cash on Delivery,Completed,Website,143.04
ORD101623,734356,23723,2025-05-16,2025-05-19,1,420.12,0.15,Central,Net Banking,Completed,Mobile App,104.45
ORD101624,440772,88270,2025-11-19,2025-11-21,1,1596.24,0.15,North,UPI,Completed,Marketplace,145.26
ORD101625,508068,28009,2026-03-16,2026-03-20,2,186.01,0.0,East,Credit Card,Completed,Website,73.34
ORD101626,607287,20351,2026-04-21,2026-04-26,2,693.18,0.0,Central,UPI,Completed,Website,177.0
ORD101627,677266,20351,2025-09-10,2025-09-13,2,658.52,0.05,Central,Cash on Delivery,Completed,Website,139.18
ORD101628,499200,53143,2025-11-14,2025-11-19,2,2332.94,0.15,North,UPI,Returned,Website,59.6
ORD101629,922818,67846,2025-01-08,2025-01-15,2,3994.09,0.0,Central,Net Banking,Completed,Marketplace,76.51
ORD101630,648631,80616,2026-04-17,2026-04-20,2,1127.51,0.15,North,Credit Card,Completed,Mobile App,140.25
ORD101631,520596,80616,2025-07-09,2025-07-16,2,1260.16,0.05,West,Cash on Delivery,Completed,Website,111.16
ORD101632,787474,20351,2025-09-22,2025-09-27,1,693.18,0.0,South,UPI,Completed,Mobile App,162.28
ORD101633,759732,67846,2025-12-22,2025-12-26,1,3394.98,0.15,West,PayPal,Completed,Mobile App,81.07
ORD101634,761892,53143,2025-07-23,2025-07-27,2,2744.63,0.0,South,Credit Card,Completed,Mobile App,43.85
ORD101635,853329,59930,2026-05-25,2026-05-30,1,2315.88,0.1,South,Credit Card,Completed,Mobile App,79.41
ORD101636,287271,47907,2025-06-26,2025-06-28,1,3632.57,0.1,East,UPI,Completed,Website,142.55
ORD101637,555985,53143,2025-12-12,2025-12-15,1,,0.1,East,UPI,Completed,Mobile App,169.44
ORD101638,126317,96270,2025-05-07,2025-05-14,1,302.88,0.15,South,Debit Card,Completed,Mobile App,119.22
ORD101639,381598,83401,2025-07-06,2025-07-10,3,575.18,0.0,South,Credit Card,Completed,Marketplace,136.78
ORD101640,327908,20351,2025-04-22,2025-04-25,2,693.18,0.0,Central,Credit card,Completed,Website,152.06
ORD101641,164634,40374,2025-10-29,2025-11-01,1,700.76,0.0,West,Credit Card,Completed,Mobile App,37.79
ORD101642,849738,20351,2026-04-21,2026-04-25,1,623.86,0.1,East,UPI,Returned,Marketplace,167.91
ORD101643,634991,50462,2025-01-06,2025-01-09,1,153.11,0.05,West,Net Banking,Completed,Mobile App,108.57
ORD101644,379395,28009,2025-07-19,2025-07-22,1,176.71,0.05,Central,Net Banking,Completed,Marketplace,111.3
ORD101645,247829,25046,2025-12-09,2025-12-11,1,216.9,0.2,West,Cash on Delivery,Completed,Website,178.47
ORD101646,962018,43806,2026-03-06,2026-03-10,2,666.92,0.1,North,Debit Card,Completed,Website,65.71
ORD101647,257678,53143,2025-04-01,2025-04-04,1,2744.63,0.0,East,Credit Card,Completed,Website,149.43
ORD101648,790987,67846,2025-11-16,2025-11-19,1,3394.98,0.15,West,Cash on Delivery,Completed,Website,154.34
ORD101649,156175,53143,2025-10-14,2025-10-16,2,2470.17,0.1,South,Debit Card,Completed,Website,170.18
ORD101650,247829,20351,2025-07-20,2025-07-23,1,623.86,0.1,West,UPI,Completed,Website,169.11
ORD101651,926948,75277,2025-10-30,2025-11-01,1,223.56,0.05,South,UPI,Completed,Mobile App,129.52
ORD101652,499200,59930,2025-12-09,2025-12-11,1,2315.88,0.1,North,Cash on Delivery,Completed,Mobile App,165.85
ORD101653,634991,27124,2025-09-14,2025-09-18,1,723.73,0.0,West,Net Banking,Completed,Marketplace,167.68
ORD101654,555985,67846,2026-05-11,2026-05-12,1,3994.09,0.0,East,UPI,Completed,Mobile App,83.66
ORD101655,981656,67846,2025-06-10,2025-06-10,3,3394.98,0.15,East,UPI,Cancelled,Website,147.56
ORD101656,382701,88270,2025-05-06,2025-05-07,1,1877.93,0.0,West,UPI,Completed,Mobile App,90.57
ORD101657,648844,80616,2025-07-29,2025-07-30,1,1326.48,0.0,West,Credit Card,Completed,Website,171.41
ORD101658,823362,20351,2025-08-06,2025-08-08,1,693.18,0.0,South,Debit Card,Cancelled,Mobile App,113.96
ORD101659,996075,83876,2026-04-09,2026-04-11,2,1398.68,0.0,West,UPI,Completed,Mobile App,59.12
ORD101660,381598,79501,2025-05-26,2025-05-28,1,3453.73,0.05,South,Cash on Delivery,Completed,Website,61.8
ORD101661,479414,67846,2025-01-23,2025-01-28,1,3994.09,0.0,North,Cash on Delivery,Cancelled,Website,114.57
ORD101662,951867,24857,2026-04-02,2026-04-06,1,419.02,0.05,South,Net Banking,Completed,Mobile App,156.93
ORD101663,133215,20351,2026-02-03,2026-02-08,1,658.52,0.05,South,UPI,Completed,Website,137.27
ORD101664,832149,99553,2026-02-07,2026-02-10,1,541.02,0.0,South,Debit Card,Completed,Mobile App,158.29
ORD101665,401832,83876,2025-07-10,2025-07-14,1,1398.68,0.0,Central,Credit Card,Completed,Website,102.73
ORD101666,509415,27124,2025-03-26,2025-03-27,3,723.73,0.0,North,Credit Card,Completed,Website,169.42
ORD101667,179970,83876,2025-04-10,2025-04-11,2,1258.81,0.1,Central,UPI,Completed,Website,133.05
ORD101668,333092,53143,2026-04-16,2026-04-20,1,2744.63,0.0,Central,UPI,Completed,Website,37.9
ORD101669,928190,20351,2025/08/05,2025-08-09,1,693.18,0.0,North,Debit Card,Completed,Website,41.19
ORD101670,677266,43806,2025-05-14,2025-05-15,1,666.92,0.1,Central,PayPal,Completed,Marketplace,48.45
ORD101671,596578,40374,2025-12-05,2025-12-10,3,630.68,0.1,Central,Net Banking,Returned,Website,50.02
ORD101672,922818,28009,2025-07-01,2025-07-08,1,167.41,0.1,Central,UPI,Completed,Mobile App,171.68
ORD101673,509415,79501,2025-01-10,2025-01-12,1,3271.96,0.1,North,UPI,Cancelled,Website,92.94
ORD101674,509415,25780,2025-02-14,2025-02-21,1,526.97,0.0,North,Cash on Delivery,Completed,Mobile App,81.03
ORD101675,508068,24857,2025-08-10,2025-08-17,3,441.07,0.0,East,UPI,Pending,Mobile App,107.84
ORD101676,903968,80616,2025-04-19,2025-04-22,1,1260.16,0.05,East,Net Banking,Cancelled,Mobile App,150.21
ORD101677,823362,40374,2025-11-17,2025-11-20,3,700.76,0.0,South,Cash on Delivery,Returned,Mobile App,97.32
ORD101678,578302,59930,2025-10-25,2025-10-28,1,2444.54,0.05,Central,Cash on Delivery,Returned,Mobile App,162.03
ORD101679,578302,67846,2025-11-30,2025-12-02,2,3994.09,0.0,Central,Credit Card,Returned,Website,140.7
ORD101680,935164,39430,2025-08-27,2025-09-01,2,1572.62,0.1,East,Cash on Delivery,Completed,Website,152.83
ORD101681,655109,96270,2025-06-02,2025-06-05,1,320.7,0.1,South ,Net Banking,Completed,Mobile App,48.85
ORD101682,,79501,2026-04-12,2026-04-15,2,3635.51,0.0,South,Net Banking,Completed,Website,85.95
ORD101683,463496,39430,2025-08-16,2025-08-18,1,1572.62,0.1,South,Credit Card,Completed,Website,38.28
ORD101684,459974,83401,2025-10-04,2025-10-06,1,575.18,0.0,North,Credit Card,Completed,Marketplace,38.29
ORD101685,379395,96270,2026-04-09,2026-04-12,3,338.51,0.05,Central,UPI,Completed,Mobile App,88.86
ORD101686,666277,99553,2026-03-17,2026-03-21,1,541.02,0.0,West,Cash on Delivery,Completed,Marketplace,87.38
ORD101687,681114,83401,2025-10-07,2025-10-10,1,575.18,0.0,North,Net Banking,Completed,Mobile App,105.69
ORD101688,710265,99553,2026-04-30,2026-05-02,1,459.87,0.15,North,Debit Card,Returned,Mobile App,68.79
ORD101689,247829,53143,2025-11-28,2025-12-02,1,2470.17,0.1,West,Net Banking,Completed,Website,77.12
ORD101690,509415,53143,2025-04-29,2025-05-03,2,2744.63,0.0,North,Cash on Delivery,Completed,Website,127.44
ORD101691,648844,83876,2026-03-17,2026-03-20,2,1398.68,0.0,West,UPI,Completed,Website,37.91
ORD101692,491764,96857,2025-06-20,2025-06-23,1,1057.45,0.0,Central,Cash on Delivery,Completed,Mobile App,133.82
ORD101693,665049,83401,2026-06-30,2026-07-02,2,546.42,0.05,WEST,UPI,Completed,Website,159.11
ORD101694,509415,67846,2025-02-18,2025-02-25,2,3994.09,0.0,North,Credit Card,Completed,Marketplace,52.75
ORD101695,962018,25046,2025-05-09,2025/05/13,1,230.45,0.15,North,UPI,Completed,Website,117.35
ORD101696,578458,23723,2025-06-24,2025-06-27,1,494.26,0.0,West,Cash on Delivery,Completed,Mobile App,172.31
ORD101697,235450,25780,2025-03-14,2025-03-17,2,526.97,0.0,West,UPI,Completed,Mobile App,95.47
ORD101698,440772,25780,2025-04-26,2025-04-28,1,474.27,0.1,North,Cash on Delivery,Completed,Website,177.59
ORD101699,188494,96857,2026-03-30,2026-04-01,2,1057.45,0.0,Central,Credit Card,Completed,Mobile App,163.62
ORD101700,782094,59930,2025-08-10,2025-08-17,2,2573.2,0.0,West,Cash on Delivery,Completed,Website,36.8
ORD101701,806780,20351,2025-11-05,2025-11-08,2,658.52,0.05,South,UPI,Completed,Mobile App,108.98
ORD101702,670233,21754,2025-10-08,2025-10-10,3,1191.95,0.1,South,UPI,Cancelled,Website,169.83
ORD101703,468957,79501,2025-11-07,2025-11-11,1,3635.51,0.0,West,Cash on Delivery,Cancelled,Marketplace,76.2
ORD101704,558733,28009,2025/12/14,2025-12-18,1,148.81,0.2,East,Debit Card,Completed,Marketplace,178.79
ORD101705,634991,83876,2025-01-18,2025-01-21,1,1398.68,0.0,West,PayPal,Completed,Marketplace,157.06
ORD101706,534430,53143,2025-09-01,2025-09-05,1,2744.63,15 %,West,Cash on Delivery,Completed,Marketplace,104.26
ORD101707,384470,25780,2026-03-25,2026-03-27,3,526.97,0.0,West,UPI,Completed,Website,108.31
ORD101708,378445,83401,2025-12-12,2025-12-15,1,460.14,0.2,South,Credit Card,Completed,Mobile App,64.65
ORD101709,632863,23723,2026-03-17,2026-03-21,1,494.26,0.0,South,Net Banking,Pending,Mobile App,146.39
ORD101710,962018,23723,2025-07-28,2025-08-04,1,444.83,0.1,North,upi,Completed,Website,120.12
ORD101711,247829,53143,2025-03-28,2025-03-29,1,2607.4,0.05,West,PayPal,Completed,Marketplace,117.38
ORD101712,508068,59930,2025-01-07,2025-01-12,1,2315.88,0.1,East,UPI,Completed,Website,151.32
ORD101713,928190,80616,2025/12/30,2025-12-30,1,1326.48,0.0,North,Credit Card,Cancelled,Website,161.84
ORD101714,948367,59930,2025-01-20,2025-01-25,3,2573.2,0.0,South,Cash on Delivery,Returned,Mobile App,147.84
ORD101715,784164,23723,2025-03-13,2025-03-17,1,494.26,0.0,North,Credit Card,Completed,Website,112.61
ORD101716,488226,23723,2025-11-11,2025-11-18,1,469.55,15 %,South,Cash on Delivery,Completed,Mobile App,101.13
ORD101717,748941,97418,2025-03-04,2025-03-09,1,420.12,0.15,South,Net Banking,Completed,Website,40.12
ORD101718,459974,75277,2025-02-27,2025-02-28,1,235.33,0.0,North,UPI,Completed,Mobile App,77.16
ORD101719,861788,39430,2026-04-06,2026-04-11,2,1747.36,0.0,South,Cash on Delivery,Completed,Website,128.37
ORD101720,521337,25780,2026-04-23,2026-04-30,-1,474.27,0.1,East,PayPal,Completed,Website,96.33
ORD101721,205182,96270,2025-02-26,2025-02-28,2,338.51,0.05,South,Credit Card,Completed,Mobile App,36.51
ORD101722,410822,25780,2025-03-03,05/03/2025,3,526.97,0.0,South,Credit Card,Completed,Marketplace,162.58
ORD101723,532996,80616,2025-07-12,2025-07-16,2,1326.48,0.0,South,credit card,Cancelled,Website,94.35
ORD101724,155205,80616,2026-05-07,2026-05-10,1,1326.48,0.0,North,UPI,Completed,Mobile App,157.59
ORD101725,962018,83401,2025-11-05,2025-11-10,1,517.66,0.1,North,UPI,Completed,Website,50.14
ORD101726,724264,53143,2025-12-23,2025-12-25,2,2470.17,0.1,North,Credit Card,Completed,Website,87.51
ORD101727,782094,53143,2025-05-26,2025-05-30,1,2744.63,0.0,West,Debit Card,Completed,Mobile App,43.13
ORD101728,406241,83401,2026-06-25,2026/06/27,1,575.18,0.0,East,Credit Card,Completed,Mobile App,89.88
ORD101729,257381,40374,2026-03-13,,3,700.76,0.0,North,Net Banking,Cancelled,Website,138.41
ORD101730,509415,53143,2026-01-08,2026-01-12,1,2470.17,0.1,North,Credit Card,Completed,Website,176.45
ORD101731,532996,23723,2025-11-04,2025-11-09,2,395.41,0.2,South,UPI,Completed,Website,159.12
ORD101732,454493,94616,2025-11-22,2025-11-24,1,1246.88,0.05,North,Cash on Delivery,Completed,Website,124.84
ORD101733,499200,83876,2025-04-21,2025-04-24,1,1328.75,0.05,North,Debit Card,Pending,Website,169.4
ORD101734,908789,59930,2026-03-18,2026-03-21, 5 ,2315.88,0.1,West,Cash on Delivery,Completed,Mobile App,130.96
ORD101735,590270,39430,2026-06-23,2026/06/26,1,1572.62,0.1,West,Debit Card,Completed,Mobile App,129.77
ORD101736,550242,28009,2026-06-03,2026-06-04,1,186.01,0.0,South,UPI,Returned,Website,72.59
ORD101737,509415,83401,2025-06-20,2025-06-24,2,546.42,0.05,North,Credit Card,Completed,Website,124.07
ORD101738,382701,25780,2025-10-30,2025-11-02,1,526.97,0.0,West,Credit Card,Completed,Mobile App,178.79
ORD101739,897209,83876,2025-09-01,2025-09-06,1,1258.81,0.1,West,Cash on Delivery,Completed,Website,132.17
ORD101740,287357,96857,2026-01-31,2026-02-03,3,1057.45,0.0,Central,Credit Card,Completed,Website,178.02
ORD101741,601488,80616,2025-02-12,2025-02-19,1,1326.48,0.0,South,UPI,Cancelled,Marketplace,136.53
ORD101742,730472,47907,2025-10-24,2025-10-25,1,3632.57,0.1,West,Cash on Delivery,Completed,Website,154.54
ORD101743,608777,23723,2025-09-17,2025-09-20,2,494.26,0.0,West,UPI,Completed,Website,74.43
ORD101744,968292,94616,2025-09-06,2025-09-09,1,1312.5,0.0,West,UPI,Completed,Mobile App,154.88
ORD101745,717322,23723,2025-06-13,2025-06-15,1,469.55,0.05,North,Debit Card,Completed,Website,111.96
ORD101746,608777,47907,2025-12-27,,2,3834.38,0.05,West,Debit Card,Completed,Website,136.1
ORD101747,642011,25046,2025-10-17,2025-10-18,1,244.01,0.1,East,COD,Completed,Website,119.94
ORD101748,934103,80616,2025-05-17,2025-05-21,1,1193.83,0.1,West,UPI,Returned,Mobile App,75.81
ORD101749,981656,25780,2025-06-25,2025-06-26,2,474.27,0.1,East,PayPal,Pending,Mobile App,39.34
ORD101750,746968,47907,2025-06-25,2025-06-30,1,3834.38,0.05,West,PayPal,Pending,Website,101.16
ORD101751,648309,53143,2025-08-06,2025-08-07,2,2195.7,0.2,West,UPI,Completed,Mobile App,161.69
ORD101752,508068,27124,2025-07-31,2025-08-05,1,615.17,0.15,west,Debit Card,Completed,Mobile App,65.09
ORD101753,715785,83876,2025-11-30,2025-12-04,1,1258.81,0.1,South,Credit Card,Completed,Mobile App,61.22
ORD101754,778380,53143,2025-07-16,2025-07-13,3,2607.4,0.05,West,UPI,Completed,Website,154.53
ORD101755,576647,83401,2026-02-22,2026-03-01,5,488.9,0.15,North,Net Banking,Pending,Mobile App,106.06
ORD101756,223768,83401,2025-02-27,2025-03-02,2,575.18,0.0,Central,Net Banking,Completed,Mobile App,78.96
ORD101757,715785,59930,2026-05-07,14-May-2026,2,2573.2,0.0,South,Net Banking,Returned,Mobile App,57.51
ORD101758,987249,47907,2025-04-02,,1,3834.38,0.05,Central,PayPal,Completed,Mobile App,96.1
ORD101759,506712,96857,2026-05-04,2026-05-07,4,1004.58,0.05,North,UPI,Returned,Mobile App,84.77
ORD101760,634991,83401,2025-12-11,2025-12-15,1,517.66,0.1,West,Debit Card,Cancelled,Mobile App,86.25
ORD101761,372970,80616,2026-02-03,2026/02/07,1,1193.83,0.1,Central,Debit Card,Completed,Mobile App,106.64
ORD101762,485707,20351,2025-11-05,2025-11-08,3,658.52,0.05,West,Credit Card,Returned,Mobile App,149.08
ORD101763,996075,39430,2025-09-23,2025-09-27,2,1659.99,0.05,West,UPI,Completed,Mobile App,157.24
ORD101764,151040,88270,2025-06-13,2025-06-17,1,1877.93,0.0,South,UPI,Completed,Website,125.01
ORD101765,608777,47907,2025-08-15,2025-08-17,1,4036.19,0.0,West,Credit Card,Returned,Website,136.68
ORD101766,488226,94616,2025-08-27,2025-08-30,1,1312.5,0.0,South,UPI,Completed,Marketplace,132.43
ORD101767,311118,27124,2025-08-18,2025-08-22,2,651.36,0.1,West,Cash on Delivery,Completed,Mobile App,86.91
ORD101768,418418,40374,2026-06-23,2026-06-25,1,700.76,0.0,North,Debit Card,Completed,Mobile App,102.47
ORD101769,300385,20351,2025-08-02,2025-08-06,1,693.18,0.0,West,UPI,Completed,Mobile App,117.16
ORD101770,807170,59930,2025-04-18,2025-04-21,1,2187.22,0.15,East,UPI,Completed,Mobile App,111.78
ORD101771,235450,79501,2025-10-19,2025-10-24,1,2908.41,0.2,West,Debit Card,Completed,Website,159.53
ORD101772,192777,96270,2025-01-04,2025-01-08,2,356.33,0.0,East,Cash on Delivery,Completed,Website,69.12
ORD101773,362780,67846,2025-10-01,2025-10-05,1,3394.98,0.15,Central,Credit Card,Completed,Website,137.46
ORD101774,904239,43806,2025-02-20,2025-02-23,2,666.92,0.1,East,Net Banking,Returned,Website,63.17
ORD101775,752183,53143,2025-06-03,2025-06-02,1,2470.17,0.1,Central,UPI,Completed,Marketplace,84.23
ORD101776,851135,88270,2025-08-31,04-Sep-2025,1,1784.03,0.05,South,Net Banking,Completed,Mobile App,135.85
ORD101777,941978,59930,2025-03-06,2025-03-07,1,2444.54,0.05,North,PayPal,Completed,Website,57.39
ORD101778,894878,99553,2026-01-21,2026-01-25,1,459.87,0.15,North,UPI,Cancelled,Website,52.02
ORD101779,520596,99553,2025-10-23,2025-10-24,1,513.97,0.05,West,UPI,Cancelled,Mobile App,138.31
ORD101780,898070,47907,2025-01-19,2025-01-21,3,3834.38,0.05,west,Debit Card,Completed,Marketplace,76.3
ORD101781,508068,83876,2025-08-24,2025-08-26,1,1398.68,0.0,East,Cash on Delivery,Completed,Mobile App,157.87
ORD101782,836208,28009,2025-07-11,2025-07-16,1,186.01,0.0,South,PayPal,Completed,Marketplace,76.49
ORD101783,509415,67846,2026/03/05,2026-03-07,3,3994.09,0.0,North,Credit Card,Returned,Mobile App,102.13
ORD101784,832149,25780,2025-12-05,2025-12-06,1,421.58,0.2,South,Debit Card,Completed,Mobile App,62.91
ORD101785,508068,25046,2025-05-11,2025-05-12,1,257.56,0.05,East,Credit Card,Completed,Mobile App,146.46
ORD101786,510981,83876,2025-12-29,2026-01-01,2,1258.81,0.1,South,Debit Card,Completed,Mobile App,53.61
ORD101787,717322,23723,2025-07-07,2025-07-09,3,469.55,0.05,North,Debit Card,Completed,Mobile App,170.22
ORD101788,323509,59930,2026-01-08,2026-01-13,1,2315.88,0.1,East,Debit Card,Completed,Marketplace,110.29
ORD101789,509415,25046,2026-05-28,2026-06-04,1,216.9,0.2,North,Credit Card,Completed,Mobile App,38.56
ORD101790,710265,23723,2026-06-20,2026/06/24,4,420.12,0.15,North,UPI,Returned,Mobile App,120.8
ORD101791,935164,28009,2025-08-04,2025-08-08,2,186.01,0.0,East,PayPal,Completed,Website,163.74
ORD101792,996075,67846,2025-04-27,2025-04-30,1,3994.09,0.0,West,Debit Card,Completed,Mobile App,69.37
ORD101793,836208,47907,2025-11-03,2025-11-05,1,3632.57,0.1,South,Debit Card,Completed,Mobile App,135.97
ORD101794,715785,39430,2025-01-20,2025-01-23,1,1747.36,0.0,South,Debit Card,Completed,Mobile App,63.51
ORD101795,521337,94616,2025-04-04,2025-04-06,1,1181.25,0.1,East,Credit Card,Completed,Mobile App,100.4
ORD101796,746968,88270,2026-06-10,2026-06-11,1,1877.93,0.0,West,Net Banking,Completed,Marketplace,173.46
ORD101797,509415,80616,2025-04-14,2025-04-21,2,1326.48,0.0,North,Credit Card,Completed,Marketplace,63.11
ORD101798,929482,39430,30/01/2025,2025-02-02,1,1572.62,0.1,Central,Cash on Delivery,Completed,Website,70.8
ORD101799,894878,67846,2026-04-22,2026-04-24,1,3994.09,0.0,North,UPI,Returned,Mobile App,127.56
ORD101800,,23723,2025-01-15,2025-01-18,2,494.26,0.0,West,Credit Card,Completed,Website,85.52
ORD101801,362780,20351,2026-06-21,2026-06-23,5,693.18,0.0,Central,Debit Card,Completed,Marketplace,88.71
ORD101802,710265,94616,2025-12-09,2025-12-14,2,1246.88,0.05,North,UPI,Pending,Website,98.78
ORD101803,378445,83401,2025-09-21,2025-09-22,1,460.14,0.2,South,UPI,Returned,Website,103.66
ORD101804,908789,40374,2026-03-13,2026-03-17,1,700.76,0.0,West,Credit Card,Completed,Website,132.17
ORD101805,236024,94616,2025-06-10,2025-06-15,1,1246.88,0.05,North,Debit Card,Completed,Mobile App,72.22
ORD101806,853329,79501,2025-12-24,2025-12-28,2,3090.18,0.15,South,Credit Card,Completed,Mobile App,99.02
ORD101807,529195,80616,2025-01-09,2025-01-11,1,"1,070.20",0.05,South,Credit Card,Completed,Mobile App,74.75
ORD101808,344759,39430,2026-05-12,2026-05-13,2,1659.99,0.05,Central,Credit Card,Completed,Website,71.95
ORD101809,257381,67846,2025-09-17,2025-09-20,2,3594.68,0.1,North,UPI,Completed,Marketplace,171.1
ORD101810,607287,67846,2025-10-28,2025-10-30,2,3794.39,0.05,Central,PayPal,Returned,Website,137.47
ORD101811,667162,80616,2025-12-08,2025-12-10,3,1193.83,0.1,North,UPI,Completed,Mobile App,171.19
ORD101812,311118,83876,2025-04-15,2025-04-17,2,1258.81,0.1,West,Debit Card,Completed,Website,44.35
ORD101813,828898,79501,2025-03-03,2025-03-10,1,3635.51,0.0,Central,Cash on Delivery,Completed,Mobile App,161.95
ORD101814,152294,99553,2025-12-28,2025-12-29,1,513.97,0.05,West,Credit Card,Completed,Mobile App,41.54
ORD101815,459160,59930,2026-03-25,2026-03-27,1,2573.2,0.0,West,UPI,Cancelled,Website,74.12
ORD101816,509415,96857,2025-12-08,2025-12-15,1,1057.45,0.0,North,Credit Card,Completed,Website,73.35
ORD101817,152294,59930,2026-05-20,2026-05-25,1,2573.2,0.0,West,Cash on Delivery,Completed,Mobile App,131.85
ORD101818,156175,23723,2025-10-04,2025-10-09,1,494.26,0.0,South,UPI,Completed,Mobile App,115.89
ORD101819,634991,28009,2026-04-27,2026-04-28,1,176.71,0.05,West,Credit Card,Completed,Mobile App,97.86
ORD101820,415781,88270,2026-05-09,2026-05-16,4,1877.93,0.0,Central,Credit Card,Completed,Marketplace,115.34
ORD101821,235450,67846,2025-07-20,2025-07-23,1,3195.27,0.2,West,Net Banking,Completed,Website,35.68
ORD101822,634991,25046,2026-03-30,2026-04-02,3,230.45,0.15,West,Net Banking,Completed,Website,91.65
ORD101823,235450,59930,2026-03-17,2026-03-21,1,2187.22,0.15,West,UPI,Pending,Website,172.55
ORD101824,259621,23723,2025-07-11,,1,"4,080.18",0.0,East,UPI,Completed,Website,135.32
ORD101825,311118,79501,2025-02-15,2025-02-20,1,3635.51,0.0,West,UPI,Completed,Marketplace,76.94
ORD101826,724264,96270,2025-01-19,2025-01-26,2,302.88,0.15,North,Debit Card,Returned,Mobile App,86.54
ORD101827,177793,20351,2025-04-05,2025-04-07,1,693.18,0.0,WEST,UPI,Completed,Mobile App,156.12
ORD101828,163437,79501,2025-04-26,2025-04-28,1,3453.73,0.05,South,Credit Card,Completed,Mobile App,88.85
ORD101829,134784,88270,2025-03-07,2025-03-11,2,1877.93,0.0,North,UPI,Completed,Website,160.48
ORD101830,459974,53143,2025/10/21,2025-10-24,2,2470.17,0.1,North,Debit Card,Returned,Website,92.03
ORD101831,156175,80616,2025-06-27,2025-06-28,2,1193.83,0.1,South,Cash on Delivery,Completed,Website,115.74
ORD101832,391959,47907,2025-07-03,2025-07-08,1,4036.19,0.0,North,Net Banking,Completed,Marketplace,89.38
ORD101833,263148,80616,2025-10-22,,1,1260.16,0.05,North,PayPal,Completed,Website,151.61
ORD101834,576647,99553,2026-04-20,2026-04-25,1,541.02,0.0,North,Debit Card,Completed,Mobile App,73.99
ORD101835,328394,59930,2025-11-28,2025-11-30,1,2573.2,0.0,South,Net Banking,Completed,Mobile App,70.63
ORD101836,601640,99553,2025-03-19,2025-03-22,3,541.02,0.0,East,Credit Card,Completed,Marketplace,173.32
ORD101837,300385,39430,2025-05-10,2025-05-11,3,1485.26,0.15,West,Net Banking,Cancelled,Mobile App,98.08
ORD101838,784164,23723,2025-11-23,2025-11-26,1,494.26,0.0,North,Net Banking,Completed,Website,108.49
ORD101839,408622,25780,2025-04-02,2025-04-06,1,526.97,0.0,Central,Debit Card,Cancelled,Mobile App,169.74
ORD101840,604773,94616,2025-11-22,2025-11-29,1,1181.25,0.1,Central,Net Banking,Completed,Mobile App,101.29
ORD101841,192777,21754,2026-06-11,2026-06-16,1,1059.51,0.2,East,UPI,Completed,Website,158.95
ORD101842,100900,83876,2025-06-23,2025-06-28,4,1398.68,0.0,North,Net Banking,Returned,Mobile App,72.22
ORD101843,782094,96270,2025-08-23,2025-08-25,1,356.33,0.0,West,UPI,Completed,Website,130.05
ORD101844,627277,80616,2026-03-24,2026-03-25,1,1193.83,0.1,West,Cash on Delivery,Completed,Website,81.81
ORD101845,954224,83876,2025-10-18,2025-10-22,1,1398.68,0.0,South,Net Banking,Cancelled,Mobile App,120.23
ORD101846,885424,27124,2025-03-06,2025-03-09,2,723.73,0.0,Central,Debit Card,Completed,Website,60.02
ORD101847,242287,59930,2026-04-22,2026-04-27,2,2315.88,0.1,East,Net Banking,Completed,Mobile App,45.94
ORD101848,545153,83876,2025-12-16,2025-12-23,1,1328.75,0.05,East,UPI,Completed,Website,175.88
ORD101849,,83876,2025-06-13,2025-06-15,1,1398.68,0.0,Central,Debit Card,Completed,Mobile App,110.19
ORD101850,715785,94616,2025-03-07,2025-03-10,1,1312.5,0.0,South,Net Banking,Completed,Mobile App,178.32
ORD101851,648844,59930,2025-10-18,2025-10-20,2,2444.54,0.05,West,Cash on Delivery,Cancelled,Mobile App,35.25
ORD101852,499200,75277,2025-05-13,2025-05-16,2,235.33,0.0,North,Debit Card,Completed,Mobile App,116.73
ORD101853,242287,79501,2025-07-23,2025-07-24,1,3090.18,0.15,East,Credit Card,Returned,Website,129.7
ORD101854,573059,20351,2025-05-13,2025-05-16,1,693.18,0.0,West,UPI,Completed,Website,179.22
ORD101855,499200,43806,2026-05-19,2026-05-23,2,741.02,0.0,North,UPI,Completed,Marketplace,159.23
ORD101856,506712,99553,2025-04-30,2025-05-03,2,486.92,0.1,North,Net Banking,Completed,Website,170.95
ORD101857,360759,28009,2025-12-30,2026-01-06,5,176.71,0.05,West,Cash on Delivery,Completed,Mobile App,56.4
ORD101858,692063,67846,2025-06-19,2025-06-21,3,3594.68,0.1,East,Credit Card,Completed,Mobile App,46.7
ORD101859,249215,43806,2026-02-26,2026-03-02,1,703.97,0.05,South,Cash on Delivery,Completed,Mobile App,96.51
ORD101860,763304,79501,2025-05-24,2025-05-28,4,3453.73,0.05,West,UPI,Completed,Marketplace,79.2
ORD101861,235450,27124,2025-06-19,,1,723.73,0.0,West,UPI,Completed,Mobile App,129.14
ORD101862,887668,59930,2026-04-30,2026-05-03,1,2573.2,0.0,North,Credit Card,Completed,Mobile App,105.99
ORD101863,608777,80616,2025-11-12,2025-11-16,1,1193.83,0.1,West,Cash on Delivery,Completed,Mobile App,76.85
ORD101864,603177,99553,2026-06-06,,1,486.92,0.1,South,UPI,Completed,Marketplace,57.82
ORD101865,904239,39430,2026-03-28,2026-03-31,1,1747.36,0.0,East,Net Banking,Completed,Website,111.12
ORD101866,989775,83876,2025-08-08,2025/08/11,5,1328.75,0.05,South,Debit Card,Completed,Website,177.46
ORD101867,411950,88270,2025-11-19,2025-11-22,1,1690.14,0.1,West,UPI,Completed,Website,113.8
ORD101868,707085,75277,2026-03-30,2026-04-02,3,223.56,0.05,West,UPI,Cancelled,Marketplace,158.15
ORD101869,719823,94616,2026-03-22,2026-03-27,1,1312.5,0.0,South,UPI,Completed,Website,93.49
ORD101870,787474,47907,2025-06-23,2025-06-24,1,3430.76,0.15,South,Net Banking,Completed,Mobile App,130.13
ORD101871,383221,59930,2026-02-10,2026-02-13,1,2444.54,0.05,West,Debit Card,Completed,Mobile App,131.81
ORD101872,246788,27124,2025-12-22,2025-12-29,1,723.73,0.0,West,Net Banking,Completed,Mobile App,163.22
ORD101873,221868,39430,2025-02-12,2025-02-15,1,1747.36,0.0,North,Cash on Delivery,Completed,Mobile App,89.06
ORD101874,707415,25046,2025-07-29,2025-08-01,1,257.56,0.05,North,Net Banking,Completed,Website,138.58
ORD101875,532996,25780,2025-06-08,2025-06-11,3,474.27,0.1,South,Net Banking,Pending,Website,148.72
ORD101876,328394,67846,2025-10-31,2025-11-03,1,3594.68,0.1,South,PayPal,Completed,Mobile App,56.56
ORD101877,311483,75277,2026-06-17,2026-06-21,5,235.33,0.0,Central,Net Banking,Completed,Marketplace,107.49
ORD101878,,20351,2026-06-14,2026-06-18,2,693.18,0.0,North,Debit Card,Cancelled,Marketplace,63.56
ORD101879,488226,59930,23/01/2025,2025-01-26,1,2573.2,0.0,South,UPI,Completed,Website,77.92
ORD101880,510981,20351,2026-03-27,2026-03-31,3,693.18,0.0,South,UPI,Completed,Website,79.97
ORD101881,291348,40374,2025-08-18,2025-08-21,1,630.68,0.1,West,Cash on Delivery,Completed,Website,169.83
ORD101882,715785,43806,2025-11-10,2025-11-14,1,741.02,0.0,South,Cash on Delivery,Completed,Mobile App,84.87
ORD101883,499200,83401,2025-04-21,2025-04-22,1,517.66,0.1,North,PayPal,Completed,Website,90.57
ORD101884,941623,96270,2026-01-20,2026-01-22,1,356.33,0.0,South,Credit Card,Completed,Mobile App,98.3
ORD101885,908789,53143,2026-01-28,2026-01-31,1,2744.63,0.0,West,Credit Card,Completed,Mobile App,48.34
ORD101886,836208,94616,2025-12-14,2025-12-19,1,1312.5,0.0,South,Cash on Delivery,Completed,Mobile App,68.41
ORD101887,586025,25046,2026-05-19,2026-05-23,2,271.12,0.0,North,Credit Card,Returned,Marketplace,74.64
ORD101888,958803,67846,2025-01-21,2025-01-25,1,3994.09,0.0,East,UPI,Completed,Mobile App,82.18
ORD101889,385111,59930,2025-01-03,2025-01-06,3,2573.2,0.0,North,UPI,Completed,Mobile App,86.6
ORD101890,662543,47907,2025-06-06,2025-06-13,2,4036.19,0.0,West,UPI,Completed,Website,100.1
ORD101891,837919,83876,2025-07-24,2025-07-28,1,1398.68,0.0,South,Cash on Delivery,Completed,Mobile App,69.24
ORD101892,897209,59930,2025-06-24,2025-06-25,1,2573.2,0.0,West,UPI,Cancelled,Mobile App,124.15
ORD101893,715785,83401,2026-01-22,2026-01-25,999,575.18,0.0,South,UPI,Completed,Mobile App,35.87
ORD101894,946703,25780,2025-11-28,2025-12-01,2,474.27,0.1,North,Credit Card,Pending,Mobile App,117.42
ORD101895,235450,39430,2025-07-22,2025-07-24,1,1747.36,0.0,West,UPI,Completed,Mobile App,69.5
ORD101896,257678,94616,2026-06-12,2026-06-14,1,1181.25,0.1,East,UPI,Completed,Website,80.11
ORD101897,800130,99553,2026-04-10,2026-04-13,3,486.92,0.1,North,Debit Card,Completed,Mobile App,163.38
ORD101898,541876,20351,2025-07-31,2025-08-03,3,623.86,0.1,South,Cash on Delivery,Completed,Mobile App,82.11
ORD101899,782094,27124,2025-11-12,2025-11-15,2,651.36,0.1,West,Credit Card,Completed,Website,150.16
ORD101900,709183,47907,2026-04-12,2026-04-16,1,4036.19,0.0,West,Credit Card,Cancelled,Mobile App,54.16
ORD101901,608777,59930,2025-11-13,2025-11-18,3,2444.54,0.05,West,UPI,Completed,Mobile App,137.51
ORD101902,709183,53143,2025-09-12,2025-09-15,1,2744.63,0.0,West,UPI,Completed,Website,134.37
ORD101903,257381,67846,2025-11-08,2025-11-11,1,3594.68,0.1,North,UPI,Completed,Mobile App,54.91
ORD101904,836208,80616,2025-10-14,2025-10-18,2,1326.48,0.0,South,Credit Card,Completed,Mobile App,55.26
ORD101905,717322,83876,2025-04-25,2025-04-29,1,1398.68,0.0,North,UPI,Completed,Mobile App,83.41
ORD101906,247829,47907,2025-06-18,2025-06-25,1,4036.19,0.0,West,UPI,Returned,Mobile App,173.78
ORD101907,814369,25046,2025-11-14,2025-11-17,3,257.56,0.05,North,Credit Card,Completed,Website,79.92
ORD101908,510981,59930,2025-02-15,2025-02-19,1,2573.2,0.0,South,UPI,Completed,Website,94.48
ORD101909,511918,67846,2025-03-31,2025-04-02,3,3794.39,0.05,North,UPI,Completed,Website,158.14
ORD101910,941978,80616,2025-09-21,2025-09-28,1,1326.48,0.0,North,Credit Card,Completed,Marketplace,149.75
ORD101911,634991,23723,2025-12-04,2025-12-09,1,469.55,0.05,West,Credit Card,Completed,Website,98.9
ORD101912,243466,75277,2025-11-19,2025-11-23,1,211.8,0.1,West,Credit Card,Completed,Website,42.2
ORD101913,690321,80616,2026-05-29,2026-06-02,3,1193.83,0.1,North,Credit Card,Returned,Mobile App,62.95
ORD101914,499200,47907,2025-06-13,2025-06-20,1,4036.19,0.0,North,UPI,Pending,Marketplace,55.67
ORD101915,509415,59930,2025-05-30,2025-06-03,2,2444.54,0.05,south,Credit Card,Completed,Mobile App,64.27
ORD101916,445845,39430,2026-02-23,2026-02-26,2,1659.99,0.05,East,Credit Card,Completed,Website,110.57
ORD101917,780919,80616,2026-01-29,2026-01-31,2,1326.48,0.0,West,Cash on Delivery,Completed,Website,40.38
ORD101918,440325,25046,2026-03-07,2026-03-08,1,257.56,0.05,North,UPI,Completed,Mobile App,88.9
ORD101919,634991,99553,2025-10-08,2025-10-11,1,459.87,0.15,West,UPI,Completed,Website,105.44
ORD101920,257678,23723,2026-06-15,06-18-2026,2,494.26,0.0,East,Debit Card,Completed,Mobile App,72.4
ORD101921,764915,88270,2026-03-30,2026-04-03,1,1877.93,0.0,North,Credit Card,Completed,Website,40.61
ORD101922,578458,80616,2025-05-16,2025-05-18,1,1260.16,0.05,West,Cash on Delivery,Completed,Mobile App,131.3
ORD101923,863492,20351,2025-02-06,2025-02-09,2,623.86,0.1,Central,Cash on Delivery,Completed,Website,171.71
ORD101924,608777,80616,2026-04-14,2026-04-17,1,1193.83,0.1,West,Credit Card,Completed,Marketplace,49.28
ORD101925,509415,47907,2025-11-09,2025-11-14,1,3430.76,0.15,North,Debit Card,Completed,Website,92.35
ORD101926,832149,96857,2025-05-13,2025-05-18,1,1057.45,0.0,South,PayPal,Completed,Marketplace,132.99
ORD101927,509415,20351,2025-01-23,2025-01-25,1,658.52,0.05,North,Cash on Delivery,Completed,Mobile App,148.8
ORD101928,156175,21754,2025-03-11,2025-03-13,1,1324.39,0.0,South,Cash on Delivery,Returned,Mobile App,46.69
ORD101929,836203,20351,2025-12-17,2025-12-18,1,658.52,0.05,North,Cash on Delivery,Completed,Mobile App,178.95
ORD101930,935164,75277,2026-02-04,,2,"2,323.84",0.15,East,UPI,Returned,Mobile App,148.67
ORD101931,508068,23723,2026-01-02,2026-01-04,2,494.26,0.0,East,UPI,Completed,Website,86.7
ORD101932,384470,96857,2025-09-06,2025-09-08,4,1057.45,0.0,West,UPI,Completed,Mobile App,154.93
ORD101933,256842,20351,2025-07-12,2025-07-15,1,693.18,0.0,Central,Debit Card,Completed,Website,159.45
ORD101934,934103,27124,2025-02-11,2025-02-15,1,615.17,0.15,West,Debit Card,Completed,Website,158.36
ORD101935,310574,67846,2025-08-28,2025-08-31,1,3794.39,0.05,Central,Credit Card,Cancelled,Website,138.29
ORD101936,311118,59930,2025-10-18,20-Oct-2025,4,2315.88,0.1,West,Cash on Delivery,Completed,Mobile App,79.76
ORD101937,151040,53143,2025-06-15,2025-06-20,2,2744.63,0.0,South,UPI,Pending,Mobile App,111.89
ORD101938,287271,47907,2025-02-25,2025-03-02,2,4036.19,0.0,East,Cash on Delivery,Returned,Website,81.33
ORD101939,232362,88270,2026-01-13,2026-01-17,3,1877.93,0.0,South,Cash on Delivery,Completed,Mobile App,165.15
ORD101940,453136,53143,2025-04-25,2025-04-30,1,2744.63,0.0,East,UPI,Completed,Mobile App,129.71
ORD101941,418418,79501,2026-05-09,,2,3271.96,0.1,North,Cash on Delivery,Completed,Mobile App,144.98
ORD101942,655109,25780,2026-03-12,2026-03-16,2,526.97,0.0,North,UPI,Completed,Website,75.38
ORD101943,459974,23723,2025-01-27,2025-01-29,1,494.26,0.0,North,Credit Card,Returned,Mobile App,177.92
ORD101944,488226,59930,2025-04-24,2025-04-25,2,2573.2,0.0,South,Cash on Delivery,Pending,Website,164.57
ORD101945,989775,80616,2026-02-27,2026-03-02,1,1326.48,0.0,South,Cash on Delivery,Pending,Website,102.09
ORD101946,800293,59930,2025-11-15,2025-11-17,1,2187.22,0.15,North,Debit Card,Completed,Website,157.74
ORD101947,,59930,2025-12-31,2026-01-05,1,2058.56,0.2,South,PayPal,Completed,Marketplace,80.5
ORD101948,715785,99553,2026-05-02,2026-05-04,2,541.02,0.0,South,Cash on Delivery,Completed,Marketplace,89.38
ORD101949,836208,20351,2025-12-23,2025-12-26,1,693.18,0.0,South,Debit Card,Completed,Mobile App,141.23
ORD101950,390571,96857,2025-07-07,2025-07-11,4,1057.45,0.0,West,UPI,Pending,Mobile App,101.87
ORD101951,247829,39430,2025-10-05,2025-10-07,1,1659.99,0.05,West,Credit Card,Completed,Mobile App,133.05
ORD101952,235450,96857,2025-10-02,2025-10-05,1,1057.45,0.0,West,Credit Card,Completed,Website,164.07
ORD101953,198081,23723,2025-12-24,2025-12-26,1,420.12,0.15,South,UPI ,Completed,Mobile App,109.14
ORD101954,534152,40374,2025-10-01,2025-10-04,2,700.76,0.0,West,Debit Card,Completed,Marketplace,62.4
ORD101955,996075,25780,2026-04-02,2026-04-07,1,447.92,0.15,West,Cash on Delivery,Completed,Website,60.88
ORD101956,242097,59930,2025-06-08,2025-06-12,1,2444.54,0.05,West,Debit Card,Pending,Website,94.03
ORD101957,300385,83401,2025-12-02,2025-12-03,1,517.66,0.1,West,Credit Card,Completed,Mobile App,161.82
ORD101958,954224,67846,2026-05-29,2026-06-01,1,3994.09,0.0,South,Net Banking,Completed,Mobile App,106.22
ORD101959,553490,94616,2026-06-10,2026-06-12,3,1312.5,0.0,West,PayPal,Completed,Website,151.65
ORD101960,499200,94616,2025-10-27,2025-10-28,4,1312.5,0.0,North,UPI,Completed,Website,108.13
ORD101961,242287,59930,2026-06-03,2026-06-04,1,2058.56,0.2,East,Net Banking,Completed,Website,178.23
ORD101962,455093,80616,2026-02-03,2026-02-05,1,1127.51,0.15,South,Debit Card,Pending,Website,45.97
ORD101963,506712,24857,2025-10-02,2025-10-05,2,396.96,0.1,North,Cash on Delivery,Completed,Mobile App,175.01
ORD101964,681114,75277,2025-07-07,2025/07/12,2,223.56,0.05,North,Debit Card,Completed,Website,176.21
ORD101965,920802,99553,2025-05-26,2025-05-29,3,513.97,0.05,Central,PayPal,Completed,Mobile App,178.75
ORD101966,529195,94616,2025-12-20,2025-12-25,2,1181.25,0.1,South,PayPal,Completed,Mobile App,65.56
ORD101967,578458,67846,2025-10-29,2025-11-03,1,3994.09,0.0,West,UPI,Completed,Website,152.18
ORD101968,221705,20351,2025-12-19,2025-12-21,1,554.54,0.2,West,Debit Card,Completed,Website,83.59
ORD101969,156175,59930,2025-10-06,,1,2444.54,0.05,South,Debit Card,Completed,Mobile App,123.55
ORD101970,901441,88270,2026-05-21,2026-05-24,1,1784.03,0.05,South,UPI,Completed,Marketplace,111.03
ORD101971,715785,67846,2025-11-18,2025-11-23,2,3994.09,0.0,South,Net Banking,Completed,Marketplace,147.71
ORD101972,946703,83401,2025-11-10,2025-11-17,3,575.18,0.0,North,UPI,Completed,Website,57.66
ORD101973,941623,67846,2026-03-14,2026-03-19,1,3994.09,0.0,South,UPI,Completed,Website,35.55
ORD101974,235450,80616,2025-12-29,2026-01-02,1,1061.18,0.2,West,UPI,Completed,Mobile App,111.12
ORD101975,294304,40374,2025-10-18,2025-10-21,1,665.72,0.05,North,UPI,Completed,Mobile App,135.57
ORD101976,882750,96270,2025-01-31,2025-02-07,1,356.33,0.0,East,Cash on Delivery,Pending,Website,164.5
ORD101977,372970,94616,2026-04-01,2026-04-08,1,1312.5,0.0,Central,Credit Card,Completed,Mobile App,129.69
ORD101978,935164,67846,2025-06-21,2025-06-24,2,3794.39,0.05,East,UPI,Completed,Website,40.39
ORD101979,555985,50462,2026-04-16,2026-04-20,1,161.17,0.0,East,Net Banking,Completed,Website,156.33
ORD101980,455422,20351,2026-05-11,,4,693.18,0.0,South,Net Banking,Completed,Marketplace,36.4
ORD101981,257381,96857,2025-10-02,2025-10-05,1,1004.58,0.05,North,Debit Card,Returned,Website,172.57
ORD101982,833912,94616,2025-03-02,2025-03-03,1,1312.5,0.0,North,Net Banking,Completed,Marketplace,141.28
ORD101983,611008,20351,2025-03-09,2025-03-11,3,693.18,0.0,West,UPI,Returned,Mobile App,74.86
ORD101984,263148,39430,2026-01-10,12-Jan-2026,2,1747.36,0.0,North,Net Banking,Completed,Marketplace,178.56
ORD101985,384470,23723,2025-08-26,2025-08-29,1,494.26,0.0,West,Net Banking,Completed,Website,42.64
ORD101986,520596,80616,2026-06-05,2026-06-12,1,1260.16,-0.1,West,Net Banking,Completed,Mobile App,41.22
ORD101987,590270,80616,2025-04-27,2025-04-28,4,1326.48,0.0,West,Credit Card,Completed,Website,98.07
ORD101988,669378,80616,2026-01-08,2026-01-11,1,1326.48,0.0,Central,UPI,Completed,Website,96.31
ORD101989,323509,80616,2025-06-10,2025-06-12,2,1260.16,0.05,East,COD,Completed,Website,123.25
ORD101990,820397,24857,2025-11-26,2025-11-30,1,419.02,0.05,West,UPI,Completed,Website,118.6
ORD101991,418418,83876,2025-09-19,2025-09-23,4,1398.68,0.0,North,Net Banking,Completed,Website,134.59
ORD101992,876105,83876,2025-06-04,2025-06-08,1,1398.68,0.0,East,Net Banking,Pending,Mobile App,153.23
ORD101993,545153,24857,2026-02-11,2026-02-14,4,396.96,0.1,East,Cash on Delivery,Completed,Mobile App,127.1
ORD101994,601846,79501,2025-06-06,2025-06-09,1,3635.51,0.0,North,UPI,Completed,Marketplace,48.95
ORD101995,634991,39430,2025-02-20,2025-02-22,4,1747.36,0.0,West,Credit Card,Returned,Marketplace,166.5
ORD101996,608777,99553,2026-03-06,2026-03-10,4,541.02,0.0,West,Net Banking,Completed,Website,119.8
ORD101997,419328,96857,2025-04-26,2025-05-01,2,1057.45,0.0,South,Credit Card,Completed,Marketplace,53.46
ORD101998,509415,25780,2025-11-05,2025-11-09,1,421.58,0.2,North,Cash on Delivery,Completed,Mobile App,144.76
ORD101999,934103,67846,2025-11-24,,1,3794.39,0.05,West,Net Banking,Completed,Mobile App,121.12
ORD102000,634991,23723,2025-06-04,2025-06-07,1,494.26,0.0,West,UPI,Completed,Website,49.35
ORD102001,840889,43806,2025-11-14,2025-11-16,1,741.02,0.0,North,Cash on Delivery,Completed,Website,45.84
ORD102002,934103,28009,2026-04-06,2026-04-11,1,186.01,0.0,West,Debit Card,Completed,Mobile App,108.52
ORD102003,941623,53143,2026-01-05,2026-01-10,2,2744.63,0.0,South,UPI,Completed,Mobile App,140.61
ORD102004,256842,27124,2025-08-03,2025-08-05,3,723.73,0.0,Central,Cash on Delivery,Completed,Mobile App,165.49
ORD102005,814369,25046,2025-05-25,2025-05-28,1,271.12,0.0,North,Credit Card,Completed,Website,173.67
ORD102006,283517,59930,2026-06-15,2026-06-18,2,2573.2,0.0,South,UPI,Completed,Mobile App,148.43
ORD102007,752183,43806,2025-07-08,2025-07-11,1,666.92,0.1,Central,Cash on Delivery,Completed,Mobile App,117.38
ORD102008,707085,83401,01-02-2026,2026-01-04,1,575.18,0.0,West,Debit Card,Completed,Mobile App,90.64
ORD102009,259621,67846,2025-07-04,2025-07-06,1,3794.39,0.05,East,UPI,Pending,Website,109.47
ORD102010,502957,96270,2026-02-21,2026-02-26,2,356.33,0.0,North,Cash on Delivery,Completed,Marketplace,100.97
ORD102011,568342,83401,2026-01-17,2026-01-18,1,575.18,0.0,North,UPI,Pending,Mobile App,39.54
ORD102012,784164,27124,2026-06-01,2026-06-05,1,651.36,0.1,North,Credit Card,Completed,Marketplace,53.21
ORD102013,502525,25780,2025-02-18,2025-02-21,2,526.97,0.0,Central,Debit Card,Completed,Mobile App,163.04
ORD102014,707085,40374,2026-03-16,2026-03-19,1,630.68,0.1,West,UPI,Cancelled,Marketplace,53.1
ORD102015,122935,23723,2025-03-08,2025-03-15,1,444.83,0.1,West,UPI,Completed,Website,65.12
ORD102016,606624,28009,2025-04-02,2025-04-05,3,186.01,0.0,West,UPI,Completed,Website,90.9
ORD102017,555985,59930,2025-01-21,2025-01-23,1,2573.2,0.0,East,Credit Card,Completed,Website,172.43
ORD102018,221705,27124,2025-08-29,2025-08-31,1,723.73,0.0,West,Cash on Delivery,Completed,Mobile App,51.24
ORD102019,832149,59930,2025-08-06,2025-08-11,1,2573.2,0.0,South,PayPal,Completed,Website,43.9
ORD102020,620517,80616,2025-01-04,2025-01-08,1,1193.83,0.1,East,Credit Card,Pending,Website,44.53
ORD102021,451923,83401,2026-05-13,2026-05-16,1,517.66,0.1,West,Debit Card,Completed,Website,75.21
ORD102022,408371,23723,2026-03-15,2026-03-18,1,444.83,0.1,South,Cash on Delivery,Pending,Marketplace,46.25
ORD102023,221868,59930,2026-01-08,2026-01-15,2,2573.2,0.0,North,UPI,Cancelled,Website,133.87
ORD102024,578458,59930,2026-06-23,2026-06-25,5,2573.2,0.0,West,UPI,Completed,Mobile App,141.2
ORD102025,509415,47907,2025-10-30,2025-11-03,3,4036.19,0.0,North,Debit Card,Completed,Website,129.06
ORD102026,277121,79501,2026-06-27,2026-07-01,1,3635.51,0.0,South,Debit Card,Completed,Website,93.67
ORD102027,384876,88270,2026-04-11,2026-04-14,3,1877.93,0.0,Central,UPI,Completed,Mobile App,85.36
ORD102028,391959,53143,2026-05-11,2026-05-14,1,2744.63,0.0,North,Credit Card,Cancelled,Website,78.84
ORD102029,179644,96857,2026-03-02,2026-03-06,3,1057.45,0.0,West,Cash on Delivery,Completed,Mobile App,73.82
ORD102030,235450,20351,2025-08-30,2025-09-04,1,693.18,0.0,West,PayPal,Completed,Marketplace,111.44
ORD102031,764915,25780,2026-02-18,2026-02-22,1,526.97,0.0,North,UPI,Returned,Website,103.5
ORD102032,715785,80616,2025-05-26,2025-05-31,1,1326.48,0.0,South,UPI,Completed,Website,137.1
ORD102033,545153,53143,2025-06-21,2025-06-24,1,2607.4,0.05,East,Net Banking,Completed,Website,164.38
ORD102034,676737,47907,2026-03-04,2026-03-07,1,3632.57,0.1,Central,Credit Card,Completed,Marketplace,155.02
ORD102035,935164,96857,2025-11-08,2025-11-13,2,,0.0,East,Net Banking,Returned,Mobile App,156.63
ORD102036,620517,59930,2025-12-25,2025-12-27,1,2573.2,0.0,East,Net Banking,Completed,Mobile App,144.77
ORD102037,816732,75277,2026-04-30,2026-05-02,1,211.8,0.1,East,Debit Card,Cancelled,Website,90.07
ORD102038,257381,94616,2026-03-06,2026-03-11,1,1312.5,0.0,North,UPI,Returned,Website,155.97
ORD102039,185572,53143,2026-01-27,2026-01-30,2,2744.63,0.0,West,PayPal,Completed,Website,69.91
ORD102040,635958,80616,2025-12-28,2025-12-30,1,1326.48,0.0,North,Debit Card,Completed,Marketplace,118.33
ORD102041,328394,83876,2026-03-23,2026-03-27,2,1258.81,0.1,South,UPI,Completed,Website,106.48
ORD102042,816732,20351,2025-04-22,2025-04-25,-1,658.52,0.05,East,UPI,Completed,Website,137.03
ORD102043,962018,40374,2026-05-24,2026-05-26,4,560.61,0.2,North,UPI,Completed,Website,67.3
ORD102044,740287,27124,2025-06-15,2025-06-18,1,723.73,0.0,West,Credit Card,Completed,Website,106.77
ORD102045,600448,25780,2025-10-29,2025-11-01,3,474.27,0.1,East,Debit Card,Completed,Marketplace,145.3
ORD102046,357370,59930,2025-10-31,2025-11-03,1,2573.2,0.0,South,PayPal,Cancelled,Website,143.61
ORD102047,249215,23723,2026-04-10,2026-04-12,2,444.83,0.1,South,Cash on Delivery,Completed,Website,66.06
ORD102048,996075,47907,2026-03-09,2026-03-11,1,4036.19,0.0,West,Credit Card,Completed,Website,121.44
ORD102049,506712,96270,2026-03-29,2026-04-01,1,338.51,0.05,North,UPI,Completed,Website,161.18
ORD102050,746968,88270,2025-10-25,2025-10-28,1,1877.93,0.0,West,Cash on Delivery,Completed,Website,114.2
ORD102051,608777,59930,2025-01-03,2025-01-07,1,2315.88,0.1,West,Cash on Delivery,Completed,Mobile App,115.52
ORD102052,453136,80616,2025-11-03,2025-11-08,1,1326.48,0.0,East,UPI,Completed,Website,143.87
ORD102053,415781,80616,2025-07-26,2025-07-28,1,1326.48,0.0,Central,Cash on Delivery,Completed,Marketplace,48.3
ORD102054,709183,20351,2025-02-03,2025-02-04,1,693.18,0.0,West,Cash on Delivery,Returned,Website,85.81
ORD102055,719823,43806,2026-01-05,2026-01-09,1,666.92,0.1,South,UPI,Completed,Website,89.51
ORD102056,287271,96857,2025-02-18,2025-02-23,1,1057.45,0.0,East,Credit Card,Completed,Mobile App,67.24
ORD102057,559636,88270,2025-09-01,2025-09-05,1,1877.93,0.0,South,UPI,Cancelled,Website,51.18
ORD102058,823362,79501,2025-08-20,2025-08-23,3,3271.96,0.1,South,Net Banking,Completed,Website,153.73
ORD102059,510981,25780,2025-11-10,2025-11-12,2,421.58,0.2,South,Cash on Delivery,Completed,Website,40.2
ORD102060,155485,20351,2025-12-04,2025-12-06,1,589.2,0.15,West,Credit Card,Completed,Mobile App,89.63
ORD102061,384470,59930,2026-05-01,2026-05-03,1,2315.88,0.1,West,Net Banking,Returned,Mobile App,81.04
ORD102062,235450,40374,2025-07-06,2025-07-08,3,700.76,0.0,West,Debit Card,Pending,Mobile App,173.61
ORD102063,300385,59930,2025-07-14,2025-07-17,2,2573.2,0.0,West,UPI,Completed,Mobile App,110.57
ORD102064,670233,59930,2025-02-10,2025-02-12,1,2315.88,0.1,South,Cash on Delivery,Completed,Website,148.81
ORD102065,601846,67846,2025-03-26,2025-03-28,1,3794.39,0.05,North,Cash on Delivery,Completed,Marketplace,107.77
ORD102066,981656,83401,2026-04-01,2026-04-08,1,575.18,0.0,East,UPI,Returned,Website,142.11
ORD102067,715785,23723,2025-09-16,2025-09-18,1,494.26,0.0,South,UPI,Completed,Website,73.77
ORD102068,670233,24857,2026-04-09,2026-04-07,5,441.07,0.0,South,Credit Card,Completed,Mobile App,49.02
ORD102069,794251,83401,2025-02-09,2025-02-14,2,575.18,0.0,North,Debit Card,Pending,Mobile App,44.44
ORD102070,638474,40374,2025-09-11,2025-09-15,1,630.68,0.1,West,Cash on Delivery,Completed,Marketplace,82.63
ORD102071,981656,67846,2026-04-15,2026-04-19,1,3994.09,0.0,East,Credit Card,Completed,Website,55.05
ORD102072,109789,20351,2025-03-29,2025-04-05,3,693.18,0.0,Central,UPI,Completed,Mobile App,116.25
ORD102073,705520,47907,2025-12-16,2025-12-19,2,4036.19,0.0,North,Credit Card,Completed,Website,140.06
ORD102074,887668,80616,2025-11-25,2025-11-28,1,1260.16,0.05,North,UPI,Completed,Website,77.24
ORD102075,257678,96270,2025-10-27,2025-10-28,1,338.51,0.05,East,Cash on Delivery,Completed,Mobile App,91.68
ORD102076,707415,96857,2025-12-02,2025-11-29,1,1057.45,0.0,North,Debit Card,Completed,Mobile App,97.58
ORD102077,766286,96857,2025-08-16,2025-08-17,1,1057.45,0.0,Central,UPI,Completed,Mobile App,48.12
ORD102078,509415,80616,2025-08-30,2025-09-01,1,1260.16,0.05,North,Debit Card,Completed,Mobile App,132.19
ORD102079,558733,43806,2026-02-16,02-18-2026,1,666.92,0.1,East,Cash on Delivery,Completed,Marketplace,72.21
ORD102080,989740,94616,2025-10-23,2025-10-25,2,1181.25,0.1,East,Cash on Delivery,Completed,Website,39.57
ORD102081,611008,23723,2025-02-16,2025-02-20,2,494.26,0.0,West,Credit Card,Completed,Mobile App,167.92
ORD102082,746968,75277,2025-10-17,2025-10-19,1,211.8,0.1,West,Cash on Delivery,Completed,Website,122.14
ORD102083,935164,20351,2025-02-04,2025-02-11,1,693.18,0.0,East,UPI,Completed,Website,137.18
ORD102084,407648,67846,2026-06-28,2026-07-05,4,3994.09,0.0,North,Credit Card,Completed,Mobile App,159.26
ORD102085,485707,96857,2025-09-13,2025-09-17,1,1057.45,0.0,West,Cash on Delivery,Completed,Website,82.41
ORD102086,989740,53143,2026-01-09,2026-01-16,1,2744.63,0.0,East,Credit Card,Returned,Website,135.49
ORD102087,962018,25780,2025-11-11,2025-11-13,1,474.27,0.1,North,UPI,Completed,Website,108.69
ORD102088,545153,47907,2025-09-05,2025-09-09,1,4036.19,0.0,East,Cash on Delivery,Completed,Website,61.0
ORD102089,522520,67846,2025-11-03,2025-11-05,1,3394.98,0.15,South,Debit Card,Completed,Website,138.62
ORD102090,918245,20351,2025-07-29,2025-07-31,1,,0.0,South,Credit Card,Completed,Marketplace,144.71
ORD102091,315743,96270,2025-12-16,2025-12-20,1,356.33,0.0,East,Net Banking,Returned,Website,59.12
ORD102092,109789,79501,2025-04-08,2025-04-15,3,3635.51,0.0,Central,Debit Card,Completed,Mobile App,43.13
ORD102093,983577,53143,2025-11-23,2025-11-26,1,2332.94,0.15,South,Cash on Delivery,Completed,Website,53.87
ORD102094,242287,27124,2026-05-23,2026-05-26,2,723.73,0.0,East,UPI,Completed,Mobile App,103.17
ORD102095,287271,25780,2025-09-09,2025-09-12,2,526.97,0.0,East,Net Banking,Completed,Website,122.95
ORD102096,499659,67846,2025-07-28,2025-07-31,1,3994.09,0.0,West,Credit Card,Completed,Mobile App,58.54
ORD102097,502144,88270,2025-02-25,2025-02-26,1,1596.24,0.15,North,UPI,Completed,Mobile App,77.13
ORD102098,263148,59930,2025-04-29,2025-05-02,1,2573.2,0.0,west,UPI,Completed,Mobile App,91.6
ORD102099,142839,59930,2025-10-07,2025-10-09,1,2187.22,0.15,South,Net Banking,Completed,Website,168.53
ORD102100,509415,53143,05-May-2026,2026-05-06,5,2607.4,0.05,North,Net Banking,Completed,Mobile App,71.89
ORD102101,633700,23723,2026-01-11,2026-01-15,1,494.26,0.0,South,Debit Card,Completed,Mobile App,68.3
ORD102102,836208,94616,2026-01-16,2026-01-20,1,1312.5,0.0,South,Net Banking,Cancelled,Mobile App,41.82
ORD102103,367193,80616,2025-07-01,2025-07-06,1,1326.48,0.0,South,Net Banking,Completed,Website,54.29
ORD102104,509415,80616,2026-04-08,2026-04-09,1,1061.18,0.2,North,Net Banking,Completed,Marketplace,132.28
ORD102105,667475,28009,2025-11-27,2025-12-01,1,167.41,0.1,East,UPI,Completed,Mobile App,161.8
ORD102106,545153,83876,2025-02-01,2025-02-02,1,1398.68,0.0,East,Debit Card,Returned,Website,152.12
ORD102107,242097,99553,2025-11-17,2025-11-19,1,459.87,0.15,West,Net Banking,Pending,Marketplace,104.96
ORD102108,951867,53143,2026-02-09,2026-02-13,1,2744.63,0.0,South,Cash on Delivery,Completed,Mobile App,109.18
ORD102109,559636,83401,2025-02-13,2025-02-14,1,575.18,0.0,South,Credit Card,Completed,Marketplace,104.64
ORD102110,682782,83401,2026-05-09,13-May-2026,1,546.42,0.05,West,Debit Card,Completed,Mobile App,121.17
ORD102111,718525,23723,2025-12-27,2025-12-29,3,494.26,0.0,West,UPI,Completed,Website,128.88
ORD102112,133026,53143,2025-07-22,2025-07-26,1,2607.4,0.05,East,Net Banking,Completed,Website,77.6
ORD102113,908789,20351,2025-09-18,09-21-2025,2,693.18,0.0,West,Credit Card,Completed,Mobile App,162.04
ORD102114,294304,59930,2025-06-10,2025-06-13,1,2315.88,0.1,North,UPI,Completed,Marketplace,90.88
ORD102115,509415,67846,2025-11-30,2025-12-03,1,3394.98,15 %,North,Cash on Delivery,Completed,Mobile App,174.15
ORD102116,247829,80616,2025-10-27,2025-10-29,2,1326.48,0.0,West,PayPal,Completed,Website,161.95
ORD102117,453136,23723,2025-09-27,2025-09-30,1,494.26,0.0,East,Credit Card,Completed,Website,125.95
ORD102118,442850,25780,2025-12-11,2025-12-16,2,500.62,0.05,East,Credit Card,Completed,Website,58.29
ORD102119,177793,67846,2026-03-16,2026-03-18,1,3994.09,0.0,West,Credit Card,Completed,Website,83.22
ORD102120,996075,80616,2025-07-22,2025-07-25,1,1326.48,0.0,West,Cash on Delivery,Completed,Website,73.52
ORD102121,243466,80616,2025-01-18,2025-01-21,1,1260.16,0.05,West,Credit Card,Completed,Mobile App,122.55
ORD102122,941623,83876,2025-05-30,2025-06-01,1,1398.68,0.0,South,UPI,Completed,Marketplace,167.38
ORD102123,386418,79501,2025-07-28,2025-07-29,1,3090.18,0.15,East,PayPal,Completed,Marketplace,123.93
ORD102124,611008,23723,2025-08-18,2025-08-20,1,494.26,0.0,West,Credit Card,Completed,Mobile App,72.12
ORD102125,853329,53143,2026-02-24,2026-02-26,2,2744.63,0.0,South,UPI,Completed,Mobile App,99.16
ORD102126,509415,43806,2025-12-08,2025-12-15,1,629.87,0.15,North,UPI,Completed,Website,48.93
ORD102127,607287,67846,2025-12-28,2025-12-31,1,3994.09,0.0,Central,Cash on Delivery,Completed,Website,66.82
ORD102128,766286,23723,2025-11-14,2025-11-16,2,420.12,0.15,Central,Cash on Delivery,Completed,Website,103.82
ORD102129,242287,59930,2025-10-04,2025-10-09,2,2573.2,0.0,East,Cash on Delivery,Cancelled,Website,86.87
ORD102130,983577,83401,2025-05-21,2025-05-25,4,546.42,0.05,South,UPI,Completed,Website,153.94
ORD102131,679329,53143,2025-10-24,2025-10-31,3,2744.63,0.0,Central,Cash on Delivery,Completed,Marketplace,124.66
ORD102132,918029,80616,2026-02-16,2026-02-19,1,1193.83,0.1,South,Credit Card,Completed,Website,144.66
ORD102133,505136,83401,2025-07-10,2025-07-11,1,546.42,0.05,West,Debit Card,Pending,Marketplace,166.71
ORD102134,302380,59930,2025-05-26,2025-05-27,1,2573.2,0.0,West,UPI,Completed,Website,135.16
ORD102135,534430,25046,2025-10-16,2025-10-19,2,271.12,0.0,West,Debit Card,Completed,Website,100.2
ORD102136,235450,83401,2026-01-13,2026-01-15,4,546.42,0.05,West,UPI,Returned,Mobile App,45.07
ORD102137,918245,27124,2026-05-18,2026-05-21,1,651.36,0.1,South,Cash on Delivery,Completed,Website,130.86
ORD102138,603177,25780,2025-08-20,2025-08-25,2,447.92,0.15,South,Credit Card,Completed,Marketplace,148.4
ORD102139,381598,67846,2026-05-04,2026-05-07,1,3994.09,0.0,South,UPI,Completed,Website,124.32
ORD102140,188494,39430,2026-01-05,2026-01-07,2,1747.36,0.0,Central,UPI,Completed,Mobile App,107.89
ORD102141,821239,25046,2025-06-10,2025-06-11,1,271.12,0.0,South,Credit Card,Completed,Marketplace,153.89
ORD102142,532996,25046,2026-05-18,2026-05-20,5,230.45,0.15,South,UPI,Completed,Marketplace,88.64
ORD102143,203676,96857,2026-06-26,2026-06-29,1,1057.45,0.0,Central,Credit Card,Completed,Mobile App,132.75
ORD102144,732665,94616,2025-06-27,2025-06-30,1,1181.25,0.1,Central,Debit Card,Completed,Website,71.12
ORD102145,889450,67846,2026-04-28,2026-05-05,2,3994.09,0.0,South,UPI,Completed,Website,43.52
ORD102146,983344,20351,2025-09-11,2025-09-14,1,658.52,0.05,North,Debit Card,Completed,Website,88.19
ORD102147,681114,53143,2025-03-06,2025-03-09,1,2744.63,0.0,North,Debit Card,Completed,Website,52.37
ORD102148,509415,50462,2025-12-28,2026-01-01,1,136.99,0.15,North,Credit Card,Pending,Mobile App,142.44
ORD102149,941623,79501,2026-05-12,2026-05-14,2,3271.96,0.1,South,PayPal,Pending,Mobile App,59.16
ORD102150,883666,59930,2025-03-30,2025-04-03,1,2573.2,0.0,North,UPI,Completed,Marketplace,78.95
ORD102151,155205,43806,2025-12-11,2025-12-16,1,741.02,0.0,North,UPI,Completed,Marketplace,67.23
ORD102152,634991,59930,2025-06-30,2025-07-02,1,2315.88,0.1,West,Cash on Delivery,Pending,Website,129.76
ORD102153,188500,25780,2026-01-07,2026-01-09,1,526.97,0.0,East,Credit Card,Completed,Website,91.7
ORD102154,384876,20351,2026-06-06,2026-06-13,1,693.18,0.0,Central,UPI,Completed,Mobile App,143.81
ORD102155,961619,67846,2025-10-16,2025-10-20,3,3994.09,0.0,North,UPI,Completed,Mobile App,69.6
ORD102156,634991,94616,2025-02-22,2025-02-23,2,1246.88,0.05,West,Cash on Delivery,Completed,Mobile App,88.47
ORD102157,951867,23723,2026-04-21,2026-04-24,1,469.55,0.05,South,Debit Card,Completed,Website,134.58
ORD102158,989775,80616,2026-04-13,2026-04-20,1,1326.48,0.0,South,Cash on Delivery,Completed,Website,144.78
ORD102159,385111,47907,2025-09-22,2025-09-25,3,3228.95,0.2,North,Net Banking,Completed,Mobile App,140.49
ORD102160,870571,83401,2026-04-10,2026-04-14,3,575.18,0.0,North,Cash on Delivery,Completed,Website,92.92
ORD102161,151040,94616,2025-12-05,2025-12-08,2,1181.25,0.1,South,UPI,Completed,Website,80.98
ORD102162,294304,83401,2026-01-12,2026-01-13,1,575.18,0.0,North,Cash on Delivery,Completed,Website,171.9
ORD102163,453136,59930,2025-09-29,2025-10-04,3,2315.88,0.1,East,Debit Card,Completed,Mobile App,154.89
ORD102164,410043,20351,2025-11-14,2025-11-18,1,554.54,0.2,North,Cash on Delivery,Completed,Marketplace,69.4
ORD102165,311483,20351,2026-01-01,2026-01-04,5,693.18,0.0,Central,UPI,Completed,Website,117.64
ORD102166,593800,83401,2025-08-13,2025-08-15,1,575.18,0.0,Central,Net Banking,Completed,Mobile App,129.81
ORD102167,532996,79501,2025-02-04,2025-02-05,3,3635.51,0.0,South,UPI,Completed,Mobile App,74.25
ORD102168,311483,83401,2025-11-28,2025-11-29,3,517.66,0.1,Central,UPI,Completed,Marketplace,146.04
ORD102169,327908,99553,2025-04-11,2025-04-14,3,541.02,0.0,Central,UPI,Completed,Website,78.93
ORD102170,410216,59930,2026-06-17,2026-06-20,1,2573.2,0.0,South,UPI,Completed,Marketplace,141.28
ORD102171,559636,59930,2026-03-10,2026-03-15,1,2573.2,0.0,South,Cash on Delivery,Completed,Website,50.56
ORD102172,142839,83401,2025-09-25,2025-09-28,2,546.42,0.05,South,UPI,Returned,Mobile App,120.65
ORD102173,821239,20351,2025-04-15,2025-04-17,1,693.18,0.0,South,UPI,Completed,Mobile App,161.29
ORD102174,620517,59930,2025-01-06,2025-01-13,1,2444.54,0.05,East,UPI,Completed,Website,52.62
ORD102175,551603,27124,2025-07-04,2025-07-07,3,723.73,0.0,East,Net Banking,Completed,Website,41.07
ORD102176,131550,79501,2026-02-06,2026-02-08,1,3271.96,0.1,West,UPI,Returned,Marketplace,78.67
ORD102177,836208,39430,2025-12-08,2025-12-12,1,1572.62,0.1,South,UPI,Completed,Mobile App,119.0
ORD102178,946703,80616,2025-12-31,2026-01-02,1,1260.16,0.05,North,Credit Card,Completed,Website,142.22
ORD102179,732665,25046,2025-01-09,2025-01-13,2,271.12,0.0,Central,Net Banking,Completed,Website,99.31
ORD102180,301355,99553,2025-05-08,2025-05-10,3,541.02,0.0,North,Credit Card,Completed,Website,60.14
ORD102181,142839,47907,2026-04-27,2026-04-28,1,3430.76,0.15,South,Cash on Delivery,Completed,Mobile App,147.67
ORD102182,981656,20351,2025-01-11,2025-01-14,1,693.18,0.0,East,Credit Card,Pending,Mobile App,125.46
ORD102183,710265,88270,2026-06-30,2026-07-05,1,1877.93,0.0,North,Debit Card,Completed,Website,150.83
ORD102184,382701,23723,2025-02-18,2025-02-23,2,494.26,0.0,West,Credit Card,Completed,Website,133.66
ORD102185,766286,40374,2025-12-26,2025-12-29,1,700.76,0.0,Central,UPI,Completed,Website,161.8
ORD102186,235450,21754,2025-08-18,22/08/2025,2,1191.95,0.1,West,Cash on Delivery,Completed,Website,64.04
ORD102187,638474,25780,02-Apr-2026,2026-04-09,4,526.97,0.0,West,UPI,Completed,Website,45.16
ORD102188,344759,39430,2025-08-15,2025-08-20,1,1747.36,0.0,Central,UPI,Completed,Website,138.96
ORD102189,230884,99553,2026-05-30,2026-06-04,3,541.02,0.0,East,Cash on Delivery,Completed,Mobile App,102.68
ORD102190,629730,59930,2025-08-30,2025-09-02,3,2573.2,0.0,West,Debit Card,Completed,Mobile App,69.79
ORD102191,453136,25780,2025-11-01,2025-11-08,1,526.97,0.0,East,Net Banking,Completed,Website,62.86
ORD102192,901441,40374,2025-08-08,2025-08-10,1,630.68,0.1,South,Credit Card,Completed,Website,74.78
ORD102193,247829,20351,2025-08-21,2025-08-25,1,554.54,0.2,West,Cash on Delivery,Completed,Mobile App,102.83
ORD102194,508068,53143,2025-03-26,2025-03-27,2,2607.4,0.05,East,Net Banking,Completed,Website,130.08
ORD102195,875514,39430,2025-11-07,2025-11-14,3,1747.36,0.0,West,UPI,Completed,Mobile App,122.0
ORD102196,510981,83876,2026-01-20,2026-01-23,2,1258.81,0.1,South,PayPal,Completed,Marketplace,76.59
ORD102197,766286,80616,2025-02-28,2025-03-03,1,1127.51,0.15,Central,Credit Card,Completed,Mobile App,177.26
ORD102198,311483,79501,2025-12-11,2025-12-18,3,3271.96,0.1,Central,UPI,Completed,Website,159.87
ORD102199,918245,53143,2025-12-16,2025-12-20,3,2744.63,0.0,South,Debit Card,Completed,Marketplace,71.05
ORD102200,406241,43806,2025-06-27,2025-06-28,1,741.02,0.0,East,UPI,Completed,Mobile App,170.32
ORD102201,559636,80616,2026-03-19,2026-03-24,1,1326.48,0.0,South,UPI,Returned,Mobile App,102.27
ORD102202,455093,27124,2025-12-05,2025-12-12,1,687.54,0.05,South,UPI,Completed,Website,44.67
ORD102203,302380,79501,2025-11-17,2025-11-21,1,3453.73,0.05,West,UPI,Returned,Website,70.69
ORD102204,962018,23723,2025-05-23,2025-05-25,1,494.26,0.0,North,UPI,Completed,Website,142.45
ORD102205,782094,23723,2026-01-08,2026-01-15,2,444.83,0.1,West,Net Banking,Completed,Mobile App,133.55
ORD102206,453136,99553,2025-05-23,2025-05-26,1,,0.05,East,Credit Card,Completed,Mobile App,47.53
ORD102207,545153,27124,2025/11/30,2025-12-07,1,651.36,0.1,East,Net Banking,Completed,Marketplace,118.84
ORD102208,620517,83401,2025-05-12,2025-05-15,1,575.18,0.0,East,UPI,Completed,Mobile App,108.38
ORD102209,156175,80616,2025-01-20,2025-01-22,2,1326.48,0.0,South,UPI,Cancelled,Mobile App,112.16
ORD102210,235450,59930,2026-02-13,2026-02-15,2,2187.22,0.15,West,Debit Card,Cancelled,Website,96.33
ORD102211,611008,99553,2026-06-07,2026-06-12,2,541.02,0.0,West,UPI,Completed,Mobile App,68.6
ORD102212,928190,20351,2025-06-10,2025-06-12,4,623.86,0.1,North,UPI,Completed,Mobile App,166.02
ORD102213,279421,59930,2025-10-25,2025-10-30,1,2573.2,0.0,North,UPI,Completed,Marketplace,136.28
ORD102214,384876,53143,2025-03-12,2025-03-14,1,2470.17,0.1,Central,Credit Card,Cancelled,Mobile App,70.08
ORD102215,382701,83876,2026-02-23,2026-03-02,1,1328.75,0.05,West,Credit Card,Completed,Website,61.47
ORD102216,715785,67846,2025-01-26,2025-01-30,1,3794.39,0.05,South,Debit Card,Completed,Website,131.3
ORD102217,179644,67846,2025-08-14,2025-08-16,3,3994.09,0.0,West,UPI,Completed,Marketplace,134.48
ORD102218,287271,27124,2026-05-11,2026-05-14,1,651.36,0.1,East,Net Banking,Completed,Mobile App,175.96
ORD102219,532996,23723,2025-07-19,2025-07-21,1,494.26,0.0,South,Net Banking,Completed,Website,46.95
ORD102220,652250,20351,2026-06-25,2026-06-30,1,693.18,0.0,North,Debit Card,Completed,Website,162.39
ORD102221,509415,67846,2025-06-28,2025-07-02,1,3994.09,0.0,North,UPI,Completed,Mobile App,89.86
ORD102222,807170,79501,2025-09-29,2025-10-02,2,3635.51,0.0,East,UPI,Returned,Mobile App,65.91
ORD102223,452355,23723,2026-01-29,2026-02-01,1,420.12,0.15,South,Cash on Delivery,Returned,Mobile App,78.28
ORD102224,707415,25780,2026-01-24,01-27-2026,1,526.97,0.0,North,UPI,Completed,Mobile App,37.23
ORD102225,190452,23723,2025-06-14,,1,494.26,0.0,North,UPI,Pending,Marketplace,100.62
ORD102226,707085,67846,2025-12-08,2025-12-11,1,3195.27,0.2,West,Credit Card,Completed,Mobile App,38.06
ORD102227,203145,96857,2025-04-21,2025-04-28,1,1057.45,0.0,North,PayPal,Completed,Marketplace,169.35
ORD102228,510981,80616,2025-12-11,2025-12-14,1,1326.48,0.0,South,Credit Card,Completed,Website,103.01
ORD102229,311483,20351,2025-12-31,2026-01-04,2,693.18,0.0,Central,Cash on Delivery,Completed,Website,87.04
ORD102230,981656,23723,2025-04-10,2025-04-12,4,494.26,0.0,East,UPI,Completed,Marketplace,94.89
ORD102231,897209,79501,2025-11-19,2025-11-22,1,3271.96,0.1,West,Cash on Delivery,Cancelled,Mobile App,69.17
ORD102232,608777,83876,2026-01-12,2026-01-17,1,1398.68,0.0,West,Net Banking,Completed,Mobile App,75.74
ORD102233,832149,20351,2025-07-06,2025-07-09,2,623.86,0.1,South,UPI,Pending,Website,143.96
ORD102234,876105,94616,2025-04-16,2025-04-20,1,1312.5,0.0,East,UPI,Completed,Website,119.56
ORD102235,498025,94616,2025-12-19,2025-12-19,1,1312.5,0.0,South,Debit Card,Cancelled,Website,106.18
ORD102236,506712,99553,2025-11-16,2025-11-19,3,541.02,0.0,North,Net Banking,Completed,Website,136.33
ORD102237,724384,80616,2026-04-17,2026-04-20,1,1326.48,0.0,East,Debit Card,Completed,Mobile App,138.56
ORD102238,550242,40374,2025-11-25,2025-11-27,5,630.68,0.1,South,UPI,Completed,Website,161.6
ORD102239,510981,25046,2025-02-09,2025-02-13,1,271.12,0.0,South,Credit Card,Cancelled,Website,167.89
ORD102240,590270,67846,2026-03-06,2026-03-08,3,3594.68,0.1,West,UPI,Completed,Website,156.94
ORD102241,333092,88270,2025-06-26,2025-07-01,1,1877.93,0.0,Central,UPI,Completed,Website,122.69
ORD102242,506712,97983,2026-04-14,2026-04-18,2,741.02,0.0,North,UPI,Completed,Website,84.81
ORD102243,738616,50462,2025-09-19,2025-09-20,1,161.17,0.0,West,UPI,Completed,Mobile App,142.31
ORD102244,185948,25046,2025-01-04,2025-01-06,1,271.12,0.0,West,UPI,Completed,Website,160.42
ORD102245,840889,53143,2025-11-03,2025-11-07,1,2607.4,0.05,North,UPI,Completed,Website,162.06
ORD102246,508068,83876,2025-07-11,2025-07-15,3,1398.68,0.0,East,UPI,Completed,Marketplace,81.05
ORD102247,165278,83876,2025-12-12,2025-12-13,1,1258.81,0.1,West,Credit Card,Completed,Mobile App,47.92
ORD102248,555985,88270,2025-10-23,2025-10-25,1,1690.14,0.1,East,Credit Card,Completed,Website,149.23
ORD102249,996075,99553,2026-01-17,2026-01-20,1,541.02,0.0,West,UPI,Completed,Website,156.6
ORD102250,590270,47907,2025-06-17,2025-06-19,1,4036.19,0.0,West,PayPal,Cancelled,Website,173.1
ORD102251,600728,47907,2026-04-27,2026-05-02,2,3632.57,0.1,North,Cash on Delivery,Pending,Marketplace,106.03
ORD102252,620517,99553,2025-07-01,2025-07-06,3,432.82,0.2,East,Cash on Delivery,Completed,Website,78.17
ORD102253,748941,83876,2025-01-09,2025-01-13,1,1258.81,0.1,South,Net Banking,Completed,Mobile App,71.83
ORD102254,488226,88270,2026-05-19,2026-05-23,1,1690.14,0.1,South,UPI,Completed,Marketplace,114.43
ORD102255,509415,67846,2026-05-07,2026-05-10,2,3994.09,0.0,North,PayPal,Completed,Website,159.51
ORD102256,459160,59930,2026-03-10,2026-03-12,2,2315.88,0.1,West,UPI,Completed,Mobile App,178.08
ORD102257,353016,43806,2026-03-04,2026-03-08,1,666.92,0.1,North,Credit Card,Completed,Mobile App,109.12
ORD102258,578302,83876,2025-03-20,2025-03-25,3,1398.68,0.0,Central,UPI,Completed,Mobile App,85.68
ORD102259,935164,23723,2026-03-05,2026-03-08,1,494.26,0.0,East,PayPal,Pending,Mobile App,138.73
ORD102260,969755,25780,2025-07-12,2025-07-17,1,526.97,0.0,South ,UPI,Completed,Mobile App,130.61
ORD102261,257678,94616,2025-05-13,2025-05-15,2,1312.5,0.0,East,UPI,Completed,Website,135.8
ORD102262,257381,99553,2026-03-04,2026-03-07,1,541.02,0.0,North,UPI,Completed,Marketplace,45.17
ORD102263,935164,20351,2025-08-17,2025-08-21,1,658.52,0.05,East,UPI,Completed,Mobile App,165.5
ORD102264,989740,79501,2025-10-17,2025-10-21,1,3635.51,0.0,East,Credit Card,Completed,Website,36.94
ORD102265,311483,39430,2025-04-25,2025-04-28,5,1747.36,0.0,Central,Net Banking,Completed,Marketplace,82.66
ORD102266,767922,67846,2026-01-25,2026-01-30,2,3794.39,0.05,West,Credit Card,Completed,Mobile App,170.44
ORD102267,277952,25046,2025-12-08,2025-12-12,999,244.01,0.1,South,UPI,Completed,Website,173.43
ORD102268,486108,28009,2026-06-24,2026-07-01,2,186.01,0.0,West,Net Banking,Completed,Mobile App,86.41
ORD102269,453136,99553,31/01/2026,2026-02-03,1,541.02,0.0,East,UPI,Cancelled,Website,159.36
ORD102270,545153,39430,2025-02-06,2025-02-11,2,1747.36,0.0,East,UPI,Completed,Website,93.25
ORD102271,188500,79501,2025-02-10,2025-02-17,1,3090.18,0.15,west,UPI,Completed,Mobile App,173.93
ORD102272,499200,59930,2025-07-11,2025-07-15,1,2573.2,0.0,North,Cash on Delivery,Completed,Mobile App,177.85
ORD102273,635958,59930,2025-12-12,2025-12-16,2,2573.2,0.0,North,Cash on Delivery,Completed,Mobile App,72.49
ORD102274,707415,99553,2025-09-19,2025-09-24,2,541.02,0.0,North,PayPal,Completed,Marketplace,95.55
ORD102275,934103,28009,2025-12-13,2025-12-16,1,186.01,0.0,West,Net Banking,Completed,Website,83.11
ORD102276,603177,40374,2025-08-18,2025-08-21,1,700.76,0.0,South,PayPal,Completed,Mobile App,172.65
ORD102277,537950,88270,2025-11-04,2025-11-09,3,1877.93,0.0,East,Net Banking,Completed,Marketplace,90.09
ORD102278,578458,25046,2025-03-13,2025-03-17,3,257.56,0.05,West,Credit Card,Completed,Website,145.24
ORD102279,179970,79501,2025-12-03,2025-12-08,1,3271.96,0.1,Central,UPI,Cancelled,Marketplace,68.16
ORD102280,486108,25780,02-19-2026,2026-02-22,2,526.97,0.0,West,Debit Card,Completed,Website,132.63
ORD102281,756713,43806,2025-04-04,2025-04-08,1,741.02,0.0,West,UPI,Completed,Mobile App,170.85
ORD102282,938019,99553,2026-04-27,2026-05-01,1,459.87,0.15,South,Cash on Delivery,Completed,Mobile App,147.05
ORD102283,709183,27124,2026/01/29,2026-01-30,1,723.73,0.0,West,Credit Card,Completed,Mobile App,35.67
ORD102284,509415,96857,2026-04-23,2026-04-27,2,1057.45,0.0,North,PayPal,Completed,Mobile App,118.69
ORD102285,520596,83876,2025-12-10,2025-12-12,5,1258.81,0.1,West,Net Banking,Completed,Website,44.98
ORD102286,938019,83401,2025-07-01,2025-07-02,1,546.42,0.05,South,Credit Card,Completed,Website,63.05
ORD102287,941623,67846,2025-04-14,2025-04-19,2,3394.98,0.15,South,Net Banking,Completed,Mobile App,122.54
ORD102288,807170,25046,2026-05-27,2026-05-29,3,271.12,0.0,East,Credit Card,Completed,Website,143.46
ORD102289,277952,20351,2025-01-21,2025-01-24,2,589.2,0.15,South,Credit Card,Returned,Mobile App,129.42
ORD102290,761892,53143,2025-01-31,2025-02-02,1,2744.63,0.0,South,Cash on Delivery,Completed,Marketplace,63.73
ORD102291,323509,39430,2025-10-15,,3,1659.99,0.05,East,Credit Card,Completed,Website,82.55
ORD102292,418418,23723,2026-03-23,2026-03-25,3,494.26,0.0,North,Debit Card,Completed,Website,92.01
ORD102293,520596,83876,2025-08-27,2025-09-01,1,1398.68,0.0,West,UPI,Returned,Mobile App,58.28
ORD102294,510981,88270,2025-12-02,2025-12-06,1,1596.24,0.15,South,PayPal,Completed,Website,130.41
ORD102295,215684,20351,2026-05-11,2026-05-15,2,623.86,0.1,South,Debit Card,Completed,Website,35.09
ORD102296,666877,25780,2025-11-11,2025-11-12,2,526.97,0.0,East,Net Banking,Pending,Website,149.56
ORD102297,390571,39430,23-May-2025,2025-05-24,1,1659.99,0.05,West,UPI,Completed,Website,81.78
ORD102298,987249,88270,2025-06-07,2025-06-14,2,1784.03,0.05,Central,Credit Card,Completed,Marketplace,56.92
ORD102299,982841,88270,2025-12-03,2025-12-06,1,1690.14,0.1,Central,UPI,Completed,Website,88.97
ORD102300,453136,67846,2026-03-20,2026-03-24,1,3994.09,0.0,East,Cash on Delivery,Completed,Marketplace,155.38
ORD102301,606624,28009,2026-06-29,2026-07-04,1,176.71,0.05,West,Cash on Delivery,Completed,Mobile App,117.91
ORD102302,889427,96857,2026-01-22,2026-01-26,4,1057.45,0.0,North,UPI,Completed,Website,89.47
ORD102303,908789,83401,2025-05-29,2025-05-31,2,575.18,0.0,West,Credit Card,Completed,Website,140.24
ORD102304,840889,40374,2025-07-24,2025-07-25,2,665.72,0.05,North,PayPal,Completed,Mobile App,124.02
ORD102305,499200,25046,2025-11-18,2025-11-21,2,216.9,0.2,North,Net Banking,Returned,Website,107.73
ORD102306,301355,53143,2025-09-08,2025-09-09,1,2744.63,0.0,North,Cash on Delivery,Pending,Marketplace,175.99
ORD102307,555985,39430,2025-10-18,2025-10-22,1,1659.99,0.05,East,UPI,Completed,Website,97.77
ORD102308,715785,40374,2025-07-17,,1,700.76,0.0,South,Debit Card,Cancelled,Mobile App,107.99
ORD102309,509415,96857,2025-09-16,2025-09-20,1,1004.58,0.05,North,UPI,Completed,Website,45.36
ORD102310,164634,24857,2025-02-08,2025-02-11,3,374.91,0.15,West,PayPal,Completed,Mobile App,138.66
ORD102311,638474,25046,2025-11-28,2025-12-05,1,244.01,0.1,West,Credit Card,Completed,Mobile App,117.71
ORD102312,648631,96270,2025-08-20,2025-08-22,2,356.33,0.0,North,Cash on Delivery,Completed,Marketplace,93.37
ORD102313,384876,20351,2025-02-01,2025-02-04,1,693.18,0.0,Central,Debit Card,Completed,Website,48.01
ORD102314,849738,28009,2025-06-06,2025-06-11,3,176.71,0.05,East,UPI,Pending,Website,125.89
ORD102315,586025,94616,2025-05-02,2025-05-06,1,1246.88,0.05,North,Net Banking,Pending,Marketplace,177.14
ORD102316,155485,43806,2025-10-02,2025-10-06,1,629.87,0.15,West,Credit Card,Completed,Website,158.56
ORD102317,853329,59930,2025-08-08,2025-08-11,1,2315.88,0.1,South,Debit Card,Completed,Website,73.81
ORD102318,836208,99553,2025-12-01,2025-12-03,1,459.87,0.15,South,Credit Card,Completed,Website,78.58
ORD102319,283517,99553,2026-05-22,2026-05-25,3,513.97,0.05,South,UPI,Cancelled,Mobile App,119.18
ORD102320,133215,20351,2025-06-03,2025-06-06,2,693.18,0.0,South,UPI,Completed,Mobile App,176.61
ORD102321,445845,23723,2025-12-11,2025-12-12,1,420.12,0.15,East,Credit Card,Completed,Website,107.37
ORD102322,996681,24857,2026-06-08,2026-06-10,2,396.96,0.1,Central,Net Banking,Completed,Mobile App,138.64
ORD102323,155485,43806,2025-05-20,2025-05-25,1,741.02,0.0,West,Credit Card,Completed,Website,57.02
ORD102324,752183,83876,2025-01-18,2025-01-20,4,1398.68,0.0,Central,Credit Card,Completed,Website,90.81
ORD102325,142839,80616,2025-01-23,2025-01-27,3,1326.48,0.0,South,UPI,Pending,Marketplace,55.45
ORD102326,981656,83401,2025-11-08,2025-11-15,2,517.66,0.1,East,UPI,Cancelled,Website,151.48
ORD102327,263148,20351,2026-03-02,2026-03-03,1,658.52,0.05,North,PayPal,Cancelled,Marketplace,79.64
ORD102328,164634,99553,2025-10-19,2025-10-23,1,541.02,0.0,West,Debit Card,Completed,Mobile App,83.15
ORD102329,488226,59930,2025/09/28,2025-10-02,1,2573.2,0.0,South,PayPal,Completed,Mobile App,45.37
ORD102330,709183,25046,2026-04-26,2026-04-29,4,271.12,0.0,West,UPI,Completed,Website,74.15
ORD102331,886175,67846,2026-02-11,2026-02-14,1,3794.39,0.05,Central,UPI,Completed,Mobile App,159.78
ORD102332,638474,25780,2025-03-31,2025-04-04,1,526.97,0.0,West,UPI,Completed,Website,99.53
ORD102333,883666,80616,2025-10-09,2025-10-13,4,1127.51,0.15,W,Credit Card,Completed,Website,95.3
ORD102334,765560,23723,2025-12-12,2025-12-15,2,395.41,0.2,South,Cash on Delivery,Completed,Website,55.54
ORD102335,954224,20351,2025-09-14,2025-09-16,1,623.86,0.1,South,UPI,Completed,Website,175.92
ORD102336,164634,99553,2025/01/01,2025-01-05,1,513.97,0.05,West,UPI,Completed,Mobile App,46.63
ORD102337,,53143,2026-06-01,06-04-2026,2,2744.63,0.0,East,Cash on Delivery,Returned,Website,128.9
ORD102338,707415,79501,2026-02-09,2026-02-10,1,3635.51,0.0,North,Credit Card,Completed,Mobile App,59.9
ORD102339,509415,21754,2025-06-11,2025-06-15,1,1324.39,0.0,North,Credit Card,Completed,Website,163.88
ORD102340,509415,96857,2025-07-06,2025-07-08,1,898.83,0.15,North,Cash on Delivery,Completed,Website,152.44
ORD102341,620517,59930,2025-03-21,2025-03-24,1,2573.2,0.0,East,UPI,Completed,Website,52.2
ORD102342,740287,28009,2025-08-27,2025-08-30,1,176.71,0.05,West,UPI,Completed,Marketplace,87.08
ORD102343,111000,23723,2026-04-14,2026-04-18,1,494.26,0.0,North,Cash on Delivery,Completed,Mobile App,138.21
ORD102344,969755,83876,2025-08-03,2025-08-10,3,1188.88,0.15,West,Credit Card,Completed,Marketplace,61.11
ORD102345,670233,79501,2026-03-09,2026-03-12,1,3635.51,0.0,South,UPI,Returned,Website,86.83
ORD102346,451873,88270,2025-04-14,2025-04-18,1,,0.05,North,UPI,Completed,Mobile App,167.95
ORD102347,758153,67846,2026-01-14,2026-01-17,1,3994.09,0.0,South,UPI,Completed,Mobile App,51.53
ORD102348,509415,80616,2025-03-08,2025-03-09,3,1260.16,0.05,North,UPI,Completed,Marketplace,64.74
ORD102349,507954,53143,2025-01-27,2025-01-30,1,2744.63,0.0,West,Cash on Delivery,Completed,Website,46.06
ORD102350,265020,83401,2025-04-21,2025-04-25,3,575.18,0.0,South,Debit Card,Completed,Website,162.9
ORD102351,922818,40374,2025-01-01,2025-01-05,2,665.72,0.05,Central,UPI,Completed,Website,67.45
ORD102352,748941,83401,2026-01-11,2026-01-15,1,517.66,0.1,South,Net Banking,Completed,Website,52.48
ORD102353,593565,80616,2026-02-23,2026-02-25,1,1326.48,0.0,North,UPI,Completed,Website,108.71
ORD102354,499200,23723,2025-10-15,2025-10-18,1,444.83,0.1,North,Credit Card,Completed,Marketplace,145.23
ORD102355,603177,83401,2025-04-18,2025-04-22,1,575.18,0.0,South,UPI,Completed,Marketplace,141.33
ORD102356,382701,79501,2025-07-31,2025-08-02,3,3635.51,0.0,West,PayPal,Completed,Website,109.47
ORD102357,545153,94616,2025-01-01,2025-01-03,1,1312.5,0.0,East,Net Banking,Completed,Marketplace,65.29
ORD102358,147429,25780,2025-07-06,2025-07-08,1,447.92,0.15,West,UPI,Returned,Website,83.49
ORD102359,849738,83876,2025-02-18,2025-02-21,1,1328.75,0.05,East,UPI,Returned,Website,147.59
ORD102360,709183,99553,2025-06-22,2025-06-23,3,486.92,0.1,West,PayPal,Completed,Mobile App,156.43
ORD102361,752183,80616,2025-08-31,2025-09-04,1,1326.48,0.0,Central,PayPal,Completed,Mobile App,153.25
ORD102362,634280,67846,2025-06-01,2025-06-02,1,99999.99,0.0,South,UPI,Completed,Marketplace,36.97
ORD102363,407648,67846,2025-02-08,2025-02-15,3,3994.09,0.0,North,PayPal,Completed,Mobile App,42.71
ORD102364,836208,83401,2025-08-31,2025-09-03,1,575.18,0.0,South,Net Banking,Completed,Mobile App,116.39
ORD102365,715785,96270,2026-04-04,2026-04-06,2,338.51,0.05,South,Debit Card,Pending,Mobile App,113.39
ORD102366,323509,39430,2025-07-03,2025-07-06,2,1659.99,0.05,East,Net Banking,Returned,Website,52.49
ORD102367,372970,99553,2025-09-09,2025-09-13,1,541.02,0.0,Central,Cash on Delivery,Completed,Mobile App,141.42
ORD102368,213140,59930,2025-04-05,2025-04-07,1,2573.2,0.0,North,UPI,Completed,Mobile App,57.42
ORD102369,764915,99553,2026-05-26,2026-05-30,1,459.87,0.15,North,Cash on Delivery,Completed,Website,145.57
ORD102370,507954,25046,2025-06-02,2025-06-06,1,271.12,0.0,West,UPI,Completed,Website,74.17
ORD102371,578302,96857,16-Jun-2026,2026-06-18,1,1057.45,0.0,Central,UPI,Completed,Website,131.92
ORD102372,800130,21754,2026-05-11,2026-05-15,1,"5,899.99",0.0,North,UPI,Completed,Website,60.34
ORD102373,225610,80616,2025-05-27,2025-05-29,2,1260.16,0.05,North,UPI,Completed,Mobile App,115.78
ORD102374,606624,47907,2025-11-17,2025-11-18,2,4036.19,0.0,West,UPI,Pending,Marketplace,49.54
ORD102375,235450,40374,2025-02-04,2025-02-11,1,700.76,0.0,West,UPI,Completed,Website,38.5
ORD102376,510981,27124,2025-12-04,2025-12-05,1,687.54,0.05,South,Net Banking,Completed,Mobile App,44.22
ORD102377,889450,24857,2025-04-30,2025-05-03,1,374.91,0.15,South,UPI,Completed,Website,63.09
ORD102378,151040,79501,2025-01-28,2025-01-30,1,3635.51,0.0,South,Credit Card,Completed,Mobile App,107.3
ORD102379,488226,83876,2025-02-12,2025-02-15,2,1398.68,0.0,South,UPI,Completed,Website,140.98
ORD102380,257678,95604,2025-03-27,2025-03-31,1,1004.58,0.05,East,Debit Card,Returned,Website,42.97
ORD102381,849738,59930,2026-01-31,2026-02-05,1,2573.2,0.0,East,UPI,Completed,Mobile App,147.71
ORD102382,401832,39430,2026-04-28,2026-04-29,1,1659.99,0.05,East,UPI,Returned,Website,49.92
ORD102383,723462,23723,2025-09-23,2025-09-24,4,494.26,0.0,North,Cash on Delivery,Completed,Marketplace,105.44
ORD102384,459160,83401,04-23-2026,2026-04-27,1,575.18,0.0,West,Debit Card,Completed,Mobile App,64.33
ORD102385,235450,20351,2026-03-26,2026-03-27,3,589.2,0.15,West,UPI,Completed,Mobile App,91.89
ORD102386,707415,83876,2026-01-31,2026-02-05,1,1398.68,0.0,North,Credit Card,Completed,Mobile App,39.73
ORD102387,707415,23723,2026-05-08,2026-05-10,3,494.26,0.0,North,Credit Card,Completed,Mobile App,122.52
ORD102388,981656,23723,2026-03-23,2026-03-27,1,395.41,0.2,East,UPI,Completed,Website,62.24
ORD102389,784164,88270,2025-07-30,2025-08-06,3,1877.93,0.0,North,Debit Card,Completed,Mobile App,177.14
ORD102390,264049,40374,2025-06-11,2025-06-16,1,700.76,0.0,North,UPI,Completed,Website,90.86
ORD102391,784164,25780,2025-04-23,2025-04-25,1,474.27,0.1,North,Credit Card,Completed,Marketplace,57.83
ORD102392,257381,83876,2026-06-21,2026-06-23,1,1398.68,0.0,North,Credit Card,Cancelled,Website,55.87
ORD102393,876105,79501,2025-07-30,2025/08/06,1,3635.51,0.0,East,UPI,Completed,Website,39.98
ORD102394,509415,53143,2025-12-31,2026-01-03,1,2332.94,0.15,North,PayPal,Completed,Website,177.65
ORD102395,624404,79501,2025-08-10,2025-08-15,1,3090.18,0.15,North,Cash on Delivery,Completed,Website,67.11
ORD102396,611538,25780,2026-04-08,2026-04-11,2,474.27,0.1,North,UPI,Pending,Mobile App,55.34
ORD102397,996075,28009,2025-07-19,2025-07-23,3,158.11,0.15,West,UPI,Completed,Website,77.25
ORD102398,478473,67846,2026-05-01,2026-05-03,1,3994.09,0.0,South,UPI,Completed,Mobile App,175.22
ORD102399,453136,25780,2026-03-09,2026-03-10,2,447.92,0.15,East,Debit Card,Completed,Mobile App,107.1
ORD102400,601488,25780,2025-10-24,28/10/2025,3,447.92,0.15,South,UPI,Completed,Website,116.74
ORD102401,582439,80616,2026-05-19,2026-05-24,3,1127.51,0.15,West,Cash on Delivery,Completed,Marketplace,48.69
ORD102402,608777,75277,18/05/2026,2026-05-25,1,211.8,0.1,West,Credit Card,Completed,Website,76.66
ORD102403,959389,40374,2026-04-10,2026-04-11,1,700.76,0.0,North,Credit Card,Completed,Mobile App,130.69
ORD102404,410043,80616,2025-10-17,2025-10-21,1,1061.18,0.2,North,UPI,Completed,Mobile App,42.6
ORD102405,510981,67846,2025-08-29,2025-08-31,1,3994.09,0.0,South,Net Banking,Pending,Website,147.2
ORD102406,719823,83876,2026-03-28,2026-03-29,1,1258.81,0.1,South,Credit Card,Completed,Website,122.15
ORD102407,823362,25780,2026-02-28,2026-03-02,2,526.97,0.0,South,UPI,Pending,Mobile App,152.1
ORD102408,904239,59930,2025-09-05,2025-09-08,3,2573.2,0.0,East,Credit Card,Completed,Mobile App,154.76
ORD102409,491764,88270,2026-04-01,2026-04-05,1,1877.93,0.0,Central,Net Banking,Completed,Mobile App,107.64
ORD102410,837919,79501,2026-03-23,2026-03-28,2,3453.73,0.05,South,Net Banking,Completed,Marketplace,65.86
ORD102411,730472,94616,2025-03-12,2025-03-17,2,1115.62,0.15,West,Debit Card,Completed,Marketplace,166.26
ORD102412,989226,27124,2025-04-09,2025-04-10,1,723.73,0.0,West,UPI,Completed,Mobile App,162.71
ORD102413,,59930,2026-04-25,2026-04-25,1,2187.22,0.15,East,Debit Card,Cancelled,Website,113.51
ORD102414,382701,21754,2025-09-26,2025-09-28,2,1258.17,0.05,West,Credit Card,Returned,Website,82.13
ORD102415,593800,79501,2025-02-26,2025-02-28,4,3090.18,0.15,West ,Debit Card,Completed,Website,78.76
ORD102416,215684,24857,2026-05-28,2026-06-02,1,419.02,0.05,west,Net Banking,Completed,Website,148.01
ORD102417,149836,25046,2025-04-05,2025-04-06,1,271.12,0.0,South,UPI,Returned,Mobile App,53.69
ORD102418,454529,80616,2025-10-25,2025-10-27,1,1326.48,0.0,West,Credit Card,Completed,Website,92.88
ORD102419,287271,88270,2026-02-19,,1,1877.93,0.0,East,Cash on Delivery,Returned,Website,151.12
ORD102420,383221,40374,2025-09-27,2025-09-30,1,665.72,0.05,West,Cash on Delivery,Cancelled,Website,112.78
ORD102421,131550,24857,2025-12-18,2025-12-22,1,419.02,0.05,West,Credit Card,Completed,Marketplace,49.9
ORD102422,746968,67846,2025-08-25,2025-08-27,1,3794.39,0.05,West,Cash on Delivery,Completed,Mobile App,159.43
ORD102423,375259,83876,2025-01-17,2025-01-19,1,1328.75,0.05,Central,Debit Card,Completed,Marketplace,56.56
ORD102424,624404,83401,2025-08-29,2025-09-01,1,575.18,0.0,North,Credit Card,Cancelled,Website,66.32
ORD102425,996075,20351,2026-02-07,2026-02-10,2,693.18,0.0,West,Debit Card,Completed,Mobile App,91.8
ORD102426,707415,79501,07-Nov-2025,2025-11-11,3,3090.18,0.15,North,Credit Card,Completed,Mobile App,150.75
ORD102427,505136,83876,2026-01-02,2026-01-04,2,1398.68,0.0,West,Cash on Delivery,Completed,Website,130.85
ORD102428,507954,25780,2025-02-11,2025/02/18,1,526.97,0.0,West,UPI,Completed,Marketplace,139.05
ORD102429,996075,67846,2025-10-15,2025-10-22,1,3794.39,0.05,West,UPI,Completed,Website,161.36
ORD102430,807170,94616,2025-11-17,2025-11-20,1,1181.25,0.1,East,Credit Card,Cancelled,Mobile App,48.62
ORD102431,828898,53143,2025-01-16,2025-01-20,3,2744.63,0.0,Central,Cash on Delivery,Completed,Website,179.07
ORD102432,715785,67846,2025-12-16,2025-12-20,1,3594.68,0.1,South,Cash on Delivery,Completed,Marketplace,134.16
ORD102433,934103,96857,2025-10-17,,1,1004.58,0.05,West,Credit Card,Completed,Website,106.38
ORD102434,410216,59930,2025-01-26,2025-01-29,1,2058.56,0.2,South,UPI,Cancelled,Website,91.94
ORD102435,122935,39430,2026-01-05,2026-01-10,2,1747.36,0.0,West,UPI,Completed,Website,166.7
ORD102436,752183,80616,2026-01-08,2026-01-10,5,1326.48,0.0,Central,Cash on Delivery,Returned,Marketplace,151.66
ORD102437,996075,25780,2025-08-13,2025-08-17,1,526.97,0.0,West,UPI,Pending,Website,131.04
ORD102438,629979,67846,2025-12-10,2025-12-12,1,3594.68,0.1,South,Net Banking,Completed,Mobile App,59.4
ORD102439,507954,23723,2025-02-18,2025-02-20,1,494.26,0.0,West,PayPal,Completed,Website,92.32
ORD102440,111000,23723,2025-09-11,2025-09-13,1,444.83,0.1,North,Debit Card,Completed,Mobile App,111.84
ORD102441,384876,25780,2025-06-16,2025-06-23,2,526.97,10%,Central,UPI,Completed,Mobile App,176.16
ORD102442,235450,80616,2025-03-14,2025-03-17,1,1326.48,0.0,West,Net Banking,Completed,Website,49.51
ORD102443,996075,50462,2026-03-14,2026-03-18,1,136.99,0.15,West,UPI,Completed,Mobile App,123.57
ORD102444,379886,23723,2025-01-18,2025-01-22,2,444.83,0.1,West,Credit Card,Completed,Marketplace,176.85
ORD102445,679329,39430,2026-01-07,,1,1747.36,0.0,Central,UPI,Completed,Mobile App,109.78
ORD102446,724264,99553,2025-05-09,2025-05-12,1,541.02,0.0,West,Credit Card,Completed,Website,129.25
ORD102447,156175,94616,2026-01-15,2026-01-18,1,1312.5,0.0,South,Cash on Delivery,Completed,Mobile App,132.48
ORD102448,221705,94616,2025-11-02,2025-11-09,4,1050.0,0.2,West,UPI,Completed,Marketplace,68.54
ORD102449,607287,59930,2025-02-23,2025-02-25,3,2444.54,0.05,Central,UPI,Completed,Website,61.82
ORD102450,624404,24857,2025-09-30,2025-10-02,3,419.02,0.05,North,Cash on Delivery,Completed,Website,82.69
ORD102451,351483,83876,2025-03-26,2025-03-30,3,1398.68,0.0,South,Cash on Delivery,Returned,Website,178.53
ORD102452,642011,28009,2026-05-26,2026-05-31,1,186.01,0.0,East,Cash on Delivery,Pending,Website,53.83
ORD102453,601640,23723,2025-09-11,2025-09-15,1,469.55,0.05,WEST,Net Banking,Completed,Website,115.04
ORD102454,919927,43806,2025-11-14,2025-11-15,1,666.92,0.1,North,Net Banking,Completed,Marketplace,150.37
ORD102455,203676,80616,2025-11-02,2025-11-04,1,1127.51,0.15,Central,Cash on Delivery,Completed,Mobile App,69.92
ORD102456,954224,67846,2025-06-20,2025-06-27,3,3394.98,0.15,South,Cash on Delivery,Completed,Mobile App,67.76
ORD102457,740696,43806,2025-02-25,2025-02-27,1,666.92,0.1,North,Credit Card,Completed,Website,156.89
ORD102458,705520,80616,07-Sep-2025,2025-09-08,1,1260.16,0.05,North,Debit Card,Cancelled,Website,94.49
ORD102459,715785,83401,2025-03-14,2025-03-15,3,575.18,0.0,South,UPI,Completed,Marketplace,155.18
ORD102460,882750,99553,2025-03-01,2025-03-08,1,541.02,0.0,East,Debit Card,Cancelled,Mobile App,116.02
ORD102461,338800,24857,2025-12-24,2025-12-27,1,441.07,0.0,North,Net Banking,Completed,Mobile App,103.26
ORD102462,823362,27124,2025-11-18,2025-11-19,2,578.98,0.2,South,Credit Card,Completed,Mobile App,60.82
ORD102463,509415,80616,2025-12-13,2025-12-17,1,1260.16,0.05,North,UPI,Completed,Website,60.05
ORD102464,578458,83876,2026-02-17,2026-02-24,3,1398.68,0.0,West,Cash on Delivery,Completed,Mobile App,101.99
ORD102465,177793,47907,2025-04-18,2025-04-22,1,3228.95,0.2,West,UPI,Completed,Website,158.31
ORD102466,546476,83876,2025-08-26,2025-08-30,1,1398.68,0.0,East,PayPal,Pending,Marketplace,74.47
ORD102467,690321,67846,2026-01-22,2026-01-25,1,3594.68,0.1,North,Net Banking,Completed,Mobile App,151.46
ORD102468,603177,75277,2025-12-23,2025-12-27,5,223.56,0.05,South,Credit Card,Cancelled,Website,80.36
ORD102469,863492,79501,2025-05-28,2025-06-01,3,3271.96,0.1,Central,Credit Card,Completed,Website,55.71
ORD102470,590465,21754,2026-06-16,2026-06-20,1,1191.95,0.1,West,PayPal,Completed,Mobile App,95.05
ORD102471,509415,28009,2026-05-30,2026-06-03,1,176.71,0.05,North,Credit Card,Completed,Website,178.37
ORD102472,508068,96857,2025-08-22,2025-08-26,1,1057.45,0.0,East,Debit Card,Completed,Website,93.5
ORD102473,634991,20351,2025-08-26,2025-08-29,2,658.52,0.05,West,UPI,Completed,Website,55.75
ORD102474,509415,67846,2026-04-13,2026-04-16,1,3994.09,0.0,North,Cash on Delivery,Completed,Marketplace,165.77
ORD102475,592020,59930,2026-04-17,2026-04-20,3,2444.54,0.05,East,UPI,Completed,Mobile App,127.12
ORD102476,510981,20351,2025-04-13,2025-04-17,1,589.2,0.15,South,Net Banking,Completed,Marketplace,115.87
ORD102477,130626,27124,2026-04-13,2026-04-16,1,687.54,0.05,West,UPI,Completed,Website,42.86
ORD102478,947085,23723,2026-04-21,2026/04/28,1,469.55,0.05,Central,Cash on Delivery,Completed,Mobile App,66.96
ORD102479,586025,40374,09-04-2025,2025-09-09,1,595.65,0.15,North,Credit Card,Completed,Mobile App,45.84
ORD102480,840889,24857,2025-08-31,2025-09-01,1,441.07,0.0,North,Credit Card,Cancelled,Website,85.31
ORD102481,300385,59930,2025-07-14,2025-07-17,1,2315.88,0.1,West,Net Banking,Completed,Mobile App,50.07
ORD102482,257381,88270,2025-06-19,2025-06-22,1,1877.93,0.0,North,Net Banking,Completed,Website,87.27
ORD102483,981656,79501,2025-11-25,2025-11-29,1,3453.73,15 %,East,Net Banking,Completed,Mobile App,139.58
ORD102484,934103,39430,2026-04-25,2026-04-28,1,1485.26,0.15,West,Credit Card,Completed,Website,132.36
ORD102485,954224,99553,2026-06-02,2026-06-06,5,513.97,0.05,South,Cash on Delivery,Completed,Website,88.64
ORD102486,913980,23723,2025-01-08,2025-01-15,1,494.26,0.0,South,UPI,Completed,Website,131.32
ORD102487,510981,53143,2025-06-30,2025-07-03,1,2744.63,0.0,South,UPI,Completed,Website,70.03
ORD102488,418418,99553,2026-03-13,2026-03-20,1,541.02,0.0,North,UPI,Completed,Mobile App,109.7
ORD102489,499200,21754,2026-05-28,2026-05-30,2,1324.39,0.0,North,UPI,Completed,Website,140.21
ORD102490,375259,21754,2025-10-23,2025-10-25,2,1324.39,0.0,Central,Cash on Delivery,Pending,Mobile App,39.92
ORD102491,607287,59930,2026-05-21,2026-05-24,1,2444.54,0.05,Central,PayPal,Completed,Website,101.31
ORD102492,407648,83401,2025-07-28,2025-07-30,1,575.18,0.0,North,UPI,Completed,Mobile App,131.3
ORD102493,410841,59930,2025-04-14,2025-04-17,2,2187.22,0.15,East,Credit Card,Completed,Mobile App,51.76
ORD102494,338800,53143,2025-09-08,2025-09-09,1,2744.63,0.0,North,Debit Card,Completed,Mobile App,174.9
ORD102495,603177,43806,2025-09-25,2025-09-29,1,666.92,0.1,South,Credit Card,Completed,Mobile App,74.4
ORD102496,920802,28009,2026-01-17,2026-01-20,1,186.01,0.0,Central,Debit Card,Completed,Website,59.3
ORD102497,357370,50462,2025-03-12,2025-03-16,2,161.17,0.0,South,Net Banking,Completed,Mobile App,175.18
ORD102498,263148,23723,2025-04-04,2025-04-08,1,420.12,0.15,North,Net Banking,Returned,Website,109.99
ORD102499,300385,39430,2025-01-21,2025-01-25,4,1747.36,0.0,West,UPI,Completed,Website,175.38
ORD102500,778380,20351,2025-01-17,2025-01-22,3,554.54,0.2,West,Net Banking,Completed,Mobile App,97.21
ORD102501,133215,67846,2025-12-16,2025-12-19,1,3994.09,0.0,South,Cash on Delivery,Completed,Website,41.14
ORD102502,882750,53143,2025-07-03,2025-07-10,2,2332.94,0.15,East,PayPal,Cancelled,Website,46.6
ORD102503,606624,59930,2025/11/12,2025-11-16,1,2444.54,0.05,West,Credit Card,Completed,Mobile App,135.7
ORD102504,247829,88270,2025-02-27,2025-02-28,2,1877.93,0.0,West,UPI,Cancelled,Website,59.61
ORD102505,311118,43806,2025-12-09,2025-12-13,2,592.82,0.2,West,Net Banking,Completed,Website,104.95
ORD102506,996075,25780,2025-04-10,2025-04-13,2,474.27,0.1,West,Cash on Delivery,Completed,Website,162.24
ORD102507,800130,96270,2025-11-09,2025-11-12,1,356.33,0.0,North,Cash on Delivery,Completed,Website,40.61
ORD102508,179644,53143,2025-06-02,2025-06-04,1,2744.63,0.0,West,Debit Card,Completed,Marketplace,45.76
ORD102509,613386,20351,2025-11-24,2025-11-28,1,589.2,0.15,West,Debit Card,Completed,Website,108.86
ORD102510,263148,67846,2025-11-01,2025-11-05,4,3994.09,0.0,North,UPI,Completed,Mobile App,159.76
ORD102511,784164,53143,2025-12-22,2025-12-24,1,2607.4,0.05,North,UPI,Completed,Marketplace,69.74
ORD102512,263148,27124,2025-01-12,2025-01-14,1,723.73,0.0,North,Cash on Delivery,Completed,Mobile App,149.68
ORD102513,235450,94939,2025-06-20,2025-06-25,5,356.33,0.0,West,Cash on Delivery,Pending,Website,91.28
ORD102514,491764,47907,2025-11-14,2025-11-17,1,4036.19,0.0,Central,PayPal,Returned,Mobile App,145.99
ORD102515,590465,83876,2025-01-05,2025-01-07,3,1258.81,0.1,West,Cash on Delivery,Returned,Mobile App,162.1
ORD102516,455093,59930,2026-03-26,2026-03-27,4,2315.88,0.1,South,Credit Card,Completed,Mobile App,88.77
ORD102517,384470,47907,2025-06-03,2025-06-05,1,3632.57,0.1,West,Credit Card,Completed,Marketplace,161.92
ORD102518,383221,47907,2025-06-24,2025-06-26,3,4036.19,0.0,West,UPI,Completed,Website,169.92
ORD102519,670233,23723,2025-10-24,2025-10-29,2,444.83,0.1,South,UPI,Pending,Website,51.55
ORD102520,509415,88270,2026-06-27,2026-07-01,1,1784.03,0.05,North,Net Banking,Completed,Website,47.02
ORD102521,507954,80616,2025-09-14,2025-09-17,1,1326.48,0.0,West,UPI,Completed,Mobile App,38.21
ORD102522,784164,53143,2026-02-28,2026-03-04,1,2744.63,0.0,North,PayPal,Cancelled,Mobile App,162.1
ORD102523,499200,25046,2025-12-13,2025-12-16,1,,0.1,North,Cash on Delivery,Completed,Mobile App,103.79
ORD102524,989775,96857,2025-11-10,2025-11-12,2,1004.58,0.05,South,UPI,Completed,Mobile App,98.91
ORD102525,550242,23723,2025-09-23,2025-09-28,1,494.26,0.0,South,Debit Card,Completed,Mobile App,86.01
ORD102526,707415,53143,2025-09-19,2025-09-22,2,2744.63,0.0,North,UPI,Completed,Marketplace,114.91
ORD102527,235450,40374,2025-02-17,2025-02-20,4,630.68,0.1,West,UPI,Completed,Website,74.15
ORD102528,509415,75277,2025-09-18,2025-09-23,2,223.56,0.05,North,UPI,Completed,Mobile App,103.19
ORD102529,247829,67846,2026-06-18,2026-06-22,3,3994.09,0.0,West,UPI,Completed,Mobile App,110.74
ORD102530,372970,53143,2026-03-31,2026-04-05,3,2744.63,0.0,Central,UPI,Returned,Website,133.44
ORD102531,190704,20351,2025-04-28,2025-05-01,1,623.86,0.1,East,Cash on Delivery,Completed,Website,176.52
ORD102532,934103,80616,2025-11-23,2025-11-24,2,1326.48,0.0,West,Credit Card,Completed,Website,176.31
ORD102533,502957,53143,2025-12-15,2025-12-19,1,2607.4,0.05,North,UPI,Completed,Mobile App,48.67
ORD102534,148102,20351,2025-11-13,2025-11-15,1,693.18,0.0,West,Debit Card,Completed,Mobile App,51.25
ORD102535,526647,80616,2025-08-15,2025-08-22,1,1326.48,0.0,West,Net Banking,Completed,Marketplace,91.78
ORD102536,883666,27124,2026-01-03,2026-01-06,2,723.73,0.0,North,Credit Card,Completed,Website,110.43
ORD102537,832149,83876,2025-05-10,2025-05-15,1,1188.88,0.15,South,Debit Card,Completed,Mobile App,67.84
ORD102538,300385,67846,2025-07-20,2025-07-24,1,3994.09,0.0,West,Credit Card,Completed,Website,163.58
ORD102539,590270,88270,2025-02-02,2025-02-05,3,1877.93,0.0,West,UPI,Completed,Website,118.35
ORD102540,707085,28009,18-Mar-2025,2025-03-23,2,186.01,0.0,West,Debit Card,Completed,Website,40.77
ORD102541,748941,43806,2025-05-19,2025-05-24,1,741.02,0.0,South,Cash on Delivery,Completed,Marketplace,119.57
ORD102542,996075,80616,2025-04-16,2025-04-20,1,1326.48,0.0,West,Credit Card,Completed,Mobile App,100.73
ORD102543,126317,20351,2025-11-24,2025-11-27,1,623.86,0.1,South,UPI,Completed,Website,39.0
ORD102544,333092,20351,2026-04-29,2026-05-03,4,693.18,0.0,Central,UPI,Returned,Marketplace,91.75
ORD102545,383221,28009,2026-06-01,2026-06-04,1,167.41,0.1,West,Credit Card,Completed,Mobile App,121.22
ORD102546,263148,23723,2026-01-19,2026-01-21,1,494.26,0.0,North,Credit Card,Completed,Mobile App,124.99
ORD102547,969755,83876,2026-04-17,2026-04-24,4,1398.68,0.0,West,PayPal,Pending,Marketplace,169.87
ORD102548,213140,75277,2025-02-10,2025-02-13,3,235.33,0.0,North,UPI ,Completed,Marketplace,56.55
ORD102549,941623,47907,2026-03-16,2026-03-19,1,4036.19,0.0,South,UPI,Completed,Marketplace,58.34
ORD102550,600728,20351,2025-01-14,2025-01-17,3,693.18,0.0,North,Net Banking,Returned,Mobile App,166.08
ORD102551,559636,21754,2026-04-24,2026-04-29,5,1258.17,-0.1,South,Debit Card,Completed,Website,62.67
ORD102552,155205,67846,2025-08-08,2025-08-11,1,3794.39,0.05,North,Cash on Delivery,Completed,Website,94.53
ORD102553,554250,39430,2025-07-18,2025-07-19,3,1747.36,0.0,South,Cash on Delivery,Cancelled,Mobile App,79.01
ORD102554,887590,80616,2026-05-07,2026-05-09,2,1326.48,0.0,North,UPI,Completed,Website,36.02
ORD102555,962018,20351,2025-11-15,2025-11-16,1,693.18,0.0,North,UPI,Completed,Mobile App,72.09
ORD102556,509415,59930,2026-05-23,2026-05-24,1,2444.54,0.05,North,UPI,Completed,Marketplace,44.61
ORD102557,724264,75277,2026-03-26,2026-03-30,1,200.03,0.15,North,UPI,Completed,Mobile App,158.72
ORD102558,,40374,2026-06-18,2026-06-22,1,700.76,0.0,South,Net Banking,Completed,Mobile App,135.86
ORD102559,190704,23723,2025-01-07,2025-01-10,1,494.26,0.0,East,Cash on Delivery,Completed,Mobile App,150.64
ORD102560,981656,53143,2025-01-21,2025-01-25,1,2744.63,0.0,East,Credit Card,Completed,Website,139.54
ORD102561,782094,24857,2026-05-27,2026-05-31,2,441.07,0.0,West,Credit Card,Completed,Marketplace,58.98
ORD102562,648631,96857,2025-09-04,2025-09-07,3,1057.45,0.0,North,Credit Card,Pending,Website,103.58
ORD102563,908789,67846,2025-06-16,2025-06-19,2,3994.09,0.0,West,UPI,Completed,Mobile App,36.38
ORD102564,488226,21754,2025-02-11,2025-02-13,2,1324.39,-0.1,South,Net Banking,Completed,Mobile App,49.75
ORD102565,628210,59930,2025-08-11,2025-08-14,1,2315.88,0.1,Central,UPI,Returned,Marketplace,66.42
ORD102566,832149,25046,2026-05-15,2026-05-20,3,257.56,0.05,West ,Cash on Delivery,Completed,Marketplace,167.84
ORD102567,411950,83876,2026-01-05,2026-01-06,1,1398.68,0.0,West,UPI,Completed,Marketplace,38.43
ORD102568,628210,25046,24/02/2026,2026-02-27,1,271.12,0.0,Central,UPI,Pending,Marketplace,65.62
ORD102569,889450,59930,2025-08-15,2025-08-18,1,2573.2,0.0,South,Cash on Delivery,Completed,Marketplace,153.52
ORD102570,410216,50462,2025-01-08,2025-01-11,1,161.17,0.0,South,UPI,Completed,Marketplace,166.58
ORD102571,840889,20351,2025-06-27,2025-06-28,2,658.52,0.05,North,Cash on Delivery,Returned,Marketplace,77.03
ORD102572,383221,83876,2025-08-02,2025-08-04,1,1398.68,0.0,West,Cash on Delivery,Returned,Mobile App,42.64
ORD102573,519562,59930,2025-06-07,2025-06-10,1,2573.2,0.0,East,UPI,Completed,Website,132.97
ORD102574,740696,59930,2025-06-05,2025-06-08,2,2444.54,0.05,North,UPI,Completed,Mobile App,91.13
ORD102575,545153,39430,2025-09-09,2025-09-13,1,1659.99,0.05,East,UPI,Returned,Website,104.89
ORD102576,442850,67846,2026-03-08,2026-03-11,2,3994.09,0.0,East,Net Banking,Returned,Mobile App,73.67
ORD102577,225610,67846,2026-05-02,2026-05-04,1,3994.09,0.0,North,UPI,Completed,Mobile App,78.89
ORD102578,257678,79501,2025-03-26,2025/03/28,5,3635.51,0.0,East,UPI,Returned,Mobile App,171.77
ORD102579,257678,24857,2025-12-03,2025-12-05,1,396.96,0.1,East,Debit Card,Completed,Marketplace,49.19
ORD102580,287357,27124,2026-05-01,2026-05-03,1,723.73,0.0,Central,UPI,Completed,Website,134.65
ORD102581,601488,96857,2025-05-07,2025-05-09,1,1057.45,0.0,South,UPI,Pending,Marketplace,77.69
ORD102582,905133,94616,2025-09-22,2025-09-23,1,1312.5,0.0,West,PayPal,Completed,Mobile App,101.05
ORD102583,287693,94616,2025-04-28,2025-05-01,1,1246.88,0.05,South,Debit Card,Completed,Website,122.25
ORD102584,277952,20351,2025-10-15,2025-10-20,3,693.18,0.0,South,Cash on Delivery,Completed,Mobile App,143.15
ORD102585,927177,67846,2025-11-25,2025-11-27,1,3994.09,0.0,West,Credit Card,Completed,Mobile App,168.11
ORD102586,715785,25780,11/01/2026,2026-01-14,1,526.97,0.0,South,Cash on Delivery,Completed,Website,60.3
ORD102587,545153,88270,2025-07-08,2025-07-11,1,1877.93,0.0,East,PayPal,Completed,Marketplace,70.8
ORD102588,646411,83401,2025-05-24,2025-05-29,4,546.42,0.05,North,Cash on Delivery,Completed,Marketplace,130.72
ORD102589,635958,53143,2025-02-14,2025-02-17,1,2744.63,0.0,North,Cash on Delivery,Completed,Mobile App,125.85
ORD102590,529195,94616,2025-11-17,2025-11-20,1,1312.5,0.0,South,Cash on Delivery,Completed,Mobile App,95.25
ORD102591,243466,23723,2025-04-07,2025-04-08,2,494.26,10%,West,Credit Card,Returned,Mobile App,128.81
ORD102592,908789,20351,2025-11-10,2025-11-14,1,589.2,0.15,West,UPI,Completed,Website,73.92
ORD102593,807170,47907,2026-04-05,2026-04-07,2,4036.19,0.0,East,Debit Card,Completed,Website,82.13
ORD102594,648309,25046,2025-11-21,2025-11-25,2,244.01,0.1,West,Credit Card,Completed,Website,83.73
ORD102595,962018,25046,09-22-2025,2025-09-26,1,271.12,0.0,North,UPI,Completed,Mobile App,176.98
ORD102596,624404,79501,2025-11-17,2025-11-22,2,3453.73,0.05,North,PayPal,Completed,Mobile App,162.02
ORD102597,632863,83876,2025-08-19,2025-08-22,1,1398.68,0.0,South,CC,Completed,Website,90.85
ORD102598,155205,59930,2025-12-28,2025-12-31,3,2573.2,0.0,North,Credit Card,Completed,Mobile App,117.24
ORD102599,519562,79501,2025-09-12,2025-09-14,1,3635.51,0.0,East,PayPal,Completed,Website,160.5
ORD102600,460189,20351,2025-06-05,2025-06-07,1,693.18,0.0,North,Cash on Delivery,Completed,Mobile App,81.19
ORD102601,568955,20351,2025-04-26,2025-04-30,1,,0.0,South,Net Banking,Completed,Mobile App,39.15
ORD102602,411950,47907,2026-01-20,2026-01-25,3,4036.19,0.0,West,UPI,Returned,Mobile App,143.32
ORD102603,715785,83401,2025-09-05,2025-09-10,1,575.18,0.0,South,Debit Card,Completed,Mobile App,63.4
ORD102604,488226,96270,2025-11-18,2025-11-21,1,338.51,0.05,South,UPI,Completed,Mobile App,74.68
ORD102605,707415,88270,2026-03-01,2026-03-04,2,1784.03,0.05,North,Cash on Delivery,Completed,Website,160.7
ORD102606,545153,43806,2026-04-23,28-Apr-2026,1,741.02,0.0,East,Net Banking,Completed,Website,56.35
ORD102607,681114,83401,2025-02-28,2025-03-03,5,575.18,0.0,North,Debit Card,Cancelled,Website,143.69
ORD102608,692063,67846,2025-12-20,2025-12-24,1,3994.09,0.0,East,UPI,Completed,Website,69.77
ORD102609,215684,20351,2025-11-13,2025-11-17,1,693.18,0.0,South,UPI ,Completed,Website,128.67
ORD102610,509415,80616,2025-11-13,2025-11-17,1,1127.51,0.15,North,UPI,Completed,Mobile App,68.51
ORD102611,941623,83876,2025-11-05,2025-11-08,2,1398.68,0.0,South,UPI,Completed,Website,158.15
ORD102612,257381,23723,2025-08-31,2025-09-07,1,494.26,0.0,North,Debit Card,Completed,Website,59.57
ORD102613,624404,59930,2025-07-04,2025-07-07,1,2444.54,0.05,North,Net Banking,Completed,Website,47.34
ORD102614,613386,99553,2025-05-22,2025-05-26,3,432.82,0.2,West,UPI,Completed,Website,127.68
ORD102615,407648,80616,2025-07-17,2025-07-20,1,,0.0,North,Cash on Delivery,Completed,Website,44.33
ORD102616,335484,20351,2025-01-11,2025-01-14,1,693.18,0.0,East,Debit Card,Completed,Marketplace,98.74
ORD102617,642011,43806,15/02/2026,2026-02-16,1,703.97,0.05,East,UPI,Completed,Marketplace,46.84
ORD102618,958204,23723,2025-08-19,2025-08-22,1,444.83,0.1,South,Cash on Delivery,Returned,Website,165.94
ORD102619,951867,83876,2026-04-13,2026-04-16,1,1398.68,0.0,South,Credit card,Completed,Website,129.79
ORD102620,989775,59930,2026-05-27,2026-05-28,1,2573.2,0.0,South,UPI,Completed,Mobile App,126.92
ORD102621,233393,20351,2025-03-28,2025-03-30,1,658.52,0.05,West,Net Banking,Completed,Website,54.23
ORD102622,794251,83401,2025-05-15,2025-05-18,2,517.66,0.1,North,UPI,Completed,Mobile App,105.26
ORD102623,152294,67846,2025-07-25,2025-07-30,3,,0.1,West,Cash on Delivery,Completed,Website,171.93
ORD102624,328394,25780,2025-08-13,2025-08-15,3,474.27,0.1,South,UPI,Completed,Website,133.17
ORD102625,908789,59930,2026-03-24,2026-03-27,3,2573.2,0.0,West,UPI,Completed,Website,82.36
ORD102626,418165,67846,2026-02-02,2026-02-05,1,3994.09,0.0,South,Cash on Delivery,Completed,Website,79.13
ORD102627,883666,53143,2025-07-04,2025-07-11,4,2744.63,0.0,North,UPI,Completed,Marketplace,115.47
ORD102628,634991,59930,2025/12/29,2026-01-01,3,2573.2,0.0,West,Net Banking,Completed,Mobile App,58.47
ORD102629,344759,20351,2025-06-03,06-06-2025,1,658.52,0.05,Central,UPI,Completed,Mobile App,146.33
ORD102630,670233,67846,2025-02-11,2025-02-11,2,3994.09,0.0,South,Credit Card,Cancelled,Website,175.11
ORD102631,,67846,2025-02-18,,2,3994.09,0.0,West,UPI,Pending,Mobile App,116.31
ORD102632,987249,20351,2025-07-31,2025-08-04,1,589.2,0.15,Central,Debit Card,Completed,Marketplace,179.83
ORD102633,521337,27124,26-Jun-2025,2025-06-29,1,687.54,0.05,East,UPI,Completed,Website,53.25
ORD102634,344759,75277,2025-12-31,2026-01-04,1,211.8,0.1,Central,Net Banking,Completed,Mobile App,53.19
ORD102635,195215,75277,2025-12-15,2025-12-19,1,211.8,0.1,West,UPI,Completed,Mobile App,166.02
ORD102636,611527,59930,2025-03-07,2025-03-10,2,2573.2,0.0,South,UPI,Completed,Marketplace,109.78
ORD102637,642011,99553,2025-05-12,2025-05-13,5,486.92,0.1,East,UPI,Cancelled,Mobile App,178.29
ORD102638,894372,53143,2025-11-10,2025-11-13,1,2744.63,0.0,Central,Debit Card,Completed,Website,128.22
ORD102639,603177,59930,2025-10-17,2025-10-21,1,2573.2,0.0,South,Cash on Delivery,Completed,Website,148.57
ORD102640,263148,20351,2025-08-13,2025-08-16,3,693.18,0.0,North,UPI,Completed,Website,175.06
ORD102641,904239,25780,2026-06-21,2026-06-24,1,421.58,0.2,East,UPI,Completed,Website,53.38
ORD102642,652250,39430,2025-10-16,2025-10-17,2,1659.99,0.05,North,Credit Card,Completed,Marketplace,148.47
ORD102643,758153,40374,2026-06-02,2026-06-03,1,700.76,0.0,South,PayPal,Completed,Mobile App,93.03
ORD102644,418418,94616,2025-12-15,2025-12-16,2,1181.25,0.1,North,UPI,Pending,Website,82.74
ORD102645,367830,83876,2026-04-12,2026-04-15,3,1188.88,0.15,North,PayPal,Returned,Website,45.18
ORD102646,509415,28009,2025-05-16,2025-05-19,2,158.11,0.15,North,Cash on Delivery,Completed,Website,155.68
ORD102647,257678,25780,2025-10-21,2025-10-24,1,526.97,0.0,East,Debit Card,Completed,Website,49.52
ORD102648,300385,59930,2026-01-11,2026-01-15,1,2573.2,0.0,West,UPI,Completed,Mobile App,124.03
ORD102649,384876,99553,2025-11-15,2025-11-20,1,541.02,0.0,Central,Debit Card,Completed,Mobile App,58.49
ORD102650,509415,83401,2026-06-01,2026-06-06,1,546.42,0.05,North,UPI,Completed,Mobile App,106.41
ORD102651,537950,99553,2025-11-16,2025-11-19,1,513.97,0.05,East,Net Banking,Completed,Website,110.4
ORD102652,159127,53143,2026-04-03,2026-04-04,2,2744.63,0.0,South,UPI ,Completed,Website,127.37
ORD102653,954224,25780,2025-07-22,2025-07-24,1,500.62,0.05,South,UPI,Completed,Website,113.8
ORD102654,506712,23723,2025-10-07,2025-10-09,1,494.26,0.0,west,UPI,Completed,Mobile App,72.08
ORD102655,840889,83401,2025-09-28,2025-10-02,1,575.18,0.0,North,UPI,Completed,Website,95.86
ORD102656,459974,39430,2025-01-09,2025-01-12,1,1485.26,0.15,West,UPI,Completed,Website,54.51
ORD102657,593800,28009,2025-10-14,2025-10-17,1,176.71,0.05,Central,Net Banking,Returned,Marketplace,75.76
ORD102658,901934,80616,2025-04-08,2025-04-13,1,1326.48,0.0,East,Net Banking,Completed,Mobile App,106.63
ORD102659,259621,53143,2025-06-20,2025-06-25,3,2607.4,0.05,East,UPI,Returned,Website,143.61
ORD102660,707415,80616,2025-04-07,2025-04-11,4,1326.48,0.0,North,Credit Card,Completed,Website,58.93
ORD102661,502910,28009,2025-07-11,2025-07-13,2,148.81,0.2,North,Debit Card,Completed,Website,35.3
ORD102662,849738,83401,2026-06-07,2026-06-11,1,575.18,0.0,East,Net Banking,Completed,Mobile App,148.69
ORD102663,555985,80616,2025-09-30,2025-10-04,2,1326.48,0.0,East,UPI,Completed,Website,158.72
ORD102664,537858,67846,2026-02-02,2026-02-05,1,3994.09,0.0,Central,Cash on Delivery,Completed,Marketplace,169.88
ORD102665,505136,80616,2025-12-23,2025-12-26,2,1193.83,0.1,West,UPI,Returned,Marketplace,111.7
ORD102666,249215,23723,2025-02-16,2025-02-20,4,420.12,0.15,South,UPI,Completed,Mobile App,54.75
ORD102667,951867,67846,2025-05-15,2025-05-18,1,3994.09,0.0,South,PayPal,Completed,Marketplace,36.52
ORD102668,883666,20351,2025-05-12,2025-05-16,1,623.86,0.1,North,Net Banking,Completed,Mobile App,148.14
ORD102669,883666,79501,2025-12-11,2025-12-18,2,3453.73,0.05,North,Debit Card,Cancelled,Website,160.56
ORD102670,410216,39430,2025-05-19,2025-05-22,1,1747.36,0.0,South,UPI,Completed,Website,70.27
ORD102671,488226,39430,2025-03-23,2025-03-28,4,1485.26,0.15,South,Cash on Delivery,Returned,Marketplace,112.72
ORD102672,128960,20351,2026-02-27,2026-02-28,3,693.18,0.0,South,Debit Card,Completed,Website,86.65
ORD102673,901934,21754,2025-08-04,2025-08-05,1,1191.95,0.1,East,UPI,Cancelled,Website,171.2
ORD102674,715785,23723,2025-12-11,2025-12-15,2,420.12,0.15,South,Cash on Delivery,Completed,Website,81.08
ORD102675,372970,40374,31-Oct-2025,2025-11-03,1,700.76,0.0,Central,UPI,Completed,Website,162.5
ORD102676,327908,39430,2026-02-13,2026-02-16,2,1572.62,0.1,Central,Net Banking,Pending,Mobile App,64.95
ORD102677,746968,25780,2025-06-19,2025-06-21,1,526.97,0.0,West,Debit Card,Returned,Marketplace,154.45
ORD102678,836208,80616,2025-08-25,2025-08-27,2,1326.48,0.0,South,UPI,Completed,Marketplace,78.65
ORD102679,257678,99553,2025-09-05,2025-09-07,-1,486.92,0.1,East,Net Banking,Cancelled,Website,91.86
ORD102680,707415,79501,2025-07-16,2025-07-20,2,3635.51,0.0,North,PayPal,Cancelled,Marketplace,173.66
ORD102681,375259,20351,2025-07-09,2025-07-11,2,623.86,0.1,Central,Cash on Delivery,Completed,Mobile App,42.28
ORD102682,752183,21754,2025-11-06,2025-11-10,1,1324.39,0.0,Central,Credit Card,Completed,Marketplace,39.05
ORD102683,859034,83401,30/11/2025,2025-12-02,1,546.42,0.05,North,UPI,Cancelled,Website,138.32
ORD102684,555985,23723,2025-05-06,2025-05-07,1,494.26,0.0,East,UPI,Completed,Website,78.23
ORD102685,558733,80616,2026-04-12,2026-04-15,2,1260.16,0.05,East,Debit Card,Completed,Website,114.95
ORD102686,752183,79501,2026-02-06,2026-02-11,1,3271.96,0.1,Central,Cash on Delivery,Completed,Mobile App,160.32
ORD102687,652250,80616,2026-05-11,2026-05-14,2,1326.48,0.0,North,Credit Card,Completed,Mobile App,41.82
ORD102688,870571,83876,2026-04-18,2026-04-22,4,1398.68,0.0,North,Net Banking,Completed,Website,177.37
ORD102689,989775,39430,2026-05-07,14/05/2026,1,1747.36,0.0,South,Cash on Delivery,Completed,Website,53.37
ORD102690,311118,40374,2025/12/22,2025-12-23,1,665.72,0.05,West,PayPal,Returned,Website,112.3
ORD102691,506712,67846,2025-12-02,2025-12-06,2,3794.39,0.05,North,Cash on Delivery,Completed,Website,42.41
ORD102692,831061,83401,2025-05-23,2025-05-26,1,575.18,0.0,South,Cash on Delivery,Completed,Website,121.0
ORD102693,545153,59930,2026-06-06,2026-06-09,1,2573.2,0.0,East,Net Banking,Completed,Website,140.24
ORD102694,894878,24857,2025-07-28,2025-07-28,1,441.07,0.0,North,Cash on Delivery,Cancelled,Marketplace,48.44
ORD102695,128960,27124,2025-11-03,2025-11-08,3,723.73,0.0,South,Credit Card,Completed,Mobile App,68.84
ORD102696,377570,80616,2026-01-06,2026-01-09,1,1326.48,0.0,South,Credit Card,Pending,Website,72.84
ORD102697,532996,43806,2026-04-06,2026-04-10,1,629.87,0.15,South,Debit Card,Completed,Marketplace,87.26
ORD102698,590465,83401,2025-05-13,2025-05-14,3,546.42,0.05,West,Debit Card,Completed,Marketplace,136.21
ORD102699,509415,39430,2025-05-09,2025-05-14,1,1747.36,0.0,North,UPI,Completed,Website,37.91
ORD102700,989740,59930,2025-09-27,2025-09-29,1,2573.2,0.0,East,Credit card,Cancelled,Mobile App,35.33
ORD102701,221868,39430,2025-04-22,2025-04-26,2,1572.62,0.1,North,UPI,Completed,Website,63.61
ORD102702,578458,53143,2025-07-15,2025-07-17,1,2744.63,0.0,West,Net Banking,Completed,Website,78.13
ORD102703,213140,83401,2025-11-14,2025-11-17,2,546.42,0.05,North,Credit Card,Completed,Mobile App,100.07
ORD102704,506712,99553,2026-03-09,2026-03-11,1,486.92,0.1,North,Net Banking,Completed,Website,126.72
ORD102705,407648,67846,2025-11-23,2025-11-25,4,3794.39,0.05,North,Cash on Delivery,Completed,Website,120.73
ORD102706,748766,83876,2025-04-01,2025-04-03,1,1328.75,0.05,East,PayPal,Completed,Mobile App,174.29
ORD102707,391959,47907,2026-03-17,2026-03-21,1,4036.19,0.0,North,Debit Card,Completed,Website,100.72
ORD102708,134784,53143,2025-07-29,2025-08-01,1,2470.17,0.1,North,Cash on Delivery,Completed,Website,47.74
ORD102709,558991,28009,2025-03-25,2025-03-29,1,158.11,0.15,West,PayPal,Completed,Marketplace,79.54
ORD102710,565558,23723,2025-05-31,2025-06-03,5,444.83,0.1,North,Net Banking,Completed,Mobile App,115.32
ORD102711,508068,39430,2025-03-07,2025-03-10,1,1572.62,0.1,East,UPI,Completed,Website,169.41
ORD102712,652250,20351,2026-01-27,2026-01-30,1,623.86,0.1,North,UPI,Completed,Website,94.1
ORD102713,,25046,2025-09-22,2025-09-26,1,230.45,0.15,East,UPI,Cancelled,Website,97.27
ORD102714,294304,83401,2026-04-20,2026-04-21,4,575.18,0.0,North,UPI,Completed,Marketplace,166.42
ORD102715,545153,83876,2025-08-18,2025-08-20,2,1258.81,0.1,East,Debit Card,Completed,Mobile App,62.49
ORD102716,573059,25780,2025-10-11,2025-10-13,3,526.97,0.0,West,UPI,Completed,Mobile App,164.12
ORD102717,576647,53143,2025-11-22,2025-11-25,1,2607.4,0.05,North,UPI,Completed,Marketplace,145.3
ORD102718,904239,53143,2025-06-05,2025-06-08,1,2744.63,0.0,East,COD,Completed,Website,81.32
ORD102719,410822,96857,2025-02-03,2025-02-04,3,1057.45,0.0,South,UPI,Completed,Mobile App,57.49
ORD102720,344759,83401,2025-09-10,2025-09-11,2,517.66,0.1,Central,Debit Card,Cancelled,Website,129.5
ORD102721,520596,88270,2025-01-11,2025-01-15,2,1690.14,0.1,West,Debit Card,Cancelled,Mobile App,166.18
ORD102722,800130,67846,2025-11-09,2025-11-14,2,3794.39,0.05,North,Debit Card,Completed,Website,127.17
ORD102723,784164,47907,2025-12-16,2025-12-17,1,3430.76,0.15,North,UPI,Completed,Marketplace,136.06
ORD102724,507954,53143,15-Jun-2025,2025-06-20,2,2607.4,0.05,West,UPI,Pending,Mobile App,131.46
ORD102725,816732,88270,2025-12-03,2025-12-07,1,1877.93,0.0,East,UPI,Cancelled,Marketplace,94.93
ORD102726,565558,25780,2026-06-05,2026-06-08,1,526.97,0.0,North,UPI,Completed,Mobile App,54.81
ORD102727,666277,96857,2025-11-21,2025-11-28,3,898.83,0.15,West,Credit Card,Completed,Mobile App,76.22
ORD102728,821239,53143,2025-04-29,2025-05-03,2,2744.63,0.0,South,UPI,Cancelled,Website,89.01
ORD102729,509415,99553,2025-12-19,2025-12-24,4,486.92,0.1,North,Debit Card,Completed,Marketplace,113.42
ORD102730,582439,28009,2025-10-22,2025-10-25,1,186.01,0.0,West,Cash on Delivery,Returned,Mobile App,158.64
ORD102731,634991,67846,2025-08-14,2025-08-16,1,3994.09,0.0,West,Net Banking,Returned,Website,61.87
ORD102732,418418,67846,2026-04-17,2026-04-21,1,3994.09,0.0,North,UPI,Completed,Mobile App,48.47
ORD102733,634991,80616,2025-03-05,2025-03-06,1,1260.16,0.05,West,Debit Card,Completed,Website,60.9
ORD102734,752183,94616,2026-06-26,2026-06-29,4,1312.5,0.0,Central,PayPal,Completed,Marketplace,76.3
ORD102735,370445,21754,2025-08-22,2025-08-24,1,1191.95,0.1,South,Cash on Delivery,Completed,Mobile App,99.36
ORD102736,578458,67846,29/01/2025,2025-02-03,2,3994.09,0.0,West,UPI,Completed,Website,97.64
ORD102737,384470,80616,2025-05-09,2025-05-11,1,1326.48,0.0,West,Debit Card,Cancelled,Website,92.05
ORD102738,578458,59930,2025-09-01,2025-09-04,2,2058.56,0.2,West,Cash on Delivery,Completed,Marketplace,96.16
ORD102739,499200,67846,2025-01-12,2025-01-16,1,3994.09,0.0,North,UPI,Completed,Website,97.1
ORD102740,455422,25046,2025-11-02,2025-11-03,2,271.12,0.0,South,Credit Card,Completed,Website,91.11
ORD102741,620517,67846,2026-06-02,2026-06-05,3,3994.09,0.0,East,Credit Card,Completed,Website,37.56
ORD102742,676737,23723,2025-03-12,2025-03-13,1,469.55,0.05,Central,Credit Card,Completed,Mobile App,103.65
ORD102743,510981,59930,2026-04-30,2026-05-04,1,2573.2,0.0,South,Net Banking,Completed,Website,177.19
ORD102744,962018,79501,2026-06-03,2026-06-06,2,3635.51,0.0,North,UPI,Completed,Website,155.62
ORD102745,,23723,2026-05-17,2026-05-22,3,494.26,0.0,East,Net Banking,Completed,Mobile App,42.26
ORD102746,624404,20351,2025-11-15,2025-11-20,1,589.2,0.15,North,UPI,Completed,Mobile App,37.91
ORD102747,782094,27124,2025-02-15,2025-02-17,1,687.54,0.05,West,PayPal,Completed,Mobile App,143.35
ORD102748,996075,20351,2025-02-26,2025-03-03,2,693.18,0.0,West,Net Banking,Completed,Mobile App,139.49
ORD102749,578458,80616,2025-09-09,2025-09-12,1,1193.83,0.1,West,PayPal,Completed,Website,153.03
ORD102750,509415,96270,2025-11-26,2025-12-01,1,285.06,0.2,North,Net Banking,Cancelled,Mobile App,36.22
ORD102751,920802,20351,2025-12-26,2025-12-29,1,623.86,0.1,Central,Credit Card,Completed,Mobile App,79.11
ORD102752,962018,53143,2025-12-13,2025-12-17,1,2332.94,0.15,North,Cash on Delivery,Completed,Mobile App,100.61
ORD102753,669378,53143,2026-02-25,2026-03-01,1,2470.17,0.1,Central,UPI,Completed,Mobile App,52.47
ORD102754,478473,80616,2025-05-30,2025-06-03,2,1193.83,0.1,South,Cash on Delivery,Completed,Marketplace,100.11
ORD102755,454529,28009,2025-10-14,2025-10-15,2,186.01,0.0,West,UPI,Completed,Website,163.78
ORD102756,235450,53143,2026-06-29,2026-07-02,1,2744.63,0.0,West,UPI,Completed,Website,161.16
ORD102757,281740,83876,2025-12-05,2025-12-08,1,1398.68,0.0,West,UPI,Completed,Website,170.66
ORD102758,522520,24857,2025-09-05,2025-09-09,1,396.96,0.1,South,UPI,Completed,Website,73.53
ORD102759,242287,25780,2025-11-06,2025-11-07,1,474.27,0.1,East,Credit Card,Completed,Website,122.82
ORD102760,883666,99553,2025-01-16,2025-01-17,2,486.92,0.1,North,UPI,Completed,Mobile App,131.36
ORD102761,934103,20351,2026-04-09,2026-04-12,2,658.52,0.05,West,UPI,Completed,Website,162.3
ORD102762,897816,99553,2026-05-10,2026-05-15,1,541.02,0.0,South,Debit Card,Completed,Website,168.86
ORD102763,235450,39430,2026-01-18,2026-01-20,1,1747.36,0.0,South,UPI,Completed,Website,154.06
ORD102764,363683,27124,12/09/2025,2025-09-13,1,723.73,0.0,West,UPI,Completed,Marketplace,101.71
ORD102765,572689,88270,2025-03-07,2025-03-09,3,1784.03,0.05,East,Cash on Delivery,Completed,Mobile App,66.15
ORD102766,883666,23723,2025-02-06,2025-02-08,1,494.26,0.0,North,UPI,Completed,Mobile App,99.11
ORD102767,690321,20351,2026-04-08,2026-04-12,4,,0.0,North,Cash on Delivery,Completed,Mobile App,121.98
ORD102768,311483,28009,2025-07-11,2025-07-14,2,186.01,0.0,Central,Credit Card,Returned,Website,137.27
ORD102769,837919,75277,2025-07-21,2025-07-23,2,235.33,0.0,South,UPI,Completed,Mobile App,162.45
ORD102770,717322,67846,2026-02-28,2026-03-03,2,3994.09,0.0,North,UPI,Completed,Website,80.91
ORD102771,133215,25780,2025-04-07,2025-04-09,3,526.97,0.0,South,UPI,Cancelled,Mobile App,65.92
ORD102772,357370,88270,2025-06-11,2025-06-15,3,1784.03,0.05,South,Credit Card,Completed,Mobile App,100.52
ORD102773,918245,96270,2025-05-05,2025-05-12,3,356.33,0.0,South,UPI,Completed,Website,158.2
ORD102774,894878,59930,2026-05-31,2026-06-03,5,2573.2,0.0,North,Cash on Delivery,Completed,Website,61.85
ORD102775,903968,79501,25-Dec-2025,2025-12-27,1,3453.73,0.05,East,Net Banking,Completed,Website,86.29
ORD102776,586025,53143,2026-06-22,2026-06-25,1,2744.63,0.0,North,Debit Card,Completed,Website,98.76
ORD102777,243466,27124,2025-10-27,2025-10-30,2,723.73,0.0,West,UPI,Completed,Website,114.33
ORD102778,962018,21754,2025-10-14,2025-10-21,3,1191.95,0.1,North,PayPal,Pending,Mobile App,79.44
ORD102779,709183,23723,2025-08-26,2025-08-29,1,494.26,0.0,West,Debit Card,Completed,Mobile App,39.23
ORD102780,876105,40374,2025-08-14,2025-08-16,1,595.65,0.15,East,Net Banking,Cancelled,Website,64.8
ORD102781,537858,21754,2025-01-15,2025-01-18,4,1324.39,0.0,Central,Net Banking,Completed,Mobile App,116.65
ORD102782,863492,80616,2026-03-29,2026-04-01,3,1326.48,0.0,Central,Debit Card,Completed,Website,40.15
ORD102783,455093,75277,2025-12-09,2025-12-11,1,235.33,0.0,South,Credit Card,Pending,Website,173.63
ORD102784,287271,43806,2026-04-21,2026-04-22,1,666.92,0.1,East,UPI,Completed,Marketplace,123.09
ORD102785,677266,24857,2025-10-15,2025-10-22,2,441.07,0.0,Central,UPI,Completed,Mobile App,140.64
ORD102786,255785,20351,2025-05-04,2025-05-08,1,693.18,0.0,East,Net Banking,Completed,Website,140.98
ORD102787,578458,25780,2026-02-22,2026-02-24,1,500.62,0.05,West,PayPal,Completed,Mobile App,140.02
ORD102788,620517,53143,2026-03-14,2026-03-15,1,2744.63,0.0,East,Cash on Delivery,Completed,Mobile App,79.14
ORD102789,989775,20351,2026-05-07,2026-05-10,1,623.86,0.1,South,Net Banking,Completed,Mobile App,66.83
ORD102790,727246,59930,2025-12-06,12-10-2025,3,2315.88,0.1,West,Cash on Delivery,Completed,Marketplace,107.15
ORD102791,607287,75277,2025-01-08,2025-01-11,1,235.33,0.0,Central,UPI,Completed,Mobile App,110.38
ORD102792,748941,79501,2025-02-24,2025-02-25,1,3635.51,0.0,South,Net Banking,Returned,Marketplace,92.21
ORD102793,510981,28009,2026-03-13,03-15-2026,2,167.41,0.1,South,Cash on Delivery,Completed,Mobile App,102.32
ORD102794,205182,96857,2025-07-24,2025-07-29,2,1057.45,0.0,South,Cash on Delivery,Completed,Website,72.28
ORD102795,996075,83876,2026-06-16,2026-06-20,2,1398.68,0.0,West,Net Banking,Pending,Mobile App,60.65
ORD102796,534430,80616,2026-01-07,2026-01-09,1,1326.48,0.0,West,Credit Card,Completed,Website,166.8
ORD102797,265020,59930,2025-11-23,2025-11-26,2,2444.54,0.05,South,Debit Card,Completed,Website,152.31
ORD102798,800130,79501,2026-03-22,2026-03-24,1,3635.51,0.0,North,Debit Card,Completed,Website,82.53
ORD102799,926948,53143,2025-06-30,2025-07-02,1,2607.4,0.05,South,UPI,Completed,Website,126.5
ORD102800,552094,59930,2025-12-03,2025-12-05,1,2573.2,0.0,North,UPI,Returned,Marketplace,94.89
ORD102801,485707,25780,2025-12-08,2025-12-10,3,526.97,0.0,West,UPI,Completed,Mobile App,66.48
ORD102802,410216,40374,2026-03-22,2026-03-25,1,665.72,0.05,South,Cash on Delivery,Completed,Website,62.25
ORD102803,243466,67846,2025-09-18,2025-09-20,3,3594.68,0.1,West,Credit Card,Cancelled,Mobile App,49.92
ORD102804,590465,99553,2025-07-03,2025-07-07,2,513.97,0.05,West,UPI,Completed,Mobile App,41.02
ORD102805,679329,28009,2026-06-11,2026-06-16,2,186.01,0.0,Central,Cash on Delivery,Completed,Website,85.09
ORD102806,840889,83401,2025-09-08,2025-09-11,1,575.18,0.0,North,UPI,Completed,Mobile App,54.04
ORD102807,901441,80616,2026-03-17,2026-03-24,2,1326.48,0.0,South,UPI,Completed,Marketplace,142.25
ORD102808,603177,25046,2025-03-16,2025-03-21,4,244.01,0.1,South,Cash on Delivery,Completed,Mobile App,126.41
ORD102809,908789,94616,2025-11-12,2025-11-15,2,1312.5,0.0,West,Debit Card,Completed,Marketplace,95.55
ORD102810,371942,43806,2025-06-07,2025-06-12,1,741.02,0.0,North,Net Banking,Completed,Marketplace,78.64
ORD102811,291897,20351,2026-05-03,2026-05-05,1,693.18,0.0,North,Net Banking,Completed,Mobile App,98.48
ORD102812,913365,79501,2025-10-25,2025-10-26,1,3271.96,0.1,East,Net Banking,Completed,Website,46.78
ORD102813,821239,40374,2025-09-02,2025-09-03,2,700.76,0.0,South,Net Banking,Completed,Marketplace,67.69
ORD102814,715785,67846,2025-08-17,2025-08-21,1,3794.39,0.05,South,Cash on Delivery,Completed,Mobile App,50.66
ORD102815,643571,21754,2025-11-17,2025-11-19,1,1324.39,0.0,North,UPI,Completed,Marketplace,119.93
ORD102816,545153,24857,2025-06-03,2025-06-05,3,441.07,0.0,East,UPI ,Completed,Mobile App,174.96
ORD102817,263148,39430,2026-02-20,2026-02-22,1,1747.36,0.0,North,PayPal,Completed,Website,86.04
ORD102818,707415,88270,2025-06-23,2025-06-26,1,1877.93,0.0,North,UPI,Completed,Website,140.22
ORD102819,876105,59930,2026-04-15,2026-04-17,1,2573.2,0.0,East,Credit Card,Completed,Website,81.46
ORD102820,391959,39430,2025-03-29,2025-04-01,1,1747.36,0.0,North,Debit Card,Completed,Mobile App,132.01
ORD102821,291348,83401,2025-02-28,2025-03-02,4,517.66,0.1,North,Credit Card,Completed,Mobile App,105.83
ORD102822,652250,20351,2025-10-08,2025-10-09,2,623.86,0.1,North,Net Banking,Completed,Marketplace,109.79
ORD102823,740287,23723,2026-05-30,2026-06-03,2,444.83,0.1,West,Net Banking,Completed,Marketplace,56.6
ORD102824,572689,25780,2025-05-31,2025-06-03,1,447.92,0.15,East,Cash on Delivery,Completed,Mobile App,78.06
ORD102825,784164,20351,2025-12-15,2025-12-18,1,693.18,0.0,North,UPI,Completed,Mobile App,44.86
ORD102826,499200,59930,2025-03-18,2025-03-21,1,2444.54,0.05,North,Net Banking,Pending,Website,143.5
ORD102827,861788,59930,2025-07-25,2025-07-26,2,2573.2,0.0,South,UPI,Returned,Website,60.19
ORD102828,179644,59930,2025-09-20,2025-09-22,2,2573.2,0.0,West,Net Banking,Completed,Website,135.14
ORD102829,756713,59930,2025-04-07,2025-04-11,1,2444.54,0.05,West,Debit Card,Completed,Website,165.09
ORD102830,499659,39430,2025-05-06,2025-05-08,4,1747.36,0.0,West,COD,Completed,Website,45.63
ORD102831,509415,79501,2025-11-26,2025-11-30,1,3635.51,0.0,North,Debit Card,Completed,Marketplace,60.16
ORD102832,608777,25780,2025-11-26,2025-11-30,3,526.97,0.0,West,Net Banking,Completed,Marketplace,64.62
ORD102833,287271,20351,2025-10-07,2025-10-08,1,693.18,0.0,East,Debit Card,Completed,Website,81.72
ORD102834,715785,53143,2026-03-30,2026-04-03,2,2744.63,0.0,South,UPI,Completed,Mobile App,102.84
ORD102835,707415,83876,2026-01-06,2026-01-13,1,1398.68,0.0,North,Net Banking,Completed,Mobile App,110.74
ORD102836,509415,83876,2025-03-05,2025-03-07,1,1398.68,0.0,North,Credit Card,Completed,Website,96.78
ORD102837,578458,59930,2025-06-17,2025-06-20,5,"3,779.23",0.0,West,UPI,Completed,Website,154.42
ORD102838,635958,79501,2026-01-28,2026-02-01,2,3635.51,0.0,North,PayPal,Completed,Marketplace,152.24
ORD102839,264049,67846,2025-04-07,2025-04-10,4,3794.39,0.05,North,Debit Card,Completed,Marketplace,137.69
ORD102840,455093,53143,2025-04-08,2025-04-13,1,2744.63,0.0,South,UPI,Completed,Marketplace,65.79
ORD102841,648844,39430,2025-02-02,2025-02-04,1,1747.36,0.0,West,Net Banking,Completed,Marketplace,145.01
ORD102842,648631,59930,2026-06-24,2026-07-01,2,2573.2,0.0,North,Cash on Delivery,Completed,Website,61.68
ORD102843,709183,47907,2025-11-24,2025-11-27,1,3632.57,0.1,West,UPI,Returned,Website,179.69
ORD102844,634991,27124,2025-09-28,2025-09-30,2,723.73,0.0,West,Net Banking,Completed,Website,85.01
ORD102845,648631,80616,2026-06-12,2026-06-13,1,1127.51,0.15,North,Net Banking,Returned,Marketplace,164.8
ORD102846,212394,67846,2025-08-14,2025-08-15,2,3794.39,0.05,West,Cash on Delivery,Completed,Website,83.42
ORD102847,451873,79501,2025-03-30,2025-04-03,1,3090.18,0.15,North,Debit Card,Pending,Mobile App,66.8
ORD102848,311483,59930,2025-11-25,2025-11-27,2,2315.88,0.1,Central,UPI,Completed,Marketplace,90.66
ORD102849,142839,83876,2025-07-26,2025-07-29,2,1398.68,0.0,South,Net Banking,Completed,Mobile App,93.74
ORD102850,638474,27124,2025-05-26,2025-05-28,1,687.54,0.05,West,UPI,Completed,Mobile App,120.01
ORD102851,981656,28009,2025-03-03,2025-03-06,2,167.41,0.1,East,Net Banking,Completed,Mobile App,41.31
ORD102852,748766,80616,2026-04-24,2026-04-29,3,1326.48,0.0,East,Credit Card,Returned,Website,53.61
ORD102853,410216,83876,2025-07-15,2025-07-17,1,1398.68,0.0,South,Net Banking,Completed,Marketplace,53.93
ORD102854,190452,99553,2025-09-03,2025-09-07,2,541.02,0.0,North,Debit Card,Cancelled,Website,160.11
ORD102855,155485,83401,2025-03-31,2025-04-02,3,546.42,0.05,West,UPI,Completed,Mobile App,113.34
ORD102856,541876,83876,2025-12-31,2026-01-01,3,1398.68,0.0,South,Cash on Delivery,Cancelled,Website,143.79
ORD102857,520596,80616,2025-05-03,2025-05-06,1,1193.83,0.1,West,UPI,Completed,Mobile App,92.27
ORD102858,300385,67846,2026-05-15,2026-05-19,2,3794.39,0.05,West,Credit Card,Completed,Website,123.27
ORD102859,604773,53143,2025-01-06,2025-01-09,3,2470.17,0.1,Central,UPI,Completed,Website,42.42
ORD102860,800130,83876,2025-05-08,2025-05-12,1,1398.68,0.0,North,Net Banking,Completed,Mobile App,68.77
ORD102861,946703,94616,2025-09-03,2025-09-10,2,1181.25,0.1,North,Credit Card,Returned,Mobile App,128.31
ORD102862,938019,27124,2025-01-06,2025-01-09,1,615.17,0.15,South,UPI,Completed,Website,91.42
ORD102863,746968,47907,2025-05-09,2025-05-12,1,4036.19,0.0,West,Cash on Delivery,Cancelled,Website,118.68
ORD102864,784164,25046,2025-11-06,2025-11-09,2,257.56,0.05,North,UPI,Completed,Mobile App,126.84
ORD102865,710265,96857,2025-01-18,2025-01-21,1,951.7,0.1,North,Cash on Delivery,Completed,Mobile App,43.27
ORD102866,459160,20351,2025-08-25,2025-08-29,4,693.18,0.0,West,Net Banking,Completed,Mobile App,92.21
ORD102867,934103,20351,2025-08-30,2025-09-01,3,693.18,0.0,West,UPI,Pending,Mobile App,111.79
ORD102868,411950,94616,2026-04-18,2026-04-22,5,1181.25,0.1,West,Credit Card,Completed,Mobile App,48.2
ORD102869,502910,50462,2026-06-24,2026-06-29,1,161.17,0.0,North,Cash on Delivery,Completed,Website,156.8
ORD102870,608777,28009,2025-08-22,2025-08-23,1,158.11,0.15,south,Debit Card,Completed,Mobile App,118.71
ORD102871,778380,43806,16/04/2026,2026-04-17,1,741.02,0.0,West,UPI,Completed,Marketplace,129.55
ORD102872,951867,40374,2025-07-17,2025-07-19,1,700.76,0.0,South,UPI,Completed,Marketplace,159.06
ORD102873,502910,99553,2025-07-18,2025/07/22,1,432.82,0.2,North,Net Banking,Completed,Website,60.1
ORD102874,928190,99553,2025-10-22,2025-10-26,2,486.92,0.1,North,Debit Card,Completed,Website,147.35
ORD102875,,75277,2025-04-28,2025-05-01,1,223.56,0.05,North,Net Banking,Completed,Website,93.41
ORD102876,670233,67846,2025-08-25,2025-08-26,1,3794.39,0.05,South,Credit Card,Completed,Marketplace,55.31
ORD102877,948985,83401,2025-12-05,2025-12-10,1,517.66,0.1,West,Cash on Delivery,Completed,Mobile App,136.64
ORD102878,837919,20351,2025-07-29,2025-08-02,1,658.52,0.05,South,Cash on Delivery,Completed,Website,94.82
ORD102879,548860,24857,2026-05-27,2026-05-29,3,441.07,0.0,Central,Debit Card,Pending,Marketplace,54.1
ORD102880,989775,40374,2026-02-07,2026-02-12,2,700.76,0.0,South,Cash on Delivery,Completed,Mobile App,50.98
ORD102881,454529,80616,2025-10-14,2025-10-16,1,1260.16,0.05,West,Debit Card,Completed,Website,55.0
ORD102882,946703,83401,2026-01-20,2026-01-23,1,575.18,0.0,North,Cash on Delivery,Completed,Website,74.52
ORD102883,807170,23723,2025-02-22,2025-02-27,2,420.12,0.15,East,Credit Card,Completed,Website,75.47
ORD102884,782094,99553,2025-09-13,2025-09-17,3,486.92,0.1,West,UPI,Completed,Marketplace,122.59
ORD102885,526647,88270,2025-11-11,2025-11-14,3,1877.93,0.0,West,UPI,Completed,Website,135.22
ORD102886,969755,59930,2025-11-30,2025-12-04,1,2444.54,0.05,West,Debit Card,Completed,Mobile App,170.23
ORD102887,634991,24857,2025-03-13,2025-03-15,2,374.91,0.15,West,Credit Card,Completed,Marketplace,167.99
ORD102888,723462,50462,2025-05-25,2025-05-30,1,161.17,0.0,North,UPI,Cancelled,Marketplace,153.06
ORD102889,300385,25780,2025-06-26,2025-06-27,2,526.97,0.0,West,UPI,Completed,Marketplace,129.82
ORD102890,934103,80616,2025-11-02,2025-11-06,2,1193.83,0.1,West,Credit Card,Completed,Website,177.47
ORD102891,707085,67846,2025-04-05,2025-04-09,2,3994.09,0.0,West,Cash on Delivery,Cancelled,Website,130.75
ORD102892,357370,88270,2026-02-01,2026-02-05,1,1877.93,0.0,South,UPI,Completed,Website,96.42
ORD102893,836208,25780,2025-11-14,2025-11-17,1,526.97,0.0,South,Debit Card,Returned,Website,139.96
ORD102894,767922,96857,2025-04-03,2025-04-05,3,1057.45,0.0,West,UPI,Completed,Website,173.81
ORD102895,221705,20351,2025-01-14,2025-01-19,1,693.18,0.0,West,Debit Card,Completed,Website,116.77
ORD102896,384876,96857,2025-01-28,2025-01-31,1,1004.58,0.05,Central,upi,Completed,Website,163.89
ORD102897,823362,94616,2026-01-15,2026-01-16,1,1312.5,0.0,South,UPI,Completed,Marketplace,127.84
ORD102898,959389,79501,2026-05-01,2026-05-05,1,3635.51,0.0,North,UPI,Completed,Marketplace,175.44
ORD102899,243466,20351,2025-11-14,2025-11-17,1,693.18,0.0,West,UPI,Completed,Website,56.22
ORD102900,740287,47907,2026-03-20,2026-03-27,1,3834.38,0.05,West,Credit Card,Completed,Website,125.67
ORD102901,849738,24857,2025-04-23,2025-04-28,2,441.07,0.0,East,UPI,Completed,Marketplace,140.57
ORD102902,766286,28009,2026-01-03,2026-01-06,4,186.01,0.0,Central,Cash on Delivery,Completed,Website,153.79
ORD102903,782094,47907,2025-11-14,2025-11-16,1,3632.57,0.1,West,UPI,Completed,Marketplace,88.03
ORD102904,508068,83876,2025-01-20,2025-01-22,1,,0.0,East,Debit Card,Completed,Website,51.19
ORD102905,849738,39430,2026-02-20,2026-02-23,2,1659.99,0.05,East,UPI,Completed,Mobile App,88.68
ORD102906,989740,83401,2025-04-23,2025-04-30,1,517.66,0.1,East,Debit Card,Completed,Mobile App,99.53
ORD102907,648309,40374,2026-01-12,2026-01-15,1,700.76,0.0,West,UPI,Completed,Website,123.57
ORD102908,968014,79501,2026-06-12,2026-06-14,2,3635.51,0.0,West,Cash on Delivery,Cancelled,Website,137.63
ORD102909,710265,21754,2025-12-04,2025-12-08,1,1059.51,0.2,North,UPI,Completed,Website,124.69
ORD102910,666877,99553,2025-11-17,2025-11-19,2,541.02,0.0,East,Credit Card,Pending,Marketplace,117.49
ORD102911,520596,67846,2025-07-22,2025-07-24,3,3994.09,0.0,West,Credit Card,Completed,Website,71.98
ORD102912,242097,47907,2025-07-05,2025-07-12,4,3834.38,0.05,West,Net Banking,Cancelled,Website,127.76
ORD102913,545153,20351,2025-05-11,2025-05-13,2,693.18,0.0,East,UPI,Completed,Website,114.43
ORD102914,983344,20351,2025-02-18,2025-02-22,1,554.54,0.2,North,Cash on Delivery,Completed,Mobile App,43.88
ORD102915,499200,80616,2025-12-26,,2,1127.51,0.15,North,Credit Card,Completed,Mobile App,40.41
ORD102916,407648,53143,2025-09-03,2025-09-08,1,2607.4,0.05,North,Cash on Delivery,Completed,Mobile App,84.03
ORD102917,287271,25046,2025-07-14,2025-07-15,1,271.12,0.0,East,Net Banking,Completed,Website,61.21
ORD102918,794251,23723,2025-12-01,2025-12-05,1,494.26,0.0,North,UPI,Completed,Mobile App,85.32
ORD102919,918245,79501,2025-12-28,2025-12-31,1,3635.51,0.0,South,UPI,Completed,Website,122.6
ORD102920,790987,96270,2026-04-21,2026-04-24,1,356.33,0.0,West,Cash on Delivery,Completed,Website,48.77
ORD102921,578302,67846,2025-04-23,2025-04-25,1,3994.09,0.0,Central,UPI,Completed,Website,88.57
ORD102922,178580,83876,2025-08-13,2025-08-15,4,1398.68,0.0,South,Debit Card,Pending,Mobile App,78.4
ORD102923,247829,53143,2025-06-09,2025-06-11,2,2744.63,0.0,West,Cash on Delivery,Completed,Marketplace,133.78
ORD102924,225610,20351,2025-10-08,2025-10-12,1,658.52,0.05,North,Cash on Delivery,Completed,Mobile App,56.26
ORD102925,263148,39430,2025-01-07,2025-01-10,2,1572.62,0.1,North,Debit Card,Completed,Website,150.98
ORD102926,478473,94616,2025-03-01,,3,1312.5,0.0,South,UPI,Completed,Website,60.68
ORD102927,291897,96857,2025-03-29,2025-04-03,1,1057.45,0.0,North,Credit Card,Completed,Marketplace,51.08
ORD102928,763304,28009,2025-07-20,2025-07-21,1,186.01,0.0,West,UPI,Cancelled,Website,158.37
ORD102929,800130,53143,2025-08-25,2025-08-28,1,2744.63,0.0,North,Cash on Delivery,Completed,Mobile App,109.31
ORD102930,235450,40374,2025-02-11,2025-02-13,1,700.76,0.0,West,Debit Card,Completed,Website,64.75
ORD102931,894372,67846,2025-04-04,2025-04-05,1,3994.09,0.0,Central,Credit Card,Completed,Mobile App,85.15
ORD102932,382701,83401,2026-06-10,2026-06-13,1,575.18,0.0,West,Net Banking,Completed,Mobile App,147.47
ORD102933,996075,99553,2025-03-23,,2,541.02,0.0,West,UPI,Completed,Mobile App,158.84
ORD102934,510981,96857,2025-07-03,2025-07-06,1,1057.45,0.0,South,UPI,Returned,Mobile App,152.13
ORD102935,836203,25780,2025-05-28,2025-05-31,3,447.92,0.15,North,UPI,Pending,Mobile App,108.67
ORD102936,545153,83401,2026-03-19,2026-03-20,1,517.66,0.1,East,UPI,Returned,Mobile App,38.26
ORD102937,507954,79501,2025-06-03,2025-06-04,2,3271.96,0.1,West,Credit Card,Completed,Mobile App,173.41
ORD102938,676737,25780,17-Feb-2026,2026-02-21,1,474.27,0.1,Central,Cash on Delivery,Returned,Marketplace,167.42
ORD102939,508068,88270,2026-06-05,2026-06-07,1,1877.93,0.0,East,Debit Card,Completed,Mobile App,61.04
ORD102940,215684,79501,2025-05-24,2025-05-27,1,3453.73,0.05,South,UPI,Completed,Marketplace,99.79
ORD102941,635958,99553,2025-03-13,2025-03-16,1,541.02,0.0,North,Net Banking,Completed,Website,83.66
ORD102942,764915,25780,2026-02-09,2026-02-16,1,500.62,0.05,North,UPI,Completed,Mobile App,140.83
ORD102943,946106,23723,2026-02-18,2026-02-25,1,494.26,0.0,North,Cash on Delivery,Completed,Website,90.37
ORD102944,679329,99553,2025-01-23,2025-01-25,1,541.02,0.0,Central,Credit Card,Completed,Mobile App,73.93
ORD102945,520596,83876,2025-08-29,2025-09-01,1,1398.68,0.0,West,Net Banking,Completed,Mobile App,163.56
ORD102946,221705,79501,2025-10-03,2025-10-05,1,3635.51,0.0,West,Net Banking,Pending,Mobile App,116.48
ORD102947,508068,88270,2025-11-28,2025-11-30,1,99999.99,0.1,East,UPI,Completed,Website,57.91
ORD102948,654697,99553,2025-04-01,2025-04-04,3,541.02,0.0,Central,Credit Card,Pending,Mobile App,144.6
ORD102949,179644,80616,2025-06-19,2025-06-21,5,1326.48,0.0,West,UPI,Completed,Website,168.79
ORD102950,235450,47907,2026-04-30,,2,4036.19,0.0,West,UPI,Completed,Website,107.94
ORD102951,666877,94616,2025-10-05,2025-10-07,1,1312.5,0.0,East,UPI,Completed,Website,112.33
ORD102952,715785,20351,2026-03-03,2026-03-07,1,693.18,0.0,South,UPI,Pending,Marketplace,48.44
ORD102953,603177,67846,2026-02-14,2026-02-19,1,3394.98,0.15,South,Debit Card,Completed,Mobile App,94.09
ORD102954,410216,20351,2025-11-30,2025-12-04,1,623.86,0.1,South,Debit Card,Completed,Website,55.13
ORD102955,719643,53143,2025-09-04,2025-09-07,1,2744.63,0.0,West,UPI,Completed,Website,94.78
ORD102956,509415,83876,2025-06-01,2025-06-02,2,1328.75,0.05,North,Cash on Delivery,Completed,Mobile App,78.92
ORD102957,243466,20351,2026-02-02,2026-02-05,1,658.52,0.05,West,Cash on Delivery,Completed,Website,164.66
ORD102958,277952,59930,2025-07-18,2025-07-21,1,2187.22,0.15,South,Credit Card,Completed,Marketplace,163.01
ORD102959,605121,59930,2025-11-14,2025-11-15,1,2315.88,0.1,North,Credit Card,Completed,Marketplace,90.69
ORD102960,632863,80616,17/09/2025,2025-09-21,1,1326.48,0.0,South,UPI,Completed,Mobile App,91.81
ORD102961,401832,25780,2026-06-11,2026-06-12,2,526.97,0.0,Central,Credit Card,Completed,Website,128.0
ORD102962,509415,20351,2025-02-06,2025-02-08,3,693.18,0.0,North,UPI,Completed,Marketplace,178.53
ORD102963,486108,96857,2026-04-14,2026-04-15,1,951.7,0.1,Central,UPI,Completed,Website,129.82
ORD102964,996075,88270,2025-11-09,2025-11-14,1,1877.93,0.0,WEST,UPI,Completed,Website,160.96
ORD102965,371942,80616,2025-06-30,2025-07-07,1,1061.18,0.2,North,Net Banking,Completed,Marketplace,87.26
ORD102966,982841,39430,2025-09-11,2025-09-16,1,1747.36,0.0,Central,Cash on Delivery,Completed,Website,100.0
ORD102967,235450,20351,2026-02-02,2026-02-04,2,658.52,0.05,West,Cash on Delivery,Returned,Website,166.45
ORD102968,510981,25780,2026-03-19,2026-03-26,1,474.27,0.1,South,Credit Card,Completed,Marketplace,36.98
ORD102969,883666,83401,2026-03-05,2026-03-08,1,546.42,0.05,North,UPI,Pending,Mobile App,130.72
ORD102970,371942,80616,2026-05-16,2026-05-19,4,1326.48,0.0,North,Credit Card,Completed,Mobile App,168.8
ORD102971,832149,83401,2025-03-12,2025-03-15,1,575.18,0.0,South,UPI,Completed,Marketplace,79.44
ORD102972,328394,59930,2025-08-01,2025-08-03,3,2573.2,0.0,South,Credit Card,Cancelled,Mobile App,58.0
ORD102973,644114,59930,2025-12-04,2025-12-07,4,2573.2,0.0,Central,Credit Card,Completed,Marketplace,171.47
ORD102974,901934,23723,2026-02-27,2026-03-01,1,494.26,0.0,East,Credit Card,Cancelled,Website,67.08
ORD102975,601488,59930,2025-12-09,2025-12-08,2,2315.88,0.1,South,UPI,Returned,Website,45.65
ORD102976,335484,96270,2025-06-02,2025-06-05,1,356.33,0.0,East,UPI,Completed,Website,127.6
ORD102977,901441,88270,2026-06-26,2026/06/27,1,1877.93,0.0,South,UPI,Completed,Marketplace,77.01
ORD102978,520596,96270,2025-09-05,2025-09-08,1,356.33,0.0,West,UPI,Completed,Mobile App,148.19
ORD102979,582439,53143,2025-12-22,2025-12-26,1,2744.63,0.0,West,Cash on Delivery,Completed,Mobile App,83.77
ORD102980,265020,80616,2025-04-06,2025-04-11,2,1127.51,0.15,South,Credit Card,Completed,Website,169.69
ORD102981,643571,43806,2026-04-15,2026-04-18,3,741.02,0.0,North,Cash on Delivery,Completed,Website,126.98
ORD102982,519562,53143,2025-03-26,2025-03-27,1,2470.17,15 %,East,UPI,Completed,Marketplace,153.72
ORD102983,882750,28009,2026-04-25,2026-04-29,1,186.01,0.0,East,UPI,Completed,Marketplace,168.5
ORD102984,935164,96270,2025-11-25,2025-11-30,1,302.88,0.15,East,Credit Card,Pending,Website,74.91
ORD102985,454529,25780,2026-03-26,2026-03-28,1,447.92,0.15,West,UPI,Completed,Website,53.63
ORD102986,521337,47907,2025-05-16,2025-05-19,3,4036.19,0.0,East,Cash on Delivery,Completed,Marketplace,50.88
ORD102987,989226,80616,2025-10-10,2025-10-12,1,1127.51,0.15,West,Credit Card,Pending,Website,90.48
ORD102988,859034,79501,2025-09-08,2025-09-11,1,3635.51,0.0,North,Cash on Delivery,Completed,Website,76.44
ORD102989,221868,80616,2025-12-21,2025-12-25,1,1326.48,0.0,North,Credit Card,Completed,Marketplace,175.27
ORD102990,133215,83876,2026-05-26,2026-05-27,1,1188.88,0.15,South,UPI,Completed,Marketplace,90.2
ORD102991,849738,83876,2026-05-13,2026-05-15,2,1258.81,0.1,East,Net Banking,Completed,Mobile App,48.24
ORD102992,554250,96270,2026-03-12,2026-03-15,2,320.7,0.1,South,Credit Card,Completed,Mobile App,112.0
ORD102993,357370,53143,2025-12-04,2025-12-08,1,2470.17,0.1,South,UPI,Completed,Website,141.71
ORD102994,748250,25780,2026-05-28,2026-06-02,2,474.27,0.1,Central,Cash on Delivery,Completed,Marketplace,164.35
ORD102995,357370,83401,2025-06-01,2025-06-08,1,,15 %,South,Cash on Delivery,Pending,Website,167.18
ORD102996,794251,25780,2025-08-21,2025-08-23,1,526.97,0.0,North,Cash on Delivery,Pending,Mobile App,38.17
ORD102997,488226,80616,2025-07-05,2025-07-09,1,1326.48,0.0,South,Credit Card,Completed,Mobile App,120.67
ORD102998,509415,20351,2026-04-01,2026-04-04,1,693.18,0.0,North,Debit Card,Completed,Mobile App,176.36
ORD102999,578458,94616,2025-05-31,2025-06-03,2,1312.5,0.0,West,Net Banking,Completed,Website,158.21
ORD103000,758153,88270,2026-01-31,2026-02-02,3,1596.24,0.15,South,Debit Card,Completed,Website,167.45
ORD103001,994768,79501,2025-12-27,2025-12-28,1,3635.51,0.0,East,PayPal,Pending,Website,76.06
ORD103002,545153,59930,2026-05-13,2026-05-16,1,2444.54,0.05,East,Net Banking,Cancelled,Website,117.36
ORD103003,442850,28009,2026-06-04,2026-06-06,4,186.01,0.0,East,Cash on Delivery,Completed,Mobile App,111.82
ORD103004,642011,24857,2025-06-15,2025-06-16,1,441.07,0.0,East,Debit Card,Completed,Mobile App,153.55
ORD103005,225610,53143,2026-04-08,2026-04-12,1,2744.63,0.0,North,UPI,Completed,Mobile App,39.29
ORD103006,164634,59930,2025-12-01,2025-12-06,3,2315.88,0.1,West,UPI,Completed,Mobile App,75.17
ORD103007,442850,80616,2025-05-22,2025-05-26,1,1326.48,0.0,East,Net Banking,Completed,Marketplace,129.96
ORD103008,823362,20351,2026-02-03,2026-02-07,2,658.52,0.05,South,Cash on Delivery,Completed,Mobile App,124.0
ORD103009,451873,40374,2026-03-06,2026-03-10,1,595.65,0.15,North,Cash on Delivery,Completed,Mobile App,66.02
ORD103010,507954,83876,2026-01-11,2026-01-14,1,1398.68,0.0,West,Debit Card,Completed,Mobile App,128.36
ORD103011,141767,25780,2025-04-18,2025-04-22,2,526.97,0.0,North,UPI,Completed,Mobile App,107.42
ORD103012,883666,28009,2026-04-20,2026-04-23,2,167.41,0.1,North,Net Banking,Pending,Mobile App,116.87
ORD103013,836203,25780,2025-02-20,2025-02-24,1,474.27,0.1,North,CC,Completed,Marketplace,158.34
ORD103014,590270,96270,2025-11-19,2025-11-22,1,338.51,0.05,West,Debit Card,Returned,Mobile App,101.71
ORD103015,256842,67846,2025-07-12,2025-07-14,1,3394.98,0.15,Central,Cash on Delivery,Completed,Website,161.31
ORD103016,510981,47907,2025-10-21,2025-10-22,1,3632.57,0.1,South,Debit Card,Completed,Website,119.1
ORD103017,221868,28009,2026-05-04,2026-05-08,1,176.71,0.05,North,UPI,Completed,Website,127.65
ORD103018,379886,21754,27-May-2025,2025-05-30,2,1324.39,0.0,West,Cash on Delivery,Completed,Mobile App,139.76
ORD103019,748766,75277,2026-02-05,2026-02-08,2,,0.0,East,Credit Card,Completed,Mobile App,43.98
ORD103020,510981,20351,2026-03-21,2026-03-26,1,693.18,0.0,South,Cash on Delivery,Completed,Website,49.65
ORD103021,707085,75277,2025-01-09,2025-01-10,3,235.33,0.0,West,UPI,Completed,Mobile App,121.83
ORD103022,508068,67846,2025-01-27,2025-01-30,2,3994.09,0.0,East,PayPal,Completed,Mobile App,89.38
ORD103023,375259,83876,2026-04-03,2026-04-05,1,1398.68,0.0,Central,Cash on Delivery,Completed,Marketplace,63.0
ORD103024,634991,67846,2025-08-13,2025-08-16, 5 ,3994.09,0.0,West,UPI,Completed,Marketplace,96.04
ORD103025,179970,39430,2026-05-01,2026-05-08,1,1747.36,0.0,Central,Cash on Delivery,Completed,Mobile App,175.93
ORD103026,676737,20351,2025-11-23,2025-11-28,1,693.18,0.0,Central,Cash on Delivery,Completed,Marketplace,96.89
ORD103027,351483,25780,2025-08-01,2025-08-04,2,500.62,0.05,South,Debit Card,Completed,Website,116.4
ORD103028,996075,75277,2025-09-10,2025-09-13,2,211.8,0.1,West,Credit Card,Completed,Marketplace,126.74
ORD103029,259621,23723,2025-07-08,2025-07-10,1,444.83,0.1,East,UPI,Completed,Mobile App,168.11
ORD103030,578458,28009,2026-01-01,2026-01-03,4,176.71,0.05,West,Debit Card,Pending,Mobile App,103.23
ORD103031,763304,59930,2025-08-11,2025-08-16,2,2058.56,0.2,West,UPI,Completed,Website,154.6
ORD103032,235450,83401,2026-02-06,2026-02-10,2,488.9,0.15,West,Credit Card,Cancelled,Mobile App,101.89
ORD103033,547445,23723,2025-01-12,2025-01-14,2,494.26,0.0,West,UPI,Completed,Mobile App,51.69
ORD103034,821239,79501,2025-01-26,2025-01-29,2,3453.73,0.05,South,Net Banking,Cancelled,Mobile App,58.28
ORD103035,885424,80616,2025-08-13,2025-08-17,1,1326.48,1.5,Central,UPI,Cancelled,Marketplace,56.47
ORD103036,800485,20351,2025-06-13,2025-06-14,1,693.18,0.0,South,Cash on Delivery,Returned,Marketplace,75.76
ORD103037,669378,39430,2025-08-09,2025-08-11,5,1747.36,0.0,Central,UPI,Completed,Mobile App,166.52
ORD103038,415781,88270,2025-07-23,2025-07-25,3,1877.93,0.0,Central,UPI,Completed,Mobile App,119.88
ORD103039,935164,96857,2025-08-02,2025-08-03,1,1057.45,0.0,East,Cash on Delivery,Completed,Mobile App,114.14
ORD103040,417546,80616,2025-06-14,2025-06-18,1,1326.48,0.0,North,Net Banking,Completed,Mobile App,60.5
ORD103041,724264,28009,2025-05-29,2025-06-01,2,176.71,0.05,North,Cash on Delivery,Completed,Mobile App,159.22
ORD103042,882750,53143,2025-05-08,2025-05-13,1,2607.4,0.05,East,UPI,Cancelled,Website,153.47
ORD103043,509415,39430,2025-12-02,2025-12-07,1,1659.99,0.05,North,Cash on Delivery,Completed,Website,107.96
ORD103044,578458,80616,2025-12-30,,2,1193.83,0.1,West,UPI,Completed,Marketplace,112.47
ORD103045,951867,23723,2025-07-01,2025-07-04,1,494.26,0.0,South,Debit Card,Completed,Mobile App,96.29
ORD103046,246788,28009,2026-06-16,2026-06-23,1,176.71,0.05,West,UPI,Completed,Marketplace,45.51
ORD103047,534430,25780,2025-08-21,2025-08-26,2,526.97,0.0,West,UPI,Completed,Website,36.22
ORD103048,300385,20351,2025-05-16,2025-05-20,1,623.86,0.1,West,UPI,Completed,Website,109.05
ORD103049,578458,67846,2025-11-27,2025-11-29,1,3594.68,0.1,West,Cash on Delivery,Returned,Marketplace,54.22
ORD103050,499200,88270,2025-04-08,2025-04-11,2,1596.24,0.15,North,Net Banking,Completed,Marketplace,51.16
ORD103051,509415,75277,2026-06-25,2026-06-27,2,200.03,0.15,North,UPI,Completed,Marketplace,67.82
ORD103052,604773,83401,2026-04-02,,1,546.42,0.05,Central,Credit Card,Completed,Website,119.55
ORD103053,782094,79501,2026-05-11,2026-05-15,1,3635.51,0.0,West,Net Banking,Completed,Marketplace,48.63
ORD103054,901441,21754,2025-06-02,2025-06-04,1,1258.17,0.05,South,PayPal,Completed,Marketplace,162.52
ORD103055,507954,47907,2025-11-14,2025-11-18,1,4036.19,0.0,West,Credit Card,Returned,Mobile App,48.93
ORD103056,648631,23723,2025-06-23,2025-06-27,2,444.83,0.1,North,Debit Card,Completed,Website,126.02
ORD103057,247829,25046,2026-06-06,2026-06-09,2,230.45,0.15,West,Credit Card,Completed,Mobile App,170.07
ORD103058,507954,99553,2026-04-23,2026-04-25,1,513.97,0.05,West,UPI,Completed,Website,94.98
ORD103059,333092,96857,2025-04-09,2025-04-10,1,1057.45,0.0,Central,Debit Card,Completed,Mobile App,97.42
ORD103060,520596,25780,2025-09-24,2025-09-26,999,526.97,0.0,West,UPI,Completed,Marketplace,172.45
ORD103061,920802,23723,2025-10-20,23/10/2025,1,469.55,0.05,Central,UPI,Completed,Mobile App,155.71
ORD103062,149836,59930,2025-12-18,2025-12-21,4,2315.88,0.1,South,Cash on Delivery,Completed,Mobile App,159.37
ORD103063,327908,80616,2025-02-06,2025-02-10,1,1326.48,0.0,Central,Credit Card,Completed,Website,59.75
ORD103064,126317,99553,2025-03-26,2025-03-29,1,486.92,0.1,South,UPI,Completed,Website,64.27
ORD103065,383221,25046,2026-04-19,2026-04-22,1,271.12,0.0,West,PayPal,Completed,Mobile App,38.85
ORD103066,242287,83401,2026-01-24,2026-01-25,1,575.18,0.0,East,Debit Card,Pending,Website,175.57
ORD103067,756713,27124,2025-10-10,2025-10-14,1,723.73,0.0,West,Cash on Delivery,Completed,Website,179.78
ORD103068,148259,28009,2026-05-22,2026-05-26,3,176.71,0.05,Central,UPI,Completed,Mobile App,132.7
ORD103069,996075,20351,2026-03-11,2026-03-15,3,658.52,0.05,West,Cash on Delivery,Completed,Mobile App,151.7
ORD103070,928190,59930,2025-11-30,2025-12-03,2,2573.2,0.0,North,UPI,Returned,Marketplace,107.36
ORD103071,836208,96270,2025-06-02,2025-06-07,1,302.88,0.15,south,UPI,Completed,Mobile App,134.81
ORD103072,590270,24857,2025-02-01,2025-02-03,1,374.91,0.15,West,Cash on Delivery,Pending,Website,39.39
ORD103073,889450,20351,2025-04-02,2025-04-04,3,658.52,0.05,South,UPI,Returned,Website,127.63
ORD103074,126317,20351,2025-06-10,,1,589.2,0.15,South,UPI,Completed,Mobile App,95.14
ORD103075,883666,80616,2025-07-24,2025-07-28,3,1127.51,0.15,North,Cash on Delivery,Completed,Mobile App,167.22
ORD103076,578458,79501,2025-01-14,2025-01-17,3,"4,875.13",0.1,West,UPI,Completed,Mobile App,80.87
ORD103077,510981,20351,2025-05-04,2025-05-09,2,658.52,0.05,South,Cash on Delivery,Completed,Mobile App,157.97
ORD103078,192777,23723,2025-03-07,2025-03-10,1,444.83,0.1,East,Net Banking,Completed,Mobile App,46.32
ORD103079,257381,59930,2025-08-11,2025-08-14,2,2573.2,0.0,North,UPI,Completed,Mobile App,102.17
ORD103080,287271,53143,2025-12-21,2025-12-24,1,2744.63,0.0,East,UPI,Pending,Website,79.19
ORD103081,828898,99553,2025-09-26,2025-09-29,1,541.02,0.0,Central,Net Banking,Completed,Website,86.77
ORD103082,938019,96270,2025-08-07,2025-08-09,1,356.33,0.0,South,Cash on Delivery,Completed,Mobile App,155.08
ORD103083,277121,96857,2026-04-15,2026-04-20,1,1004.58,0.05,South,UPI,Completed,Mobile App,42.08
ORD103084,384470,25046,2025-11-16,2025-11-17,2,271.12,0.0,West ,Cash on Delivery,Completed,Mobile App,57.23
ORD103085,908789,83876,2025-07-14,2025-07-15,5,1398.68,0.0,West,PayPal,Completed,Marketplace,58.65
ORD103086,510981,20351,2026-06-15,2026-06-17,3,693.18,0.0,South,UPI,Pending,Mobile App,84.1
ORD103087,903968,25046,2025-09-19,2025-09-24,1,271.12,0.0,East,PayPal,Pending,Mobile App,160.76
ORD103088,417546,25780,2025-06-03,2025-06-06,1,526.97,0.0,North,Net Banking,Completed,Marketplace,127.03
ORD103089,188500,83876,2026-02-07,2026-02-10,1,1328.75,0.05,East,Credit Card,Completed,Mobile App,108.68
ORD103090,707085,67846,2026-03-22,2026-03-27,1,3994.09,0.0,West,Cash on Delivery,Completed,Mobile App,44.37
ORD103091,715785,96270,2025-10-05,2025-10-08,2,338.51,0.05,South,UPI,Returned,Mobile App,145.56
ORD103092,152294,40374,2025-09-12,2025-09-15,4,595.65,0.15,West,UPI,Completed,Website,177.08
ORD103093,715785,53143,2025-10-24,2025-10-27,1,2607.4,0.05,South,UPI,Completed,Website,44.35
ORD103094,451873,40374,2026-05-08,2026-05-11,2,700.76,0.0,North,UPI,Cancelled,Marketplace,36.96
ORD103095,440772,67846,2025-09-25,2025-09-29,2,3594.68,0.1,North,Credit Card,Completed,Website,91.86
ORD103096,204112,88270,2025-07-28,2025-07-30,1,1690.14,0.1,West,UPI,Completed,Website,71.61
ORD103097,884995,83876,2025-10-19,2025-10-24,1,1258.81,0.1,East,Credit Card,Completed,Marketplace,108.96
ORD103098,898070,67846,2025-09-10,2025-09-12,2,3594.68,0.1,North,UPI,Completed,Website,167.16
ORD103099,969755,83876,2025-08-24,2025-08-27,3,1328.75,0.05,West,Debit Card,Completed,Marketplace,105.52
ORD103100,918029,80616,2025-11-20,2025-11-21,5,1326.48,0.0,South,UPI,Completed,Mobile App,93.04
ORD103101,418418,59930,2025-12-25,2025-12-27,2,2573.2,0.0,South ,Credit Card,Completed,Mobile App,46.02
ORD103102,634991,67846,2025-11-12,2025-11-14,1,,0.05,West,Cash on Delivery,Completed,Website,125.17
ORD103103,638474,88270,2025-04-22,2025-04-27,1,1784.03,0.05,West,UPI,Completed,Mobile App,156.17
ORD103104,573059,75277,2025-11-18,2025-11-21,1,235.33,0.0,West,PayPal,Cancelled,Website,54.45
ORD103105,568955,20351,2025-04-18,2025-04-19,2,693.18,0.0,South,UPI,Completed,Mobile App,89.65
ORD103106,263148,67846,2025-02-08,2025-02-09,1,3794.39,0.05,North,PayPal,Returned,Marketplace,140.53
ORD103107,179644,47907,2025-07-15,2025-07-16,4,4036.19,0.0,WEST,Credit Card,Completed,Marketplace,123.93
ORD103108,287271,53143,2026-04-07,2026-04-10,1,2744.63,0.0,WEST,PayPal,Completed,Website,74.21
ORD103109,894878,59930,2025-11-27,2025-12-01,1,2573.2,0.0,North,Credit Card,Returned,Website,82.32
ORD103110,559636,23723,2026-01-09,2026-01-12,2,444.83,0.1,South,UPI,Completed,Marketplace,122.2
ORD103111,748766,27124,2025-03-31,2025-04-07,1,723.73,0.0,East,UPI,Completed,Website,140.15
ORD103112,765325,88270,2025-08-05,2025-08-08,1,1784.03,0.05,West,Debit Card,Completed,Mobile App,172.52
ORD103113,156175,53143,2025-09-21,2025-09-24,1,2470.17,0.1,South,UPI,Completed,Mobile App,73.38
ORD103114,592020,96857,2025-11-23,2025-11-28,1,1057.45,0.0,East,Net Banking,Completed,Website,87.3
ORD103115,509415,23723,2025-05-01,2025/05/03,2,469.55,0.05,North,Credit Card,Completed,Mobile App,167.13
ORD103116,509415,83401,2025-08-02,,3,460.14,0.2,North,Debit Card,Completed,Website,126.99
ORD103117,832149,20351,2026-04-07,2026-04-10,1,623.86,0.1,South,Cash on Delivery,Completed,Mobile App,69.26
ORD103118,507954,20351,2025-03-31,2025-04-03,1,693.18,0.0,West,Debit Card,Completed,Mobile App,161.84
ORD103119,164634,53143,2025-08-19,2025-08-20,1,"2,387.04",0.1,West,Debit Card,Completed,Mobile App,120.56
ORD103120,509415,59930,2025-04-07,2025-04-12,1,2573.2,0.0,North,Net Banking,Pending,Mobile App,89.22
ORD103121,719643,43806,2026-05-19,2026-05-23,1,666.92,0.1,West,UPI,Completed,Website,173.47
ORD103122,311118,23723,2026-06-17,2026-06-21,1,494.26,0.0,West,Credit Card,Completed,Website,76.88
ORD103123,840889,79501,2026-01-27,2026-01-31,1,3635.51,0.0,North,Net Banking,Completed,Mobile App,49.8
ORD103124,590270,28009,2025-01-03,06-Jan-2025,1,186.01,0.0,West,UPI,Completed,Mobile App,58.75
ORD103125,255887,80616,2025-01-24,2025-01-25,2,1326.48,0.0,North,Debit Card,Completed,Marketplace,82.6
ORD103126,901934,99553,2025-06-04,2025-06-06,2,541.02,0.0,East,UPI,Completed,Mobile App,149.74
ORD103127,611008,59930,2025-01-17,2025-01-20,1,2573.2,0.0,West,UPI,Pending,Website,152.14
ORD103128,155485,50462,2026-03-20,2026-03-21,4,161.17,0.0,West,UPI,Completed,Marketplace,42.29
ORD103129,634828,59930,2026-02-12,2026-02-15,1,2573.2,0.0,North,Credit Card,Completed,Mobile App,108.86
ORD103130,814369,83401,2025-03-22,2025-03-25,1,517.66,0.1,North,Credit Card,Completed,Mobile App,126.96
ORD103131,177793,23723,2026-06-05,2026-06-07,5,444.83,0.1,West,UPI,Pending,Website,47.15
ORD103132,740287,53143,2025-11-19,2025-11-23,1,2470.17,0.1,West,Debit Card,Completed,Website,119.89
ORD103133,243466,99553,2025-07-14,2025-07-16,3,541.02,0.0,West,UPI,Completed,Mobile App,167.16
ORD103134,648631,25780,2025-09-06,2025-09-09,2,526.97,0.0,North,Credit Card,Completed,Website,48.9
ORD103135,552094,20351,2025-07-05,2025-07-06,2,623.86,0.1,North,Credit Card,Completed,Mobile App,46.34
ORD103136,311118,67846,2025-04-05,2025-04-08,3,3994.09,0.0,West,COD,Completed,Website,170.48
ORD103137,453136,23723,2025-10-07,2025-10-11,2,494.26,0.0,East,Net Banking,Pending,Mobile App,174.92
ORD103138,608777,99553,2026-06-20,2026-06-22,2,541.02,0.0,West,Debit Card,Cancelled,Mobile App,140.17
ORD103139,499200,59930,2025-11-17,2025-11-19,1,2315.88,0.1,North,Net Banking,Completed,Website,178.16
ORD103140,600728,40374,2026-02-06,2026-02-10,1,700.76,0.0,North,Credit Card,Completed,Website,125.8
ORD103141,794251,94616,2025-10-31,2025-11-04,2,1312.5,0.0,North,Debit Card,Pending,Marketplace,149.37
ORD103142,455422,88270,2026-03-18,2026-03-25,2,1784.03,0.05,South,UPI,Completed,Mobile App,85.41
ORD103143,601846,28009,2025-07-10,2025-07-13,1,186.01,0.0,North,UPI,Completed,Marketplace,63.49
ORD103144,904239,43806,2025-12-11,2025-12-16,1,741.02,0.0,East,Debit Card,Completed,Mobile App,44.67
ORD103145,596578,79501,2025-12-26,2026-01-02,4,3090.18,0.15,Central,Credit Card,Completed,Mobile App,141.95
ORD103146,807170,53143,2025-07-01,2025-07-03,2,2744.63,0.0,East,UPI,Returned,Mobile App,51.24
ORD103147,502144,80616,2026-06-17,2026-06-24,1,1193.83,0.1,south,Debit Card,Completed,Mobile App,174.0
ORD103148,710265,27124,2025-12-20,2025-12-22,1,615.17,0.15,North,UPI,Pending,Website,157.3
ORD103149,648309,88270,2026-04-18,2026-04-21,3,1877.93,0.0,West,Net Banking,Returned,Mobile App,158.08
ORD103150,367193,88270,2026-05-25,2026-05-29,1,1784.03,0.05,South,PayPal,Completed,Website,54.81
ORD103151,608777,53143,11-10-2025,2025-11-12,1,2744.63,0.0,West,Cash on Delivery,Completed,Mobile App,155.29
ORD103152,353016,23723,09/11/2025,2025-11-11,1,420.12,0.15,North,Credit Card,Completed,Mobile App,168.85
ORD103153,223768,83876,2026-03-06,2026-03-07,1,1398.68,0.0,Central,Cash on Delivery,Cancelled,Website,48.96
ORD103154,715785,47907,2025-07-18,2025-07-20,2,4036.19,0.0,South,Credit Card,Completed,Marketplace,110.12
ORD103155,908789,96857,2026-05-15,2026-05-17,1,1057.45,0.0,West,UPI,Returned,Mobile App,52.79
ORD103156,717322,47907,2025-01-23,2025-01-25,1,4036.19,0.0,North,UPI,Completed,Marketplace,63.25
ORD103157,179970,53143,2025-03-08,2025-03-10,1,2744.63,0.0,Central,Debit Card,Pending,Website,86.34
ORD103158,723462,94616,2026-03-28,2026-04-01,1,1115.62,0.15,North,Credit Card,Completed,Mobile App,45.68
ORD103159,767922,20351,2025-04-10,2025-04-13,3,693.18,0.0,West,Credit Card,Returned,Mobile App,105.46
ORD103160,982841,40374,2025-10-16,2025-10-20,1,665.72,0.05,Central,UPI,Returned,Website,105.21
ORD103161,740287,25780,2025-07-01,2025-07-03,1,474.27,0.1,West,PayPal,Pending,Mobile App,101.17
ORD103162,509415,83876,2025-08-19,2025-08-21,5,1398.68,0.0,North,UPI,Completed,Website,41.99
ORD103163,935164,67846,2025-07-10,2025-07-15,3,3594.68,0.1,East,UPI,Completed,Mobile App,172.76
ORD103164,294304,23723,2026-04-28,2026-05-02,2,494.26,0.0,North,PayPal,Completed,Website,54.8
ORD103165,509415,99553,2026-06-21,2026-06-24,2,541.02,0.0,North,UPI ,Completed,Mobile App,159.71
ORD103166,520596,67846,2025-08-29,09-02-2025,1,3594.68,0.1,West,Credit Card,Pending,Website,124.08
ORD103167,277952,80616,2026-05-29,2026-06-01,3,1260.16,0.05,South,PayPal,Completed,Marketplace,72.82
ORD103168,506712,47907,2026-03-02,2026-03-05,2,3632.57,0.1,North,Credit Card,Completed,Website,119.63
ORD103169,243466,88270,2025-07-05,2025-07-08,2,1877.93,0.0,West,UPI,Cancelled,Website,110.11
ORD103170,821239,80616,2025-01-30,2025-01-31,1,1193.83,0.1,South,UPI,Completed,Mobile App,78.37
ORD103171,235450,27124,2026-06-17,2026-06-19,1,615.17,0.15,West,Cash on Delivery,Completed,Mobile App,171.24
ORD103172,225610,67846,2025-04-14,2025-04-11,1,3794.39,0.05,North,UPI,Completed,Website,87.63
ORD103173,509415,53143,2025-09-30,2025-10-07,1,2744.63,0.0,North,Credit Card,Completed,Mobile App,62.25
ORD103174,257381,83401,2025-10-13,2025-10-17,1,517.66,0.1,North,Cash on Delivery,Returned,Marketplace,137.96
ORD103175,410043,79501,2025-10-01,2025-10-03,1,3271.96,0.1,North,UPI,Completed,Mobile App,141.13
ORD103176,265020,21754,2025-09-09,11-Sep-2025,1,1324.39,0.0,South,Credit Card,Completed,Mobile App,179.53
ORD103177,195215,59930,2026-06-10,2026-06-11,2,2444.54,0.05,West,UPI,Completed,Mobile App,112.55
ORD103178,559636,59930,2026-04-28,30/04/2026,1,2444.54,0.05,South,PayPal,Pending,Mobile App,152.62
ORD103179,418418,83401,2025-08-21,2025-08-22,1,546.42,0.05,North,UPI,Completed,Marketplace,59.85
ORD103180,608777,59930,2025-09-27,09-28-2025,1,2573.2,0.0,West,Cash on Delivery,Completed,Mobile App,88.19
ORD103181,887590,27124,2026-02-23,2026-02-26,2,651.36,0.1,North,Cash on Delivery,Completed,Website,48.96
ORD103182,277952,96857,2026-05-06,2026-05-08,1,1057.45,0.0,South,UPI,Completed,Marketplace,153.56
ORD103183,550242,67846,2025-11-29,2025-12-06,1,3594.68,0.1,South,UPI,Completed,Website,39.88
ORD103184,262607,20351,2025-10-21,2025-10-24,2,589.2,0.15,South,UPI,Returned,Website,58.05
ORD103185,667162,39430,2026-03-04,2026-03-05,3,1747.36,0.0,North,UPI,Completed,Mobile App,62.83
ORD103186,752183,47907,06/01/2025,2025-01-10,2,4036.19,0.0,Central,UPI,Completed,Website,154.79
ORD103187,179644,27124,2025-10-31,2025-11-04,1,578.98,0.2,West,UPI,Completed,Website,147.25
ORD103188,302380,83401,2026-02-10,2026-02-15,2,546.42,0.05,West,Credit Card,Completed,Mobile App,92.48
ORD103189,782094,88270,2025-02-26,2025-02-28,3,1877.93,0.0,West,Cash on Delivery,Completed,Mobile App,129.53
ORD103190,200363,20351,2025-05-28,2025-05-31,1,693.18,0.0,East,Net Banking,Pending,Website,86.48
ORD103191,951867,83876,2025-07-02,2025-07-05,1,1328.75,0.05,South,UPI,Completed,Website,64.62
ORD103192,265020,67846,2026-02-10,,1,3994.09,0.0,South,Debit Card,Completed,Mobile App,159.67
ORD103193,506712,43806,2025-03-30,2025-04-02,2,741.02,-0.1,North,Credit Card,Completed,Website,38.74
ORD103194,926948,50462,2026-04-03,2026-04-08,1,161.17,0.0,Central,Net Banking,Completed,Website,178.65
ORD103195,509415,25780,2025-05-14,2025-05-17,3,526.97,0.0,North,UPI,Cancelled,Website,99.34
ORD103196,792467,79501,2026-05-15,2026-05-18,1,3090.18,0.15,South,Credit Card,Completed,Mobile App,167.86
ORD103197,828898,20351,2025-03-23,2025-03-28,3,589.2,0.15,Central,Credit Card,Completed,Website,109.32
ORD103198,407648,96220,2025-11-06,2025-11-08,3,2444.54,0.05,North,Net Banking,Completed,Website,155.66
ORD103199,705520,53143,2025-01-04,2025-01-06,1,2607.4,0.05,North,Debit Card,Completed,Marketplace,113.36
ORD103200,996075,94616,2025-05-11,2025-05-14,1,1312.5,0.0,West,UPI,Completed,Marketplace,132.19
ORD103201,642011,39430,2026-02-13,2026-02-16,1,1747.36,0.0,East,Net Banking,Returned,Website,158.4
ORD103202,454529,99553,2025-05-10,2025-05-11,3,541.02,0.0,West,UPI,Completed,Mobile App,62.68
ORD103203,715785,21754,2026-03-11,2026-03-15,2,1324.39,0.0,South,Net Banking,Completed,Marketplace,167.23
ORD103204,837919,67846,2025-07-25,2025-07-29,2,3994.09,0.0,South,UPI,Completed,Website,153.76
ORD103205,889450,27124,2026-03-09,2026-03-11,1,723.73,0.0,South,UPI,Completed,Mobile App,53.64
ORD103206,935164,20351,2025-11-24,2025-11-25,3,658.52,0.05,East,Debit Card,Completed,Website,88.93
ORD103207,148102,27124,2026-05-10,2026-05-13,2,723.73,0.0,West,UPI,Returned,Website,99.73
ORD103208,681114,23723,2025-09-02,2025-09-09,1,494.26,0.0,North,Credit Card,Completed,Website,145.8
ORD103209,541876,94616,2026-03-07,2026-03-12,4,1115.62,0.15,South,UPI,Completed,Website,132.56
ORD103210,717322,83876,2025-11-30,2025-12-01,1,1258.81,0.1,North,UPI,Completed,Mobile App,58.02
ORD103211,149836,43806,2026-02-23,2026-02-25,1,703.97,0.05,South,Net Banking,Completed,Mobile App,40.04
ORD103212,849738,80616,2025-02-03,2025-02-10,3,1326.48,0.0,East,PayPal,Cancelled,Marketplace,76.74
ORD103213,225610,25780,2025-08-10,2025-08-15,1,526.97,0.0,North,UPI,Completed,Marketplace,53.64
ORD103214,550242,88270,2025-05-28,2025-05-29,1,1877.93,0.0,South,Credit Card,Returned,Website,147.7
ORD103215,804884,80616,2026-06-08,2026-06-10,1,1326.48,0.0,South,PayPal,Completed,Website,103.38
ORD103216,152294,23723,2025-11-20,2025-11-23,1,494.26,0.0,West,Net Banking,Completed,Website,142.04
ORD103217,291348,20351,2025-08-02,2025-08-03,3,693.18,0.0,North,Credit Card,Completed,Mobile App,62.68
ORD103218,131550,23723,2026-05-05,06-May-2026,2,494.26,0.0,West,Cash on Delivery,Completed,Website,38.5
ORD103219,370445,80616,2025-06-04,2025-06-07,1,1326.48,0.0,South,Net Banking,Completed,Mobile App,80.78
ORD103220,221705,99553,2025-08-28,2025-09-02,2,541.02,0.0,West,Net Banking,Completed,Website,88.97
ORD103221,800130,79501,2025-06-06,2025-06-07,1,3635.51,0.0,North,Credit Card,Completed,Website,143.54
ORD103222,634828,96270,2026-01-31,2026-02-04,1,338.51,0.05,North,UPI,Pending,Website,96.19
ORD103223,709183,94616,2025-04-04,2025-04-08,1,1246.88,10%,West,Net Banking,Completed,Marketplace,111.62
ORD103224,634991,23723,2026-03-18,2026-03-22,1,469.55,0.05,West,Credit Card,Pending,Website,66.56
ORD103225,547445,53143,2026-06-16,2026-06-19,1,2744.63,0.0,West,PayPal,Completed,Website,64.77
ORD103226,163437,99553,2025-01-25,2025-01-29, 3 ,541.02,0.0,South,Cash on Delivery,Returned,Website,78.15
ORD103227,235450,79501,2025-08-03,2025-08-05,1,3090.18,0.15,West,UPI,Completed,Marketplace,147.1
ORD103228,677266,50462,2025-10-18,2025-10-22,2,161.17,0.0,Central,Debit Card,Completed,Website,68.97
ORD103229,327908,83401,2025-10-08,2025-10-13,1,575.18,0.0,Central,upi,Returned,Website,57.44
ORD103230,908789,25780,2026-06-18,2026-06-23,3,526.97,0.0,West,Credit Card,Completed,Marketplace,39.57
ORD103231,499200,67846,17/09/2025,2025-09-20,2,3594.68,0.1,North,Debit Card,Completed,Mobile App,150.49
ORD103232,740696,20351,2025-02-24,2025-02-28,1,589.2,0.15,North,UPI,Completed,Mobile App,81.11
ORD103233,666277,83401,2025-07-19,2025-07-20,2,575.18,0.0,West,Cash on Delivery,Completed,Mobile App,111.31
ORD103234,550242,80616,2026/01/29,2026-02-03,3,1326.48,0.0,South,Credit Card,Completed,Website,106.21
ORD103235,559636,88270,2025-09-04,2025-09-09,1,1877.93,0.0,South,Net Banking,Returned,Mobile App,102.13
ORD103236,634991,96270,2025-09-05,2025-09-06,0,356.33,0.0,West,Credit Card,Completed,Website,95.38
ORD103237,748941,40374,2025-11-20,2025-11-24,1,630.68,0.1,South,Debit Card,Pending,Mobile App,78.29
ORD103238,264431,20351,2026-01-26,2026-01-30,1,693.18,0.0,North,Credit Card,Completed,Mobile App,49.45
ORD103239,634991,21754,2025-12-20,2025-12-27,2,1191.95,0.1,West,Cash on Delivery,Completed,Marketplace,72.62
ORD103240,951678,67846,2025-11-22,2025-11-25,1,3394.98,0.15,South,Cash on Delivery,Completed,Website,103.26
ORD103241,453136,24857,2025-05-10,2025-05-15,2,419.02,0.05,East,PayPal,Completed,Website,128.48
ORD103242,311483,80616,2026-01-15,2026-01-20,2,1193.83,0.1,Central,Net Banking,Completed,Mobile App,126.04
ORD103243,126317,67846,2026-05-29,2026-05-31,1,3994.09,0.0,South,UPI,Completed,Mobile App,43.65
ORD103244,794251,28009,2025-07-11,2025-07-13,1,186.01,0.0,North,Debit Card,Completed,Mobile App,42.2
ORD103245,407648,20351,2025-02-04,2025-02-07,1,693.18,0.0,North,Credit Card,Completed,Website,130.58
ORD103246,794251,24857,2025-11-12,2025-11-14,5,441.07,0.0,North,UPI,Completed,Website,110.99
ORD103247,652250,67846,2025-03-11,2025-03-15,2,3994.09,0.0,North,UPI,Completed,Mobile App,86.35
ORD103248,520596,20351,2025-04-11,2025-04-15, 1 ,693.18,0.0,West,Debit Card,Completed,Mobile App,75.28
ORD103249,357370,67846,2025-03-17,2025-03-21,2,3394.98,0.15,South,Debit Card,Completed,Marketplace,91.09
ORD103250,605121,25780,2026-01-06,2026-01-05,1,526.97,0.0,North,Debit Card,Completed,Website,129.28
ORD103251,459974,88270,2025-05-10,2025-05-11,2,1877.93,0.0,North,Cash on Delivery,Returned,Marketplace,161.24
ORD103252,894878,59930,2025-07-04,2025-07-06,2,2573.2,0.0,North,UPI,Returned,Mobile App,62.79
ORD103253,508068,83876,2025-08-15,2025-08-18,1,1398.68,0.0,East,UPI,Completed,Website,109.26
ORD103254,417546,79501,2025-03-26,2025-03-29,1,3635.51,0.0,North,Net Banking,Completed,Website,162.02
ORD103255,740696,96270,2026-01-24,2026-01-27,1,320.7,0.1,North,UPI,Completed,Website,171.71
ORD103256,509415,23723,2026-03-02,2026-03-05,1,395.41,0.2,North,Debit Card,Completed,Mobile App,60.28
ORD103257,715785,25780,2025-09-22,2025-09-27,1,526.97,0.0,South,UPI,Completed,Marketplace,171.95
ORD103258,908789,99553,2025-12-15,2025-12-20,1,459.87,0.15,West,Cash on Delivery,Completed,Website,121.14
ORD103259,578302,59930,2026-06-16,2026-06-17,3,2573.2,0.0,Central,UPI,Completed,Marketplace,54.37
ORD103260,670233,59930,2025-12-14,2025-12-17,1,2187.22,0.15,South,Net Banking,Completed,Marketplace,112.8
ORD103261,724264,83401,2026-03-06,2026-03-08,5,546.42,0.05,North,Credit Card,Completed,Website,130.39
ORD103262,971601,96857,2025-01-05,2025-01-06,1,1057.45,0.0,West,UPI,Completed,Mobile App,142.62
ORD103263,897209,80616,2025-12-03,2025-12-05,2,1193.83,0.1,West,Credit Card,Pending,Mobile App,95.1
ORD103264,479414,25046,2025-12-07,2025-12-09,2,216.9,0.2,North,Credit Card,Completed,Mobile App,90.31
ORD103265,840889,75277,2025-10-03,2025-10-06,3,188.26,0.2,North,UPI,Returned,Website,177.91
ORD103266,509415,28009,2025-06-24,2025-06-28,1,186.01,0.0,North,Credit Card,Returned,Website,41.51
ORD103267,677266,80616,2025-10-11,2025-10-12,1,1326.48,0.0,Central,UPI,Completed,Mobile App,49.01
ORD103268,608777,25780,2025-06-02,2025-06-06,2,526.97,0.0,North,Cash on Delivery,Completed,Website,139.36
ORD103269,407648,94616,2025-12-06,2025-12-07,3,1115.62,0.15,North,PayPal,Completed,Website,143.46
ORD103270,608777,21754,2025-08-14,2025-08-21,3,1324.39,0.0,West,Cash on Delivery,Completed,Mobile App,172.76
ORD103271,919927,53143,2026-05-08,2026-05-10,1,2744.63,0.0,North,UPI,Completed,Website,124.61
ORD103272,382701,20351,2026-05-28,2026-06-02,1,693.18,0.0,West,UPI,Completed,Website,136.44
ORD103273,883666,23723,2026-05-16,2026-05-17,2,494.26,0.0,North,Net Banking,Completed,Website,77.77
ORD103274,715785,59930,2025-03-28,2025-04-04,2,2187.22,0.15,South,Credit Card,Completed,Website,165.4
ORD103275,568342,50462,2025-09-13,2025-09-16,1,161.17,0.0,North,UPI,Completed,Mobile App,141.37
ORD103276,455093,39430,2026-05-06,2026-05-08,1,1747.36,0.0,South,Cash on Delivery,Completed,Website,169.55
ORD103277,605121,40374,2025-04-06,2025-04-11,1,700.76,0.0,North,UPI,Completed,Website,171.67
ORD103278,142839,59930,2025-02-14,2025-02-18,1,2573.2,0.0,South,Net Banking,Cancelled,Mobile App,114.98
ORD103279,164634,99553,2026-05-13,2026-05-15,1,541.02,0.0,West,UPI,Completed,Website,120.87
ORD103280,951867,94616,2025-11-10,2025-11-14,2,1181.25,0.1,South,Credit Card,Completed,Marketplace,67.0
ORD103281,666877,43806,2025-09-04,2025-09-06,1,741.02,0.0,East,UPI,Pending,Website,126.58
ORD103282,225610,83876,2025-03-15,2025-03-17,1,1328.75,0.05,North,Credit Card,Completed,Mobile App,129.51
ORD103283,164634,75277,2026-03-08,2026-03-10,1,235.33,0.0,West,PayPal,Completed,Marketplace,79.8
ORD103284,287271,20351,2025-03-01,2025-03-06,2,658.52,0.05,East,UPI,Returned,Mobile App,54.94
ORD103285,863492,67846,2025-10-29,2025-11-02,2,3594.68,0.1,Central,Net Banking,Cancelled,Website,158.02
ORD103286,887668,80616,2025-06-12,2025-06-16,2,1326.48,0.0,North,UPI,Completed,Website,104.71
ORD103287,391959,43806,2025-12-14,2025-12-19,1,741.02,0.0,North,PayPal,Completed,Mobile App,106.77
ORD103288,510981,24857,2025-08-06,2025-08-07,4,396.96,0.1,South,Credit Card,Completed,Website,167.85
ORD103289,782094,20351,2025-08-27,2025-09-01,1,693.18,0.0,West,UPI,Completed,Marketplace,53.39
ORD103290,719643,75277,2026-04-15,2026-04-19,3,235.33,0.0,West,Cash on Delivery,Returned,Website,134.54
ORD103291,372970,83876,2025-02-02,2025-02-05,2,1398.68,0.0,Central,Cash on Delivery,Completed,Marketplace,97.95
ORD103292,221868,80616,2025-06-20,2025-06-23,1,1193.83,0.1,North,Credit Card,Completed,Mobile App,159.39
ORD103293,287271,83401,2025-10-03,2025-10-08,1,488.9,0.15,East,UPI,Completed,Website,67.28
ORD103294,593565,75277,2026-06-12,2026-06-17,1,200.03,0.15,North,Debit Card,Completed,Website,100.65
ORD103295,894652,40374,2025-08-24,2025-08-25,2,700.76,0.0,Central,UPI,Completed,Mobile App,113.25
ORD103296,509415,28009,2025-08-19,2025-08-20,3,186.01,0.0,North,Credit Card,Completed,Mobile App,156.55
ORD103297,235450,83401,16/06/2026,2026-06-19,1,546.42,0.05,West,Cash on Delivery,Cancelled,Marketplace,119.07
ORD103298,305633,80616,2026-06-12,2026-06-15,1,1193.83,0.1,East,UPI,Completed,Marketplace,90.26
ORD103299,221868,83876,2026-05-19,2026-05-23,3,1398.68,0.0,North,Net Banking,Completed,Mobile App,40.63
ORD103300,141767,94616,2026-02-05,2026-02-09,1,1312.5,0.0,North,UPI,Completed,Marketplace,62.16
ORD103301,730472,83401,2026-05-22,2026-05-24,2,517.66,0.1,West,UPI,Completed,Website,113.72
ORD103302,520596,67846,2026-02-14,2026/02/19,4,3994.09,0.0,West,PayPal,Cancelled,Marketplace,66.56
ORD103303,807924,40374,2025-07-26,2025-07-29,1,700.76,0.0,East,Credit Card,Completed,Mobile App,118.98
ORD103304,225610,47907,2026-06-02,,3,4036.19,0.0,North,UPI,Returned,Mobile App,81.01
ORD103305,156175,80616,2025-12-15,2025-12-17,3,1260.16,0.05,South,Credit Card,Completed,Mobile App,129.67
ORD103306,381598,53143,2026-01-31,2026-02-04,1,2744.63,0.0,South,Net Banking,Completed,Website,75.31
ORD103307,451923,43806,2026-03-22,,1,741.02,0.0,West,UPI,Completed,Mobile App,81.53
ORD103308,188500,80616,2025-12-27,2026-01-03,2,1193.83,0.1,East,Debit Card,Completed,Mobile App,44.17
ORD103309,935164,83876,2025-12-17,2025-12-20,1,1258.81,0.1,East,Credit Card,Completed,Marketplace,49.37
ORD103310,122935,53143,2025-09-26,2025-09-29,3,2470.17,0.1,West,Credit Card,Returned,Website,140.9
ORD103311,634991,83401,2025-04-22,,1,488.9,0.15,West,Debit Card,Pending,Marketplace,126.11
ORD103312,300385,80616,2025-07-22,2025-07-26,2,1326.48,0.0,West,UPI,Completed,Mobile App,103.79
ORD103313,453136,99553,2025-03-29,2025-04-01,4,541.02,0.0,East,PayPal,Completed,Mobile App,153.48
ORD103314,608777,39430,2025-03-17,24/03/2025,2,1747.36,0.0,East,UPI,Completed,Website,101.84
ORD103315,375259,99553,2025-04-05,2025-04-07,2,513.97,0.05,Central,UPI,Completed,Website,151.28
ORD103316,550242,75277,2025-10-11,2025-10-16,1,211.8,0.1,South,Net Banking,Returned,Mobile App,45.81
ORD103317,498025,53143,2025-08-28,2025-09-04,1,2332.94,0.15,South,UPI,Completed,Website,48.16
ORD103318,606624,96857,2025-07-22,2025-07-29,-2,1057.45,0.0,West,Net Banking,Completed,Website,119.05
ORD103319,620517,80616,27/03/2025,2025-03-30,1,1326.48,0.0,East,Cash on Delivery,Completed,Mobile App,63.77
ORD103320,946703,24857,2026-04-26,2026-04-29,2,419.02,0.05,North,UPI,Completed,Mobile App,127.92
ORD103321,508068,47907,2026-05-29,2026-06-01,1,4036.19,0.0,East,Credit Card,Completed,Marketplace,89.97
ORD103322,248652,88270,2026-03-29,2026-04-02,2,1877.93,0.0,South,Cash on Delivery,Completed,Website,105.11
ORD103323,287271,67846,2025-09-11,2025-09-16,2,3794.39,0.05,East,Cash on Delivery,Returned,Marketplace,91.34
ORD103324,509415,53143,2025-12-29,2025-12-30,1,2744.63,0.0,North,Credit Card,Completed,Mobile App,113.66
ORD103325,676737,20351,2025-03-29,2025-04-01,1,693.18,0.0,Central,Credit Card,Completed,Website,43.21
ORD103326,968630,67846,2025-05-09,2025-05-12,2,3994.09,0.0,North,UPI,Completed,Mobile App,84.65
ORD103327,709183,67846,2025-01-05,2025-01-08,1,3994.09,0.0,West,Credit Card,Completed,Mobile App,176.25
ORD103328,410043,99553,2025-08-29,2025-09-01,3,486.92,0.1,North,UPI,Completed,Website,57.96
ORD103329,989775,94616,2025-08-25,2025-08-28,1,1246.88,0.05,South,Credit Card,Completed,Website,70.91
ORD103330,407648,79501,2025-05-10,2025-05-13,2,3635.51,0.0,North,Debit Card,Completed,Mobile App,98.47
ORD103331,247829,83876,2025-10-04,2025-10-05,2,1398.68,0.0,West,Cash on Delivery,Pending,Website,164.26
ORD103332,256842,67846,2026-04-02,2026-04-05,1,3994.09,0.0,Central,UPI,Returned,Website,133.36
ORD103333,738616,53143,2025-07-15,2025-07-16,1,2744.63,0.0,West,Credit Card,Completed,Mobile App,55.08
ORD103334,784164,67846,2026-05-09,2026-05-10,1,3994.09,0.0,North,Cash on Delivery,Completed,Website,96.44
ORD103335,727246,80616,2026-03-23,2026-03-24,2,1326.48,0.0,West,Credit Card,Completed,Mobile App,140.17
ORD103336,509415,39430,2025-07-21,2025-07-22,3,1747.36,0.0,North,UPI,Completed,Mobile App,40.09
ORD103337,510981,99553,2025-11-30,2025-12-03,3,541.02,0.0,South,Debit Card,Completed,Mobile App,117.32
ORD103338,126201,53143,2025-02-08,2025-02-09,1,2332.94,0.15,West,Credit Card,Completed,Mobile App,101.22
ORD103339,459974,20351,2026-06-14,2026-06-16,1,658.52,0.05,North,UPI,Completed,Website,111.35
ORD103340,521337,59930,2026-02-27,2026-03-02,1,2573.2,0.0,South ,Debit Card,Cancelled,Website,78.37
ORD103341,996075,79501,2026-04-30,2026-05-03,2,3271.96,0.1,West,Cash on Delivery,Completed,Mobile App,167.35
ORD103342,163437,25780,2026-02-04,2026-02-07,1,447.92,0.15,South,Debit Card,Pending,Website,107.03
ORD103343,559636,67846,2025-10-17,2025-10-19,1,3394.98,0.15,South,Cash on Delivery,Completed,Mobile App,52.05
ORD103344,634991,83876,2025-12-04,2025-12-06,1,1188.88,0.15,West,UPI,Completed,Website,100.54
ORD103345,889427,83401,2025-10-04,2025-10-08,1,575.18,0.0,North,Cash on Delivery,Completed,Marketplace,170.08
ORD103346,545153,80616,2025-10-30,2025-11-03,2,1326.48,0.0,East,Net Banking,Completed,Marketplace,61.12
ORD103347,152294,88270,2025-07-24,2025-07-29,1,1877.93,0.0,West,Cash on Delivery,Returned,Marketplace,153.0
ORD103348,257678,40374,2025-11-13,2025-11-18,1,700.76,0.0,East,UPI,Completed,Website,92.8
ORD103349,489570,59930,2025-09-19,2025-09-23,3,2315.88,0.1,North,PayPal,Completed,Marketplace,170.67
ORD103350,764915,59930,2026-04-18,2026-04-22,3,2573.2,0.0,North,Credit Card,Completed,Website,176.84
ORD103351,417546,67846,2025-01-30,2025-02-01,2,3994.09,0.0,North,UPI,Completed,Marketplace,78.24
ORD103352,941623,96857,2025-12-05,2025-12-09,1,1057.45,0.0,South,Credit Card,Completed,Mobile App,137.53
ORD103353,715785,27124,2026-04-30,2026-05-02,1,723.73,0.0,South,Debit Card,Completed,Marketplace,100.22
ORD103354,488226,53143,2025-12-16,2025-12-21,2,2195.7,0.2,South,Credit Card,Completed,Website,148.83
ORD103355,537858,25780,2025-12-07,2025-12-14,3,447.92,0.15,Central,UPI,Returned,Marketplace,42.08
ORD103356,836208,53143,2025-11-16,2025-11-21,4,2607.4,0.05,South,UPI,Completed,Mobile App,176.07
ORD103357,901934,83876,2025-09-02,2025-09-05,1,1258.81,0.1,East,Cash on Delivery,Cancelled,Mobile App,98.73
ORD103358,717322,59930,2025-01-15,2025-01-20,1,2573.2,0.0,North,Debit Card,Completed,Mobile App,73.09
ORD103359,579108,99553,2026-06-29,2026-07-03,2,541.02,0.0,East,Credit Card,Completed,Mobile App,48.14
ORD103360,255785,53143,2026-03-23,2026-03-26,2,2195.7,0.2,East,UPI,Completed,Mobile App,154.31
ORD103361,510981,47907,2026-04-10,2026-04-15,1,4036.19,0.0,North,Net Banking,Completed,Website,73.41
ORD103362,727246,53143,2025-11-19,2025-11-21,3,2607.4,0.05,West,Credit Card,Completed,Mobile App,154.78
ORD103363,545153,20351,2025-06-24,2025-06-26,1,693.18,0.0,East,Debit Card,Completed,Website,56.2
ORD103364,996075,39430,2025-08-13,2025-08-16,3,1747.36,0.0,West,Debit Card,Completed,Website,94.82
ORD103365,520596,40374,2026-06-05,2026-06-07,3,665.72,0.05,West,UPI,Completed,Website,105.06
ORD103366,724264,75277,2025-10-10,2025-10-11,2,211.8,0.1,North,Debit Card,Pending,Mobile App,80.72
ORD103367,415781,25046,2025-05-24,2025-05-25,1,271.12,0.0,Central,PayPal,Completed,Website,57.47
ORD103368,946106,23723,2025-04-20,2025-04-24,2,444.83,0.1,North,Credit Card,Completed,Mobile App,171.75
ORD103369,235450,25780,2026-02-28,2026-03-03,1,447.92,0.15,West,UPI,Returned,Mobile App,90.45
ORD103370,666877,25780,2025-03-31,2025-04-04,1,526.97,0.0,East,Cash on Delivery,Completed,Marketplace,93.0
ORD103371,807924,20351,2025-03-31,2025-04-02,3,658.52,0.05,East,UPI,Completed,Mobile App,45.71
ORD103372,593565,80616,2026-03-25,2026-03-30,1,1193.83,0.1,North,UPI,Completed,Mobile App,83.59
ORD103373,179644,80616,2026-02-03,2026-02-05,1,1326.48,0.0,SOUTH,Net Banking,Completed,Website,73.52
ORD103374,262607,53143,2026-04-14,2026-04-21,2,2744.63,0.0,South,UPI,Completed,Website,97.5
ORD103375,142839,28009,2025-12-19,2025-12-21,1,158.11,0.15,South,UPI,Completed,Website,169.23
ORD103376,177793,67846,2025-02-05,2025-02-09,2,3994.09,0.0,West,Net Banking,Completed,Mobile App,82.75
ORD103377,335484,83401,2025-08-16,2025-08-18,1,517.66,0.1,East,UPI,Completed,Website,53.62
ORD103378,752183,20351,2025-06-25,2025-06-27,1,693.18,0.0,West ,Net Banking,Completed,Mobile App,126.81
ORD103379,951867,83876,2025-04-06,2025-04-08,1,1328.75,0.05,South,UPI,Completed,Marketplace,148.49
ORD103380,255887,28009,2026-05-01,2026-05-05,2,167.41,0.1,North,UPI,Completed,Mobile App,51.23
ORD103381,608777,39430,2025-09-09,2025-09-13,1,1747.36,0.0,West,UPI,Completed,Mobile App,158.8
ORD103382,287271,53143,2025-12-29,2026-01-03,1,2744.63,0.0,East,Cash on Delivery,Cancelled,Marketplace,62.78
ORD103383,353016,99553,2025-11-11,2025-11-12,1,541.02,0.0,North,UPI,Completed,Mobile App,164.01
ORD103384,248652,53143,2025-05-31,2025-06-07,1,2607.4,0.05,South,Net Banking,Completed,Marketplace,61.85
ORD103385,634991,20351,2026-03-20,2026-03-22,2,658.52,0.05,West,UPI,Completed,Website,136.53
ORD103386,707415,94616,2026-05-03,2026-05-05,2,1312.5,0.0,North,UPI,Completed,Marketplace,51.63
ORD103387,666877,25046,2025-02-06,2025-02-11,2,257.56,0.05,East,Credit Card,Completed,Mobile App,141.23
ORD103388,941978,28009,2025-08-19,2025-08-22,1,186.01,0.0,North,UPI,Completed,Mobile App,175.58
ORD103389,133215,88270,2025-09-02,2025-09-05,1,1784.03,0.05,South,Debit Card,Completed,Website,144.9
ORD103390,989740,53143,2025-10-04,2025-10-11,3,2744.63,0.0,East,Debit Card,Completed,Website,142.29
ORD103391,351483,20351,2025-11-14,2025-11-15,2,554.54,0.2,South,Debit Card,Completed,Marketplace,132.57
ORD103392,265020,20351,2025-07-18,2025-07-20,3,693.18,0.0,South,UPI,Completed,Website,101.11
ORD103393,678199,40374,2026-03-27,2026-03-30,1,700.76,0.0,West,UPI,Returned,Mobile App,161.12
ORD103394,752183,21754,2025-07-26,2025-07-29,3,1324.39,0.0,Central,Credit Card,Completed,Mobile App,59.99
ORD103395,901441,80616,2025-01-12,2025-01-14,1,1127.51,0.15,South,UPI,Completed,Website,45.72
ORD103396,459974,28009,2026-01-18,2026-01-23,2,186.01,0.0,North,UPI,Completed,Website,43.07
ORD103397,807170,67846,2025-03-17,2025-03-20,3,3794.39,0.05,East,Cash on Delivery,Completed,Website,52.37
ORD103398,243466,79501,2025-07-08,2025-07-15,2,"1,311.05",0.1,West,Debit Card,Completed,Website,169.4
ORD103399,887590,20351,2026-04-02,2026-04-05,4,693.18,0.0,North,UPI,Completed,Marketplace,108.45
ORD103400,372970,24857,2025-11-30,2025-12-01,3,441.07,0.0,Central,UPI,Completed,Mobile App,94.27
ORD103401,257381,88270,2025-12-02,2025-12-05,2,1690.14,0.1,North,Debit Card,Pending,Website,158.36
ORD103402,606624,79501,2025-01-30,2025-02-03,1,3635.51,0.0,West,Cash on Delivery,Completed,Mobile App,57.74
ORD103403,164634,88270,2026-03-07,,1,1877.93,0.0,West,UPI,Completed,Marketplace,70.88
ORD103404,611008,80616,2025-01-05,2025-01-07,2,1326.48,0.0,West,Credit Card,Completed,Mobile App,148.86
ORD103405,901934,96270,2025-09-14,2025-09-19,3,356.33,0.0,East,UPI,Completed,Mobile App,93.39
ORD103406,391959,96270,2026-01-06,2026-01-09,2,356.33,0.0,North,UPI,Returned,Mobile App,50.98
ORD103407,709183,53143,2026-04-20,2026-04-23,3,2607.4,0.05,West,UPI,Completed,Website,171.66
ORD103408,996075,59930,2026-02-26,2026-03-01,4,2444.54,0.05,West,UPI,Completed,Marketplace,93.81
ORD103409,889450,28009,2026-06-18,2026-06-22,1,186.01,0.0,South,UPI,Completed,Mobile App,76.87
ORD103410,692063,99553,2026-05-21,2026-05-22,5,459.87,0.15,East,Net Banking,Completed,Mobile App,92.71
ORD103411,947085,80616,2026-04-17,2026-04-19,1,1326.48,0.0,Central,Cash on Delivery,Completed,Mobile App,130.47
ORD103412,522520,43806,2026-03-13,2026-03-18,2,741.02,0.0,South,Cash on Delivery,Completed,Website,125.45
ORD103413,407648,20351,2025-06-08,2025-06-13,5,693.18,0.0,North,UPI,Cancelled,Website,39.11
ORD103414,372970,88270,2025-04-25,2025-04-27,1,1877.93,0.0,Central,Credit Card,Completed,Marketplace,117.2
ORD103415,291348,47907,2026-05-08,2026-05-10,1,4036.19,0.0,North,Cash on Delivery,Completed,Website,90.71
ORD103416,681114,53143,2025-04-29,2025-04-30,1,2470.17,0.1,North,UPI,Completed,Website,44.44
ORD103417,764915,83401,2026-06-03,2026-06-07,2,575.18,0.0,North,Credit Card,Completed,Mobile App,177.1
ORD103418,221868,28009,2026-06-09,2026-06-14,2,186.01,0.0,North,Cash on Delivery,Completed,Website,179.4
ORD103419,419328,27124,2025-12-05,2025-12-06,1,687.54,0.05,South,Credit Card,Completed,Website,174.43
ORD103420,780919,59930,2026-05-12,2026-05-15,2,2573.2,0.0,West,Debit Card,Completed,Marketplace,37.44
ORD103421,908789,80616,2025-01-16,2025-01-19,3,1260.16,0.05,West,UPI,Pending,Website,93.17
ORD103422,122935,53143,2025-06-17,2025-06-24,1,2744.63,0.0,West,Credit Card,Completed,Website,148.1
ORD103423,215684,20351,2025-05-10,2025-05-12,1,693.18,0.0,South,Debit Card,Returned,Website,106.86
ORD103424,941623,79501,2025-05-24,05-27-2025,1,3271.96,0.1,South,Credit Card,Pending,Website,73.75
ORD103425,311118,20351,2025-02-14,2025-02-21,4,693.18,0.0,West,UPI,Completed,Marketplace,98.02
ORD103426,407648,88270,2025-04-30,2025-05-01,1,1877.93,0.0,North,Credit Card,Completed,Website,98.51
ORD103427,968014,80616,2026-02-02,2026-02-05,1,1326.48,0.0,West,Net Banking,Pending,Mobile App,118.67
ORD103428,502957,53143,2025-07-13,2025-07-16,1,2744.63,0.0,North,Net Banking,Completed,Website,93.85
ORD103429,996075,25780,25-Oct-2025,2025-10-29,1,474.27,0.10,West,UPI,Completed,Marketplace,46.75
ORD103430,828898,23723,2026-04-16,2026-04-20,2,444.83,0.1,Central,Credit Card,Completed,Mobile App,65.83
ORD103431,188494,53143,2025-05-05,2025-05-08,5,2744.63,0.0,Central,Cash on Delivery,Completed,Marketplace,91.04
ORD103432,257216,59930,2025-06-10,2025-06-14,1,2444.54,0.05,West,UPI,Completed,Marketplace,65.54
ORD103433,126317,40374,2025-08-11,2025-08-13,3,700.76,0.0,South,PayPal,Completed,Website,53.85
ORD103434,748766,25780,2025-11-04,2025-11-07,1,526.97,0.0,Central,Cash on Delivery,Completed,Website,146.33
ORD103435,807170,96270,2026-01-28,31-Jan-2026,2,302.88,0.15,East,Cash on Delivery,Completed,Mobile App,122.24
ORD103436,756713,20351,2025-10-30,2025-11-03,2,623.86,0.1,West,UPI,Completed,Marketplace,142.25
ORD103437,926948,67846,2025-07-16,2025-07-20,1,3594.68,0.1,South,Cash on Delivery,Completed,Marketplace,67.36
ORD103438,257678,88270,2025-03-18,2025-03-20,1,1877.93,0.0,East,Debit Card,Completed,Website,68.26
ORD103439,718525,67846,2026-06-24,2026-06-27,2,3594.68,0.1,West,Cash on Delivery,Completed,Marketplace,78.91
ORD103440,681114,59930,2025-11-25,2025-11-28,1,2573.2,0.0,South,Credit Card,Completed,Website,65.87
ORD103441,710265,59930,2026-06-30,2026-07-07,1,2573.2,0.0,North,UPI,Completed,Website,50.12
ORD103442,756713,27124,2025-10-20,2025-10-22,2,615.17,0.15,West,UPI,Completed,Mobile App,88.61
ORD103443,578458,88270,2025-12-06,2025-12-09,3,1877.93,0.0,West,UPI,Returned,Website,168.8
ORD103444,832149,96270,2026-04-03,2026-04-08,1,338.51,0.05,South,UPI,Completed,Mobile App,82.03
ORD103445,315743,25046,2026-04-10,2026-04-14,1,271.12,0.0,East,UPI,Pending,Website,176.83
ORD103446,243466,27124,2025-10-25,2025-10-28,1,651.36,0.1,West,Credit Card,Completed,Website,78.67
ORD103447,504504,21754,2025-10-06,2025-10-09,1,1191.95,0.1,South,UPI,Completed,Website,81.01
ORD103448,834225,80616,2025-02-16,2025-02-18,2,1061.18,0.2,East,UPI,Completed,Mobile App,82.24
ORD103449,111000,88270,2026-06-18,2026-06-23,1,1690.14,0.1,North,Debit Card,Completed,Website,153.96
ORD103450,600728,25780,2025-12-25,2026-01-01,1,526.97,0.0,North,Cash on Delivery,Completed,Marketplace,39.89
ORD103451,541876,40374,2025-07-07,2025-07-14,1,700.76,0.0,South,Credit Card,Pending,Website,165.79
ORD103452,643571,28009,2025-01-28,2025-01-31,3,176.71,0.05,North,Net Banking,Completed,Mobile App,110.19
ORD103453,499200,23723,2026-04-29,2026-05-01,1,494.26,0.0,North,Debit Card,Completed,Marketplace,158.96
ORD103454,648631,59930,2026-05-06,2026-05-10,2,2573.2,0.0,North,Credit Card,Completed,Mobile App,50.44
ORD103455,335484,83401,2025-02-22,2025/02/26,2,488.9,0.15,East,Cash on Delivery,Returned,Mobile App,55.99
ORD103456,989740,83876,2025-09-08,2025-09-13,1,1258.81,0.1,East,Cash on Delivery,Completed,Website,131.17
ORD103457,502144,67846,2025-11-04,2025-11-09,2,3994.09,0.0,North,Net Banking,Pending,Mobile App,157.96
ORD103458,440772,88270,2026-02-28,2026-03-03,1,1877.93,0.0,North,Net Banking,Completed,Mobile App,144.78
ORD103459,233393,27124,2026-04-16,2026-04-18,1,651.36,0.1,West,Credit Card,Completed,Website,52.05
ORD103460,249215,39430,2025-12-24,2025-12-26,4,1572.62,0.1,South,UPI,Cancelled,Marketplace,65.83
ORD103461,746968,53143,2025-10-16,2025-10-19,1,2607.4,0.05,West,Debit Card,Completed,Marketplace,42.94
ORD103462,287271,20351,2025-01-14,2025-01-15,2,623.86,0.1,East,Debit Card,Cancelled,Mobile App,104.28
ORD103463,141767,83876,2026-01-01,2026-01-05,2,1328.75,0.05,North,PayPal,Completed,Mobile App,135.68
ORD103464,606624,59930,2025-04-14,2025-04-18,2,2315.88,0.1,West,Credit Card,Returned,Website,142.25
ORD103465,491764,99553,2026-02-24,2026-02-27,4,541.02,0.0,Central,Debit Card,Pending,Website,41.69
ORD103466,800130,83401,2025-05-27,2025-05-28,2,546.42,0.05,North,PayPal,Completed,Website,173.36
ORD103467,475655,27124,2025-07-27,2025-07-29,1,723.73,15 %,South,Debit Card,Completed,Website,35.72
ORD103468,509415,24857,2025-10-02,2025-10-03,1,441.07,0.0,North,Debit Card,Completed,Website,130.55
ORD103469,532996,80616,2025-05-07,2025-05-08,1,1326.48,0.0,South,Cash on Delivery,Completed,Marketplace,53.74
ORD103470,502957,20351,2026-03-08,2026-03-11,2,693.18,0.0,North,UPI,Completed,Mobile App,83.41
ORD103471,951867,21754,2026-06-19,2026-06-22,5,1324.39,0.0,South,Net Banking,Pending,Website,150.06
ORD103472,883666,23723,2025-02-07,2025-02-09,2,494.26,0.0,North,UPI,Completed,Website,153.18
ORD103473,710265,79501,2025-12-19,2025-12-22,1,3453.73,0.05,North,Credit Card,Cancelled,Website,144.05
ORD103474,767922,59930,2026-03-07,2026-03-08,3,2315.88,0.1,West,Cash on Delivery,Cancelled,Mobile App,176.14
ORD103475,670233,99553,2026-06-20,2026-06-24,2,541.02,0.0,South,Net Banking,Returned,Marketplace,42.77
ORD103476,506712,67846,2025-11-10,2025-11-12,1,3594.68,0.1,North,UPI,Completed,Website,141.17
ORD103477,787474,67846,2025-03-27,2025-03-29,2,3994.09,0.0,South,Debit Card,Completed,Website,42.13
ORD103478,662543,25780,2025-01-29,2025-02-02,2,526.97,0.0,West,Credit Card,Returned,Mobile App,110.86
ORD103479,509415,47907,2025-08-05,2025-08-07,2,3834.38,0.05,North,UPI,Completed,Website,68.96
ORD103480,485707,80616,2026-04-13,04-17-2026,4,1326.48,0.0,West,Credit Card,Cancelled,Website,79.13
ORD103481,707415,23723,2025-05-29,2025-06-01,1,494.26,0.0,North,Cash on Delivery,Completed,Website,144.52
ORD103482,532996,50462,2025-12-20,2025-12-24,1,145.05,0.1,South,Cash on Delivery,Completed,Website,139.92
ORD103483,506712,80616,2025-11-11,2025-11-16,1,1193.83,0.1,North,UPI,Completed,Website,47.95
ORD103484,200363,53143,2025-12-18,2025-12-22,2,2607.4,0.05,East,UPI,Completed,Marketplace,104.55
ORD103485,752183,96270,2025-10-21,2025-10-25,1,356.33,0.0,Central,Cash on Delivery,Completed,Mobile App,35.61
ORD103486,634991,99553,2025-05-29,2025-05-31,1,486.92,0.1,West,Cash on Delivery,Completed,Mobile App,144.09
ORD103487,118976,94616,2025-01-15,2025-01-18,1,1115.62,0.15,East,UPI,Completed,Mobile App,156.55
ORD103488,311483,28009,2025-12-04,2025-12-07,3,186.01,0.0,Central,Net Banking,Completed,Mobile App,117.29
ORD103489,555985,20351,2025-09-04,2025-09-08,1,693.18,0.0,East,Credit Card,Completed,Website,140.62
ORD103490,732665,99553,2026-05-26,2026-06-02,3,486.92,0.1,Central,UPI,Completed,Website,144.83
ORD103491,209896,79501,2025-04-27,2025-05-01,1,3635.51,0.0,South,Credit Card,Completed,Website,103.51
ORD103492,821239,83401,2025-01-14,2025-01-18,1,575.18,0.0,South,PayPal,Completed,Mobile App,38.83
ORD103493,635958,59930,2026-03-04,2026-03-06,2,2573.2,0.0,North,Credit Card,Completed,Website,88.61
ORD103494,262906,83401,2025-10-27,2025-10-31,1,517.66,0.1,Central,upi,Completed,Website,83.53
ORD103495,555985,96857,2025-07-17,2025-07-18,1,951.7,0.1,East,UPI,Completed,Mobile App,138.74
ORD103496,554250,53143,2025-12-18,2025-12-21,1,2607.4,0.05,South,UPI,Completed,Website,82.24
ORD103497,883666,47907,2025-06-20,2025-06-21,3,4036.19,0.0,North,UPI,Completed,Website,164.55
ORD103498,901934,99553,2025-08-27,2025-08-30,2,486.92,0.1,East,Debit Card,Completed,Website,50.78
ORD103499,223768,79501,2025-03-30,2025-04-02,2,3635.51,0.0,Central,Debit Card,Completed,Marketplace,104.75
ORD103500,545153,67846,2026-04-14,2026-04-19,5,3794.39,0.05,East,UPI,Completed,Mobile App,80.04
ORD103501,391881,88270,2025-08-08,2025-08-13,1,1877.93,0.0,South,PayPal,Completed,Mobile App,59.4
ORD103502,740696,53143,2025-01-21,2025-01-24,1,2744.63,0.0,North,UPI,Completed,Mobile App,130.14
ORD103503,235450,24857,2025-04-24,2025-04-29,3,396.96,0.1,West,UPI,Completed,Marketplace,105.84
ORD103504,300385,20351,2025-08-11,2025-08-15,2,693.18,0.0,West,Net Banking,Completed,Marketplace,148.86
ORD103505,520596,79501,2026-06-30,2026-07-01,1,3453.73,0.05,West,UPI,Cancelled,Website,124.76
ORD103506,930634,59930,2026-02-19,2026-02-24,4,2315.88,0.1,North,UPI,Completed,Website,38.09
ORD103507,600448,59930,2025-09-11,2025-09-14,1,2573.2,0.0,East,UPI,Cancelled,Mobile App,111.97
ORD103508,586025,59930,2025-03-02,2025-03-05,2,2573.2,0.0,North,Credit Card,Completed,Mobile App,147.51
ORD103509,666277,24857,2025-11-05,2025-11-06,2,441.07,0.0,West,Cash on Delivery,Completed,Mobile App,152.59
ORD103510,247829,53143,2025-02-25,2025-02-26,1,2470.17,0.1,West,UPI,Completed,Website,61.09
ORD103511,521337,25046,2025-05-12,2025-05-15,1,271.12,0.0,East,Net Banking,Completed,Mobile App,54.38
ORD103512,247829,59930,2025-06-01,2025-06-06,1,2573.2,0.0,West,Credit Card,Completed,Marketplace,154.71
ORD103513,410822,67846,2026-01-14,2026-01-15,1,3594.68,0.1,South,UPI,Pending,Mobile App,101.08
ORD103514,592020,88270,2025-04-24,2025-04-27,2,1596.24,0.15,East,Debit Card,Completed,Mobile App,102.22
ORD103515,265020,50462,2026-02-11,2026-02-13,1,161.17,0.0,South,UPI,Completed,Mobile App,49.08
ORD103516,188500,59930,2025-12-02,2025-12-06,1,2444.54,0.05,East,UPI,Completed,Website,62.16
ORD103517,870571,43806,2025-03-07,2025-03-12,1,629.87,0.15,North,Cash on Delivery,Completed,Marketplace,176.51
ORD103518,748766,83876,2026-05-07,2026-05-10,2,1258.81,0.1,East,UPI,Cancelled,Mobile App,65.67
ORD103519,882750,43806,2026-03-28,2026-03-31,1,741.02,0.0,East,UPI,Completed,Marketplace,40.06
ORD103520,262906,20351,2025-11-04,2025-11-07,1,693.18,0.0,Central,Cash on Delivery,Completed,Website,141.06
ORD103521,491764,94616,2025-12-21,2025-12-24,3,1312.5,0.0,Central,UPI,Completed,Mobile App,64.46
ORD103522,954224,99553,2025-02-01,2025-02-04,2,541.02,0.0,South,Net Banking,Completed,Mobile App,135.97
ORD103523,283517,23723,2025-02-16,2025-02-19,1,469.55,0.05,South,UPI,Completed,Mobile App,65.62
ORD103524,205182,53143,2026-04-03,2026-04-06,1,2470.17,0.1,South,UPI,Completed,Website,109.52
ORD103525,520596,23723,2025-11-12,2025-11-13,1,494.26,0.0,West,UPI,Completed,Mobile App,167.53
ORD103526,345398,28009,2025-08-11,14-Aug-2025,4,186.01,0.0,South,UPI,Completed,Website,39.01
ORD103527,479414,53143,2025-06-23,2025-06-26,2,2744.63,0.0,North,UPI,Completed,Website,42.28
ORD103528,707415,83876,2025-05-09,2025-05-14,3,1258.81,0.1,North,UPI,Completed,Website,118.38
ORD103529,164634,23723,2025-06-24,2025-06-28,3,494.26,0.0,West,Credit Card,Completed,Website,48.76
ORD103530,748941,59930,2026-03-08,2026-03-12,1,2573.2,0.0,South,Credit Card,Completed,Website,117.18
ORD103531,715785,20351,2025-10-05,2025-10-06,1,693.18,0.0,South,Credit Card,Completed,Mobile App,150.11
ORD103532,928190,20351,2025-07-14,,2,693.18,0.0,North,UPI,Completed,Marketplace,142.35
ORD103533,519562,88270,2025-06-27,2025-06-29,1,1784.03,0.05,East,UPI,Completed,Mobile App,124.12
ORD103534,954224,59930,2025-04-15,2025-04-18,2,2444.54,0.05,South,Credit Card,Completed,Mobile App,157.2
ORD103535,510981,83401,2025-01-16,2025-01-19,1,575.18,0.0,South,Debit Card,Completed,Mobile App,129.57
ORD103536,375259,67846,2025-06-15,2025-06-19,2,3994.09,0.0,Central,Credit Card,Pending,Mobile App,73.77
ORD103537,148102,43806,2025-04-11,2025-04-18,1,592.82,0.2,West,UPI,Completed,Website,106.33
ORD103538,840889,53143,2026-06-30,2026-07-03,1,2607.4,0.05,North,Debit Card,Completed,Mobile App,153.04
ORD103539,459974,94616,2025-07-06,2025-07-10,1,1312.5,0.0,North,PayPal,Completed,Marketplace,166.49
ORD103540,485707,23723,2025-04-06,2025-04-08,1,494.26,0.0,West,Credit Card,Pending,Mobile App,152.55
ORD103541,555985,99553,2025-09-05,2025-09-08,1,541.02,0.0,East,UPI,Returned,Mobile App,142.28
ORD103542,454493,79501,2026-02-04,2026-02-07,1,3635.51,0.0,North,UPI,Completed,Website,40.9
ORD103543,577818,79501,2026-02-22,2026-02-25,2,3271.96,0.1,West,Credit Card,Completed,Marketplace,57.38
ORD103544,634991,99553,2025-06-18,2025-06-22,1,541.02,0.0,West,Cash on Delivery,Completed,Website,146.91
ORD103545,509415,43806,2025-06-20,2025-06-22,1,666.92,0.1,North,Debit Card,Completed,Mobile App,136.15
ORD103546,816732,50462,2025-10-10,2025-10-13,2,145.05,10%,East,Net Banking,Pending,Website,146.65
ORD103547,410216,53143,2025-11-18,2025-11-21,3,2470.17,0.1,South,Credit Card,Completed,Mobile App,77.27
ORD103548,821692,23723,2025-11-19,2025-11-22,3,444.83,0.1,North,UPI,Completed,Website,168.94
ORD103549,370445,99553,2025-10-14,2025-10-18,1,486.92,0.1,South,Credit Card,Completed,Mobile App,69.39
ORD103550,784164,67846,2025-10-23,2025-10-30,1,3794.39,0.05,North,Debit Card,Completed,Mobile App,102.7
ORD103551,746968,96270,2026-04-05,2026-04-09,1,356.33,0.0,West,Cash on Delivery,Completed,Mobile App,148.88
ORD103552,508068,59930,2025-01-12,2025-01-15,1,2444.54,0.05,East,PayPal,Completed,Mobile App,85.92
ORD103553,832149,25046,2026-03-02,2026-03-03,1,230.45,0.15,South,UPI,Completed,Website,128.91
ORD103554,732665,88270,2025-05-06,2025-05-08,1,1784.03,0.05,Central,UPI,Completed,Website,154.42
ORD103555,823362,83876,2025-09-30,2025-10-04,1,1258.81,0.1,South,Cash on Delivery,Completed,Website,168.62
ORD103556,545153,80616,04-16-2025,2025-04-19,2,1127.51,0.15,East,UPI,Completed,Mobile App,138.21
ORD103557,235450,99553,2026-03-25,2026-03-28,1,541.02,0.0,West,UPI,Cancelled,Website,75.97
ORD103558,375259,83401,2025-04-25,2025-04-27,1,517.66,0.1,Central,Net Banking,Completed,Website,167.04
ORD103559,908789,20351,2025-05-18,2025-05-22,3,658.52,0.05,West,Net Banking,Completed,Marketplace,134.84
ORD103560,440772,59930,2025-03-19,2025-03-21,1,2315.88,0.1,North,UPI,Completed,Mobile App,105.62
ORD103561,440325,20351,2025-10-13,2025-10-17,4,623.86,0.1,North,Credit Card,Completed,Mobile App,144.53
ORD103562,133215,80616,2026-02-17,2026-02-18,1,1326.48,0.0,South,Cash on Delivery,Completed,Website,80.22
ORD103563,593800,83401,2026-06-23,2026-06-30,1,575.18,0.0,Central,Net Banking,Completed,Mobile App,142.12
ORD103564,287271,20351,2025-02-25,2025-02-27,1,693.18,0.0,East,Net Banking,Returned,Marketplace,175.5
ORD103565,410216,23723,2026-01-18,2026-01-20,1,494.26,0.0,South,Credit Card,Completed,Marketplace,152.74
ORD103566,256842,99553,2026-03-31,2026-04-05,1,459.87,0.15,Central,UPI,Completed,Website,70.36
ORD103567,951867,28009,2025-10-22,2025-10-26,4,186.01,0.0,South,UPI,Completed,Website,150.8
ORD103568,752183,83401,2026-06-11,2026-06-14,1,575.18,0.0,Central,Credit card,Completed,Website,48.9
ORD103569,507954,96857,2025-06-12,2025-06-13,1,951.7,0.1,West,Debit Card,Completed,Mobile App,108.93
ORD103570,475655,25780,19/11/2025,2025-11-26,1,500.62,0.05,South,Debit Card,Completed,Mobile App,47.07
ORD103571,607287,20351,2025-11-24,2025-11-29,1,589.2,0.15,Central,Credit Card,Cancelled,Mobile App,156.84
ORD103572,391959,27124,2025-08-11,2025-08-12,2,723.73,0.0,North,UPI,Completed,Website,119.52
ORD103573,522520,80616,2025-01-22,2025-01-24,1,1260.16,0.05,South,PayPal,Returned,Mobile App,103.92
ORD103574,766286,47907,2025-01-30,2025-02-02,2,4036.19,0.0,Central,Cash on Delivery,Completed,Mobile App,61.8
ORD103575,375259,80616,2026-01-23,2026-01-26,1,1326.48,0.0,Central,UPI,Pending,Website,170.15
ORD103576,247829,25046,2025-05-01,2025-05-04,2,271.12,0.0,West,Debit Card,Completed,Website,68.84
ORD103577,883666,83876,2025-10-13,2025-10-14,1,,0.05,North,Credit Card,Completed,Website,121.91
ORD103578,152294,59930,2025-10-17,2025-10-21,3,2573.2,0.0,West,UPI,Completed,Website,144.61
ORD103579,554250,25780,2026-03-08,2026-03-12,2,500.62,0.05,South,UPI,Completed,Website,88.51
ORD103580,287271,99553,2025-01-24,2025-01-27,1,541.02,0.0,East,Credit Card,Completed,Marketplace,92.72
ORD103581,727246,47907,2025-05-23,2025-05-24,3,4036.19,0.0,West,UPI,Completed,Website,91.74
ORD103582,440325,20351,2025-06-06,2025-06-09,1,589.2,0.15,North,Net Banking,Completed,Website,129.11
ORD103583,500421,28009,2026-01-15,2026-01-20,1,186.01,0.0,North,Credit Card,Pending,Website,128.2
ORD103584,738616,25780,2026-03-25,2026-03-26,1,526.97,0.0,West,UPI,Completed,Marketplace,111.06
ORD103585,410043,21754,2026-06-30,2026-07-01,1,1191.95,0.1,North,Cash on Delivery,Completed,Marketplace,69.86
ORD103586,608777,67846,2025-08-22,2025-08-25,1,3594.68,0.1,West,Credit Card,Completed,Marketplace,151.17
ORD103587,677266,20351,2026-01-20,2026-01-24,1,658.52,0.05,Central,Cash on Delivery,Completed,Website,159.35
ORD103588,948985,39430,2025-04-27,2025-05-02,1,1572.62,0.1,West,UPI,Completed,Mobile App,130.6
ORD103589,300385,94616,2026-04-29,2026-05-01,2,1246.88,0.05,West,Credit Card,Completed,Website,145.88
ORD103590,529195,40374,2026-05-11,2026-05-12,1,665.72,0.05,South,UPI,Completed,Mobile App,82.67
ORD103591,996075,67846,2026-02-10,2026-02-12,2,3994.09,0.0,West,Credit Card,Completed,Website,104.53
ORD103592,593565,39430,2026-01-03,2026-01-07,1,1747.36,0.0,North,UPI,Completed,Website,115.97
ORD103593,510981,23723,2025-05-30,2025-06-06,1,494.26,0.0,West,UPI,Completed,Mobile App,80.78
ORD103594,669378,59930,2025-09-10,2025-09-12,2,2187.22,0.15,Central,UPI,Completed,Website,77.32
ORD103595,901441,88270,2025-10-16,2025-10-18,1,1690.14,0.1,South,UPI,Pending,Marketplace,177.79
ORD103596,971601,59930,2025-12-30,2026-01-01,1,2058.56,0.2,West,Cash on Delivery,Completed,Website,40.02
ORD103597,233393,27124,2026-06-01,2026-06-03,1,687.54,0.05,South ,UPI,Completed,Website,152.14
ORD103598,634991,23723,2026-06-25,2026-06-27,4,494.26,0.0,West,Net Banking,Returned,Marketplace,57.89
ORD103599,681114,53143,2025-10-21,2025-10-24,1,2744.63,0.0,North,UPI,Completed,Mobile App,170.27
ORD103600,407648,94616,2026-02-04,2026-02-09,1,1312.5,0.0,North,Credit Card,Completed,Website,114.31
ORD103601,249215,25780,2025-09-05,2025-09-07,2,474.27,0.1,South,Cash on Delivery,Completed,Website,91.79
ORD103602,784164,80616,2025-11-04,2025-11-06,3,1193.83,0.1,North,Cash on Delivery,Completed,Website,152.07
ORD103603,,99553,2025-05-19,2025-05-22,2,541.02,0.0,East,UPI,Completed,Mobile App,158.46
ORD103604,509415,20351,2026-05-28,2026-06-02,1,693.18,0.0,North,Net Banking,Completed,Website,48.23
ORD103605,903968,83401,2026-03-19,2026-03-26,2,575.18,0.0,East,UPI,Completed,Website,163.2
ORD103606,901441,80616,2025-08-05,2025-08-08,1,1326.48,0.0,South,PayPal,Completed,Mobile App,132.96
ORD103607,792467,79501,2026-06-24,2026-06-28,2,3635.51,0.0,South,Credit Card,Completed,Website,71.46
ORD103608,510981,83401,2025-02-16,2025-02-23,1,575.18,0.0,South,Debit Card,Completed,Website,166.78
ORD103609,287271,40374,2025-08-20,2025-08-25,1,700.76,0.0,East,UPI,Completed,Website,96.64
ORD103610,732665,67846,24-Apr-2025,2025-04-27,1,3394.98,0.15,Central,Cash on Delivery,Completed,Website,61.25
ORD103611,550242,79501,2026-01-18,2026-01-22,3,3635.51,0.0,South,Credit Card,Completed,Website,60.72
ORD103612,931999,25046,2025-12-24,2025-12-26,1,257.56,0.05,Central,UPI,Cancelled,Marketplace,45.65
ORD103613,607287,79501,2025-08-18,2025-08-20,1,3271.96,0.1,Central,UPI,Cancelled,Mobile App,55.24
ORD103614,151040,21754,2025-11-17,2025-11-19,1,1324.39,0.0,South,UPI,Completed,Marketplace,124.61
ORD103615,408371,24857,2025-08-30,2025-08-31,3,441.07,0.0,South,UPI,Completed,Website,101.21
ORD103616,257678,80616,2025-05-21,2025-05-24,2,1326.48,0.0,East,Cash on Delivery,Completed,Website,112.06
ORD103617,652250,96857,2026-06-17,2026-06-22,1,1057.45,0.0,North,Cash on Delivery,Completed,Website,128.11
ORD103618,811119,20351,2025-11-15,2025-11-20,1,693.18,0.0,West,Debit Card,Completed,Website,109.81
ORD103619,648309,43806,2026-01-02,2026-01-06,1,741.02,0.0,West,UPI,Pending,Mobile App,44.88
ORD103620,301355,23723,2026-06-04,2026-06-06,1,494.26,0.0,North,upi,Completed,Website,164.72
ORD103621,807170,59930,2025-12-19,2025-12-22,1,2573.2,0.0,East,Cash on Delivery,Completed,Website,97.11
ORD103622,941623,43806,2025-05-25,2025-05-29,1,741.02,0.0,South,UPI,Returned,Website,47.58
ORD103623,624404,59930,2026-03-02,2026-03-04,1,2315.88,0.1,North,Cash on Delivery,Completed,Marketplace,92.93
ORD103624,586025,83401,2025-02-15,2025-02-17,1,575.18,0.0,North,UPI,Completed,Mobile App,90.27
ORD103625,155485,25780,2025-04-19,2025-04-21,3,526.97,0.0,West,UPI,Completed,Website,46.25
ORD103626,163437,25780,2025-02-02,2025-02-05,1,526.97,0.0,South,UPI,Completed,Marketplace,86.28
ORD103627,579108,59930,2026-04-08,2026-04-11,2,2573.2,0.0,East,Net Banking,Completed,Marketplace,142.58
ORD103628,607287,88270,2026-05-28,2026-06-02,1,1877.93,0.0,Central,Credit Card,Completed,Mobile App,163.78
ORD103629,603177,99553,2025-03-07,2025-03-11,1,541.02,0.0,South,UPI,Completed,Mobile App,150.75
ORD103630,794251,83876,2026-03-04,2026-03-06,1,1188.88,0.15,North,UPI,Completed,Website,58.1
ORD103631,247829,80616,14/11/2025,2025-11-17,1,1260.16,0.05,West,Credit Card,Completed,Website,80.5
ORD103632,242097,83876,2025-01-06,2025-01-09,1,1398.68,0.0,West,Credit Card,Completed,Website,144.31
ORD103633,510981,80616,2025-12-09,2025-12-12,3,1193.83,0.1,South,Net Banking,Completed,Mobile App,109.88
ORD103634,475655,28009,2025-08-21,2025-08-24,2,167.41,0.1,South,Credit Card,Completed,Website,127.05
ORD103635,311118,47907,2026-06-23,2026-06-28,1,4036.19,0.0,West,Cash on Delivery,Completed,Mobile App,91.25
ORD103636,247829,43806,2026-05-20,2026-05-22,2,703.97,0.05,West,PayPal,Completed,Mobile App,73.67
ORD103637,509415,67846,2025-06-17,2025-06-20,1,3994.09,0.0,North,Cash on Delivery,Completed,Mobile App,84.12
ORD103638,247829,23723,2025-06-25,2025-06-27,1,469.55,0.05,West,Net Banking,Completed,Mobile App,42.85
ORD103639,730472,20351,2025-08-15,2025-08-22,1,693.18,0.0,West,UPI,Cancelled,Website,49.18
ORD103640,165278,59930,2025-03-01,2025-03-03,1,2573.2,0.0,West,Debit Card,Pending,Marketplace,110.41
ORD103641,164634,80616,2026-01-08,2026-01-10,5,1326.48,0.0,West,UPI,Completed,Website,93.04
ORD103642,719823,67846,2026-06-18,2026-06-20,1,3994.09,0.0,South,UPI,Completed,Website,175.68
ORD103643,453136,59930,2025-03-28,2025-03-29,1,2573.2,0.0,East,PayPal,Completed,Website,131.11
ORD103644,715785,79501,2025-06-18,2025-06-21,2,3271.96,0.1,South,Credit Card,Completed,Mobile App,100.95
ORD103645,954224,83401,2026-04-04,2026-04-07,3,575.18,0.0,South,Debit Card,Completed,Mobile App,107.48
ORD103646,148102,20351,2025-09-24,2025-09-28,3,693.18,0.0,West,UPI,Completed,Marketplace,179.0
ORD103647,459974,25780,2025-01-08,2025-01-10,1,526.97,0.0,North,Credit Card,Completed,Website,96.32
ORD103648,382701,96270,2025-05-15,2025-05-20,1,338.51,0.05,West,UPI ,Returned,Marketplace,154.66
ORD103649,593800,83876,2025-09-21,2025-09-22,2,1258.81,0.1,Central,credit card,Completed,Website,106.95
ORD103650,410216,28009,2026-03-09,2026-03-13,2,176.71,0.05,South,UPI,Returned,Website,114.58
ORD103651,391881,47907,2026-05-24,2026-05-29,1,3430.76,0.15,South,Net Banking,Completed,Marketplace,166.33
ORD103652,740287,96270,2025-10-23,2025-10-26,1,302.88,0.15,West,Credit Card,Completed,Website,178.1
ORD103653,568342,83876,2025-08-19,2025-08-22,1,1188.88,0.15,North,UPI,Completed,Website,39.25
ORD103654,155485,23723,2025-12-19,2025-12-22,5,444.83,0.1,West,Credit Card,Completed,Website,143.32
ORD103655,545153,67846,2025-05-14,2025-05-21,1,3594.68,0.1,East,Net Banking,Completed,Mobile App,65.88
ORD103656,690321,25780,2025-08-13,2025-08-17,2,526.97,0.0,North,Cash on Delivery,Completed,Marketplace,147.54
ORD103657,126317,28009,2025-10-19,2025-10-23,1,176.71,0.05,South,Debit Card,Completed,Mobile App,53.42
ORD103658,156175,67846,2025-05-10,2025-05-12,2,3794.39,0.05,South,Credit Card,Completed,Mobile App,160.6
ORD103659,545153,40374,2026-06-11,2026-06-18,1,700.76,0.0,East,Credit Card,Completed,Website,95.31
ORD103660,962018,23723,2026-01-17,2026-01-20,1,420.12,0.15,North,Cash on Delivery,Returned,Mobile App,167.89
ORD103661,996075,83876,2025-03-06,2025-03-09,5,1398.68,0.0,West,Cash on Delivery,Completed,Marketplace,122.62
ORD103662,919927,75277,2026-03-07,2026-03-09,2,200.03,0.15,North,Credit Card,Completed,Mobile App,155.13
ORD103663,547445,25780,2026-05-09,2026-05-16,2,474.27,0.1,West,PayPal,Completed,Mobile App,179.11
ORD103664,981656,83401,2026-03-23,2026-03-26,1,575.18,0.0,East,Credit Card,Completed,Mobile App,111.88
ORD103665,333092,80616,2026-02-21,2026-02-25,1,1260.16,0.05,Central,Debit Card,Completed,Website,125.01
ORD103666,816732,20351,26/11/2025,2025-11-30,1,693.18,0.0,East,Cash on Delivery,Returned,Mobile App,157.06
ORD103667,929482,43806,2025-04-25,2025-04-28,1,666.92,0.1,Central,Cash on Delivery,Completed,Mobile App,73.35
ORD103668,730472,23723,2026-05-14,2026-05-17,4,469.55,0.05,West,Cash on Delivery,Cancelled,Website,157.83
ORD103669,155205,94616,2026-03-17,2026-03-22,1,1312.5,0.0,North,UPI,Completed,Mobile App,40.41
ORD103670,335484,53143,2026-03-03,2026-03-05,3,2744.63,0.0,East,Credit Card,Completed,Website,50.12
ORD103671,710265,67846,2025-12-29,2025-12-31,2,3195.27,0.2,North,UPI ,Completed,Website,135.78
ORD103672,620517,67846,2025-11-25,2025-11-27,2,3794.39,0.05,East,Credit Card,Completed,Mobile App,153.9
ORD103673,485707,75277,2025-08-01,2025-08-06,1,235.33,0.0,West,UPI,Completed,Website,96.66
ORD103674,283517,43806,2025-08-24,08-27-2025,1,666.92,0.1,South,Credit Card,Completed,Marketplace,89.28
ORD103675,384470,39430,2026-05-26,2026-05-27,1,1747.36,0.0,West,Cash on Delivery,Completed,Website,78.21
ORD103676,989226,20351,2025-11-04,2025-11-07,5,623.86,0.1,West,Debit Card,Completed,Mobile App,75.08
ORD103677,719823,53143,2026-04-09,2026-04-12,1,2470.17,0.1,South,Debit Card,Completed,Website,147.53
ORD103678,200363,25780,2026-04-05,2026-04-07,1,526.97,0.0,East,Cash on Delivery,Completed,Mobile App,35.35
ORD103679,752183,99553,2025-06-04,2025-06-06,4,513.97,0.05,Central,Cash on Delivery,Completed,Mobile App,136.76
ORD103680,784164,20351,2025-08-03,2025-08-05,1,,0.05,North,UPI,Completed,Marketplace,126.05
ORD103681,732665,80616,2026-03-01,2026-03-03,2,1260.16,0.05,Central,UPI,Completed,Website,174.16
ORD103682,634991,94616,2026-05-03,2026-05-05,2,1246.88,0.05,West,Debit Card,Completed,Mobile App,56.36
ORD103683,821239,59930,2025-06-12,2025-06-16,1,2573.2,0.0,South,UPI,Completed,Mobile App,108.98
ORD103684,816732,39430,2025-11-01,2025-11-05,1,1572.62,0.1,East,Credit Card,Completed,Mobile App,95.53
ORD103685,506712,94616,2025-10-17,2025-10-22,1,1312.5,0.0,North,UPI,Completed,Website,57.47
ORD103686,800293,27124,2026-01-28,2026-01-29,2,723.73,0.0,North,Credit Card,Completed,Mobile App,55.46
ORD103687,794251,83401,2026-04-22,2026-04-25,2,575.18,0.0,North,UPI,Completed,Marketplace,125.21
ORD103688,550242,23723,2025-12-03,2025-12-04,1,444.83,0.1,South,Cash on Delivery,Completed,Website,131.0
ORD103689,758153,94616,2025-05-12,2025-05-17,2,1246.88,0.05,South,UPI,Completed,Mobile App,179.86
ORD103690,383221,53143,23-Feb-2026,2026-02-27,2,2332.94,0.15,West,Debit Card,Completed,Marketplace,77.97
ORD103691,787474,39430,2025-04-14,2025-04-17,3,1747.36,0.0,South,Cash on Delivery,Pending,Website,135.77
ORD103692,541876,79501,2025-07-05,2025-07-07,1,3635.51,0.0,South,Credit Card,Completed,Website,115.99
ORD103693,752183,96857,2026-02-22,2026-02-25,2,1057.45,0.0,Central,PayPal,Completed,Mobile App,121.39
ORD103694,506712,59930,2025-05-05,2025-05-12,1,2573.2,0.0,North,UPI,Returned,Website,112.32
ORD103695,133215,67846,2025-10-31,04/11/2025,3,3994.09,0.0,South,Credit Card,Completed,Marketplace,45.88
ORD103696,235450,40374,2025-05-10,2025-05-12,1,700.76,0.0,West,Net Banking,Completed,Website,107.12
ORD103697,908789,20351,2025-09-23,2025-09-24,1,658.52,0.05,West,Cash on Delivery,Completed,Marketplace,80.76
ORD103698,554250,28009,2025-06-11,2025-06-13,1,186.01,0.0,South,Credit Card,Cancelled,Website,147.26
ORD103699,111000,23723,2026-06-09,2026-06-13,2,469.55,0.05,North,Cash on Delivery,Completed,Marketplace,129.4
ORD103700,585327,59930,2025-10-13,2025-10-16,1,2058.56,0.2,North,Cash on Delivery,Completed,Website,123.87
ORD103701,508068,99553,2025-03-16,2025-03-20,2,541.02,0.0,East,UPI,Completed,Mobile App,88.8
ORD103702,532996,40374,2026-05-27,2026-05-29,2,630.68,0.10,South,UPI,Completed,Website,121.27
ORD103703,509415,21754,2026-06-21,2026-06-21,1,1324.39,0.0,East,UPI,Cancelled,Website,122.97
ORD103704,246788,23723,2025-09-16,2025-09-20,1,444.83,0.1,West,UPI,Completed,Mobile App,161.59
ORD103705,213140,67846,2025-01-07,2025-01-09,2,3594.68,0.1,North,Credit Card,Completed,Mobile App,80.27
ORD103706,889427,28009,2025-02-11,,2,186.01,0.0,North,Credit Card,Completed,Website,67.63
ORD103707,235450,83876,2025-09-11,2025-09-14,1,1258.81,0.1,West,PayPal,Completed,Website,179.42
ORD103708,681114,67846,2026-01-14,2026-01-15,2,3594.68,0.1,North,UPI,Pending,Marketplace,35.02
ORD103709,247829,88270,2026-02-06,2026-02-09,1,1877.93,0.0,West,Credit Card,Pending,Marketplace,142.98
ORD103710,177793,88270,2025-04-05,2025-04-07,4,1877.93,0.0,West,UPI,Completed,Website,89.3
ORD103711,555985,40374,2025-10-30,2025-11-02,4,665.72,0.05,East,Cash on Delivery,Returned,Mobile App,126.97
ORD103712,738616,80616,2025-07-30,2025-07-31,1,1326.48,0.0,West,Net Banking,Completed,Mobile App,67.59
ORD103713,666877,27124,2026-05-20,2026-05-22,1,651.36,0.1,East,Credit Card,Completed,Website,52.31
ORD103714,506712,39430,2025-07-09,2025-07-11,1,1747.36,0.0,North,PayPal,Completed,Website,172.27
ORD103715,453136,79501,2026-01-27,2026-01-28,1,3635.51,0.0,East,Net Banking,Cancelled,Mobile App,159.7
ORD103716,262906,67846,2025/01/19,2025-01-24,2,3994.09,0.0,Central,Net Banking,Completed,Mobile App,41.41
ORD103717,410216,59930,2025-03-24,2025-03-26,1,2573.2,0.0,South,Cash on Delivery,Pending,Marketplace,101.69
ORD103718,408371,59930,2026-05-16,2026-05-18,1,2573.2,0.0,South,Cash on Delivery,Cancelled,Website,168.53
ORD103719,608777,94616,2026-05-25,2026-05-27,1,1246.88,0.05,W,Debit Card,Completed,Website,136.14
ORD103720,677266,83401,2026-04-28,2026-05-02,1,517.66,0.1,Central,UPI,Completed,Marketplace,88.67
ORD103721,407648,20351,2025-11-04,2025-11-11,1,658.52,0.05,North,PayPal,Completed,Mobile App,106.14
ORD103722,761892,53143,2025-12-05,2025-12-08,1,2332.94,0.15,South,COD,Returned,Mobile App,171.67
ORD103723,410216,83876,2025-05-23,2025-05-26,1,1398.68,0.0,South,Net Banking,Completed,Website,58.75
ORD103724,784164,59930,2026-04-13,2026-04-15,1,2573.2,0.0,North,UPI,Completed,Website,50.6
ORD103725,981656,39430,2026-03-11,2026-03-13,1,1747.36,0.0,East,Credit Card,Returned,Website,122.48
ORD103726,746968,96857,2026-05-06,2026-05-08,2,1057.45,0.0,West,UPI,Completed,Mobile App,46.22
ORD103727,156175,83401,2026-02-22,2026-02-26,1,575.18,0.0,South,UPI,Pending,Website,50.77
ORD103728,453136,43806,2025-01-22,2025-01-24,5,741.02,0.0,East,UPI,Completed,Website,118.67
ORD103729,417546,23723,2025-09-15,2025-09-16,1,420.12,0.15,WEST,UPI,Completed,Marketplace,80.38
ORD103730,455093,23723,2026-01-01,2026-01-06,1,494.26,0.0,South,COD,Completed,Website,112.73
ORD103731,655109,53143,27/03/2025,2025-03-30,1,2607.4,0.05,North,Credit Card,Returned,Website,68.86
ORD103732,894878,96857,2026-02-05,2026-02-12,1,1004.58,0.05,North,UPI,Completed,Mobile App,50.55
ORD103733,357370,20351,2025-11-04,2025-11-08,4,658.52,0.05,South,PayPal,Completed,Website,78.59
ORD103734,126201,23723,2026-02-25,2026-03-02,3,494.26,0.0,West,UPI,Completed,Website,162.15
ORD103735,455093,83876,2025-07-20,2025-07-23,2,1118.94,0.2,South,Net Banking,Completed,Website,164.82
ORD103736,935164,28009,2025-12-19,2025-12-23,5,186.01,0.0,East,Debit Card,Returned,Website,168.24
ORD103737,634991,99553,2025-12-01,2025-12-06,1,459.87,0.15,West,PayPal,Cancelled,Website,94.02
ORD103738,235450,53143,2025-05-06,2025-05-09,1,2470.17,0.1,West,UPI,Completed,Website,42.83
ORD103739,454529,25780,2025-10-17,2025-10-18,4,500.62,0.05,West,Cash on Delivery,Completed,Website,162.53
ORD103740,928190,80616,2025-02-14,2025-02-16,5,1326.48,0.0,North,UPI,Completed,Marketplace,57.24
ORD103741,235450,20351,2025-08-15,2025-08-18,3,"5,582.08",0.0,west,UPI,Completed,Mobile App,104.52
ORD103742,666277,67846,2025-01-30,2025-02-02,3,3994.09,0.0,West,UPI,Completed,Mobile App,83.86
ORD103743,971601,99553,2026-03-03,2026-03-08,3,541.02,0.0,West,Net Banking,Completed,Marketplace,46.01
ORD103744,807170,53143,2025-12-24,2025-12-27,1,2607.4,0.05,East,UPI,Completed,Mobile App,102.89
ORD103745,520596,23723,2025-02-07,2025-02-08,3,494.26,0.0,West,Cash on Delivery,Completed,Mobile App,151.44
ORD103746,521337,27124,2026-01-03,2026-01-05,1,723.73,0.0,East,UPI,Completed,Website,93.08
ORD103747,188500,23723,2025-09-24,2025-09-29,2,494.26,0.0,East,Credit Card,Completed,Website,101.76
ORD103748,983344,20351,2025-11-03,2025-11-07,1,623.86,0.1,North,Cash on Delivery,Completed,Website,41.9
ORD103749,363683,53143,2026-04-03,2026-04-04,2,2470.17,0.1,West,Credit Card,Completed,Website,87.57
ORD103750,126201,80616,2025-05-02,2025-05-05,1,1193.83,0.1,West,Net Banking,Completed,Mobile App,122.53
ORD103751,638474,47907,2025-12-06,2025-12-11,2,3834.38,0.05,West,Net Banking,Completed,Website,98.07
ORD103752,764915,21754,2025-11-26,2025-11-28,2,1324.39,0.0,North,PayPal,Returned,Mobile App,83.19
ORD103753,748766,83876,2026-05-04,2026-05-09,1,1398.68,0.0,East,Credit Card,Completed,Website,130.44
ORD103754,418418,96857,2025-08-11,2025-08-16,2,1057.45,0.0,North,Cash on Delivery,Completed,Mobile App,45.47
ORD103755,,20351,2026-04-22,2026-04-24,1,693.18,0.0,West,UPI,Completed,Mobile App,89.94
ORD103756,257381,67846,2025-03-24,2025-03-31,1,3994.09,0.0,North,UPI,Completed,Website,39.17
ORD103757,853329,47907,2025-04-27,2025-05-01,2,3834.38,0.05,South,Net Banking,Cancelled,Marketplace,77.94
ORD103758,989775,99553,2026-05-18,2026-05-22,1,541.02,0.0,South,Net Banking,Completed,Website,54.1
ORD103759,941623,94616,2026-03-21,2026-03-25,3,1312.5,0.0,South,UPI,Completed,Website,163.7
ORD103760,257678,39430,2025-08-04,2025-08-06,1,1485.26,0.15,East,UPI,Completed,Mobile App,59.51
ORD103761,981656,25780,13/09/2025,2025-09-14,1,526.97,0.0,East,Credit Card,Completed,Website,151.06
ORD103762,510981,28009,05-Sep-2025,2025-09-06,1,167.41,0.1,South,UPI,Cancelled,Website,157.59
ORD103763,806780,83876,2025-12-20,2025-12-25,1,1398.68,0.0,South,UPI,Returned,Mobile App,160.32
ORD103764,987249,96270,2025-04-20,2025-04-22,2,320.7,0.1,Central,Debit Card,Completed,Website,69.37
ORD103765,634991,40374,2025-03-21,2025-03-28,1,700.76,0.0,West,Cash on Delivery,Completed,Mobile App,65.03
ORD103766,740696,88270,2026-04-09,2026-04-16,1,1877.93,0.0,North,Credit Card,Completed,Mobile App,155.94
ORD103767,311118,96857,2026-06-10,2026-06-12,1,1057.45,0.0,West,UPI,Completed,Mobile App,59.69
ORD103768,590465,79501,2025-07-20,2025-07-20,4,3635.51,0.0,West,UPI,Cancelled,Website,115.0
ORD103769,213140,80616,2025-05-30,2025-06-02,1,1326.48,0.0,North,Cash on Delivery,Completed,Website,107.21
ORD103770,255887,79501,2025-06-10,2025-06-13,3,3635.51,0.0,North,Debit Card,Cancelled,Marketplace,139.61
ORD103771,147429,23723,2025-03-19,2025-03-23,2,469.55,0.05,West,Debit Card,Returned,Website,117.54
ORD103772,499200,80616,2025-09-23,,2,1127.51,0.15,North,UPI,Completed,Mobile App,90.96
ORD103773,600728,39430,2025-10-25,2025-10-27,1,1572.62,0.1,North,UPI,Completed,Website,115.23
ORD103774,510981,47907,2025-05-24,2025-05-25,1,4036.19,0.0,South,credit card,Completed,Website,45.54
ORD103775,502525,28009,2025-07-31,2025-08-02,1,148.81,0.2,Central,UPI,Completed,Mobile App,95.58
ORD103776,946703,39430,2026-05-21,2026-05-25,1,1659.99,0.05,North,UPI,Completed,Marketplace,62.03
ORD103777,545153,94616,2026-01-06,2026-01-08,1,1312.5,0.0,East,Credit Card,Completed,Marketplace,95.12
ORD103778,665049,67846,2026-01-20,2026-01-22,1,3994.09,0.0,South,Cash on Delivery,Completed,Mobile App,40.29
ORD103779,475655,59930,06/02/2026,2026-02-10,1,2187.22,0.15,South,Cash on Delivery,Completed,Mobile App,80.55
ORD103780,257381,20351,2026-04-23,2026-04-27,1,658.52,0.05,North,UPI,Completed,Mobile App,174.75
ORD103781,455093,40374,2025-12-27,2025-12-29,1,630.68,0.1,South,Credit Card,Completed,Website,110.24
ORD103782,670233,80616,2025-06-01,2025-06-06,4,1326.48,0.0,South,UPI,Pending,Website,131.91
ORD103783,903968,53143,2025-06-23,2025-06-25,4,2744.63,0.0,East,UPI,Completed,Website,93.3
ORD103784,981656,80616,2025-02-06,2025-02-08,2,1193.83,0.1,East,UPI,Completed,Website,141.48
ORD103785,499200,20351,2025-04-20,2025-04-22,3,693.18,0.0,North,PayPal,Completed,Mobile App,114.49
ORD103786,947085,67846,2025-12-10,2025-12-14,1,3994.09,0.0,Central,Credit Card,Pending,Mobile App,100.14
ORD103787,608777,96270,2025-09-02,2025-09-05,1,356.33,0.0,West,PayPal,Pending,Website,36.88
ORD103788,624404,20351,2025-06-07,2025-06-10,1,589.2,0.15,North,Net Banking,Completed,Website,126.58
ORD103789,263148,67846,2026-06-08,2026-06-13,2,3794.39,0.05,North,UPI,Completed,Website,150.51
ORD103790,941623,28009,2025-01-31,2025-02-01,1,186.01,0.0,South,UPI,Pending,Website,82.03
ORD103791,962018,83401,2026-06-06,2026-06-10,2,575.18,0.0,North,Credit Card,Completed,Website,83.09
ORD103792,311118,59930,2026-04-19,2026-04-21,1,2573.2,0.0,West,Net Banking,Returned,Mobile App,71.85
ORD103793,832149,67846,2026-02-23,2026-02-27,1,3994.09,0.0,South,UPI,Cancelled,Marketplace,105.12
ORD103794,411950,20351,2025-11-02,2025-11-05,1,693.18,0.0,West,UPI,Completed,Website,91.24
ORD103795,748766,96270,2025-10-13,2025-10-16,2,356.33,0.0,East,Debit Card,Completed,Website,91.47
ORD103796,547445,23723,2025-11-06,2025-11-07,3,420.12,0.15,West,Cash on Delivery,Completed,Mobile App,165.89
ORD103797,634991,20351,2025-04-04,2025-04-08,1,623.86,0.1,West,UPI,Completed,Mobile App,144.3
ORD103798,257678,59930,2026-01-30,2026-02-01,1,2187.22,0.15,East,PayPal,Pending,Mobile App,49.77
ORD103799,576647,83876,2025-03-17,2025-03-19,2,1328.75,0.05,North,Cash on Delivery,Completed,Mobile App,102.68
ORD103800,884995,79501,2026-05-23,2026-05-24,1,3635.51,0.0,East,Net Banking,Completed,Mobile App,58.76
ORD103801,996075,94616,2025-03-18,2025-03-21,3,1115.62,0.15,West,UPI,Completed,Mobile App,140.19
ORD103802,509415,20351,2025-12-02,2025-12-06,3,693.18,0.0,North,UPI,Completed,Website,99.4
ORD103803,508068,99553,2025-01-23,2025-01-24,4,541.02,0.0,East,Credit card,Completed,Website,102.55
ORD103804,715785,24857,2026-03-29,2026-04-01,1,441.07,0.0,South,Cash on Delivery,Completed,Mobile App,173.41
ORD103805,351483,59930,2026-02-06,2026-02-09,1,2315.88,0.1,South,Debit Card,Completed,Mobile App,41.9
ORD103806,255887,40374,2025-10-11,2025-10-16,1,700.76,0.0,North,Debit Card,Completed,Website,93.63
ORD103807,300385,24857,11-20-2025,2025-11-24,5,441.07,0.0,West,UPI,Completed,Website,67.73
ORD103808,752183,23723,2026-03-20,2026-03-23,1,494.26,0.0,Central,UPI,Completed,Website,105.49
ORD103809,590270,75277,2025-11-04,2025-11-07,3,235.33,0.0,West,UPI,Completed,Website,96.54
ORD103810,383221,20351,2025-04-03,2025-04-05,1,658.52,0.05,West,UPI,Completed,Marketplace,143.2
ORD103811,509415,23723,2025-10-30,2025-11-02,3,420.12,0.15,North,Net Banking,Completed,Mobile App,83.04
ORD103812,833912,67846,2025-10-10,2025-10-13,1,3994.09,0.0,North,Cash on Delivery,Completed,Mobile App,155.04
ORD103813,578458,23723,2025-09-25,2025-09-27,1,494.26,0.0,West,UPI,Completed,Mobile App,78.59
ORD103814,302380,53143,2025-01-23,2025-01-24,2,2470.17,0.1,West,Net Banking,Completed,Website,85.45
ORD103815,179970,53143,2025-09-30,2025-10-02,3,,0.0,Central,Credit Card,Completed,Website,173.27
ORD103816,807924,80616,2026-03-31,2026-04-05,1,1326.48,0.0,East,Cash on Delivery,Completed,Mobile App,116.35
ORD103817,451923,53143,2025-12-23,2025-12-26,2,2744.63,0.0,West,Cash on Delivery,Completed,Marketplace,161.97
ORD103818,509415,79501,2026-05-23,2026-05-25,1,3635.51,0.0,North,UPI,Completed,Marketplace,84.64
ORD103819,532996,53143,2025-12-19,2025-12-21,1,2332.94,0.15,South,Cash on Delivery,Completed,Mobile App,146.9
ORD103820,634991,20351,2026-06-10,2026-06-13,1,589.2,0.15,West,UPI,Completed,Website,57.25
ORD103821,634991,79501,2026-03-16,2026-03-19,4,,0.0,West,Credit Card,Completed,Website,88.01
ORD103822,752183,28009,2025-05-06,2025-05-08,1,186.01,0.0,Central,Debit Card,Completed,Mobile App,175.23
ORD103823,836208,28009,2026-03-25,2026-03-30,3,167.41,0.1,South,Credit Card,Completed,Mobile App,157.64
ORD103824,582439,25780,2025-05-13,2025-05-17,1,526.97,0.0,West,Net Banking,Completed,Mobile App,68.25
ORD103825,633700,43806,2025-02-18,2025-02-21,1,741.02,0.0,South,UPI,Cancelled,Mobile App,146.27
ORD103826,710265,24857,2026-03-03,2026-03-07,1,441.07,0.0,North,UPI,Completed,Website,115.05
ORD103827,920802,96857,2026-02-02,,1,1057.45,0.0,Central,Cash on Delivery,Returned,Marketplace,145.51
ORD103828,635958,59930,2026-01-05,2026-01-06,1,2444.54,0.05,North,UPI,Cancelled,Marketplace,37.05
ORD103829,499200,20351,2025-04-02,2025-04-05,3,693.18,0.0,North,Debit Card,Completed,Marketplace,63.08
ORD103830,998377,20351,2025-03-22,2025-03-25,3,693.18,0.0,South,UPI,Completed,Website,102.58
ORD103831,717322,21754,2025-03-18,2025-03-23,2,1324.39,0.0,North,UPI,Completed,Website,141.83
ORD103832,592020,67846,2026-05-21,2026-05-24,4,3794.39,0.05,East,UPI,Completed,Website,59.27
ORD103833,620517,20351,2026-04-20,2026-04-23,3,693.18,0.0,East,PayPal,Completed,Marketplace,55.6
ORD103834,262906,59930,17/06/2025,2025-06-20,1,2573.2,0.0,Central,Credit Card,Cancelled,Marketplace,51.0
ORD103835,996075,25780,2025-08-26,2025-08-31,1,526.97,0.0,West,Credit Card,Completed,Website,114.88
ORD103836,541876,59930,2025-02-25,2025-02-26,1,2573.2,0.0,South,UPI,Completed,Website,160.25
ORD103837,821239,27124,2026-03-25,2026-03-29,5,687.54,0.05,South,UPI,Completed,Marketplace,109.02
ORD103838,532996,28009,2025-03-17,2025-03-19,1,167.41,0.1,South,Net Banking,Completed,Marketplace,122.0
ORD103839,578458,25780,2025-03-15,2025-03-16,1,526.97,0.0,West,UPI,Completed,Marketplace,122.56
ORD103840,235450,99553,2025-07-03,2025-07-10,2,541.02,0.0,West,Credit Card,Completed,Website,44.32
ORD103841,311483,99553,2025-03-02,2025-03-03,1,541.02,0.0,Central,Net Banking,Completed,Mobile App,98.22
ORD103842,502910,96270,2025-01-13,2025-01-16,1,356.33,0.0,North,Cash on Delivery,Completed,Marketplace,75.14
ORD103843,300385,23723,2025-11-13,11-14-2025,1,494.26,0.0,West,UPI,Completed,Mobile App,99.92
ORD103844,897209,50462,2025-06-02,2025-06-06,1,161.17,0.0,West,Net Banking,Completed,Mobile App,61.04
ORD103845,378445,40374,2026-04-07,2026-04-08,1,700.76,0.0,South,Credit Card,Completed,Website,136.35
ORD103846,188494,99553,2025-08-02,2025-08-04,1,513.97,0.05,Central,UPI,Completed,Website,72.74
ORD103847,608777,83401,2025-07-13,2025-07-16,1,575.18,0.0,West,Credit Card,Completed,Marketplace,73.84
ORD103848,678199,94616,2025-04-03,2025-04-06,3,1246.88,0.05,West,UPI,Completed,Mobile App,93.14
ORD103849,188247,50462,2025-01-03,2025-01-06,1,161.17,0.0,East,Credit Card,Completed,Mobile App,69.87
ORD103850,836208,80616,2025-06-10,2025-06-14,3,1193.83,0.1,South,Credit Card,Completed,Marketplace,164.78
ORD103851,133215,59930,2026-01-30,2026-02-04,3,2058.56,0.2,South,Debit Card,Completed,Marketplace,125.53
ORD103852,821692,20351,2025-11-08,2025-11-15,2,,0.1,North,UPI,Completed,Mobile App,71.98
ORD103853,719823,23723,2025-07-30,2025-08-01,3,494.26,0.0,South,UPI,Completed,Mobile App,49.3
ORD103854,577818,96270,2025/03/29,2025-04-01,1,356.33,0.0,West,Cash on Delivery,Completed,Marketplace,75.91
ORD103855,925336,67846,2025-10-13,2025-10-17,1,3794.39,0.05,South,UPI,Completed,Marketplace,136.98
ORD103856,666277,75277,2025-06-01,2025-06-06,2,235.33,0.0,West,UPI,Completed,Website,175.63
ORD103857,302380,80616,2026-05-23,2026-05-24,1,1326.48,0.0,West,UPI,Completed,Mobile App,115.92
ORD103858,648631,99553,2025-03-25,2025-03-28,1,541.02,0.0,North,Net Banking,Returned,Mobile App,126.01
ORD103859,820397,80616,2026-04-27,2026-04-30,1,1326.48,0.0,Central,Debit Card,Returned,Mobile App,49.59
ORD103860,954224,23723,2025-03-31,2025-04-03,3,444.83,0.1,South,Credit Card,Completed,Marketplace,90.28
ORD103861,148259,53143,2026-06-19,,1,2744.63,0.0,Central,Debit Card,Completed,Marketplace,108.79
ORD103862,243466,40374,2026-01-15,2026-01-19,1,700.76,0.0,West,Debit Card,Completed,Website,134.0
ORD103863,715785,39430,2025-07-20,2025-07-27,3,1747.36,0.0,South,Cash on Delivery,Completed,Mobile App,74.97
ORD103864,611008,25780,2026-03-17,2026-03-19,2,526.97,0.0,West,Credit Card,Returned,Mobile App,51.71
ORD103865,521337,79501,2025-11-25,2025-11-28,1,3635.51,0.0,East,UPI,Completed,Website,158.68
ORD103866,752183,79501,2025-07-02,2025-07-03,4,3090.18,10%,Central,Net Banking,Completed,Website,43.06
ORD103867,511918,79501,2026-06-18,2026-06-20,1,3635.51,0.0,North,Credit Card,Completed,Mobile App,125.0
ORD103868,709183,25046,2025-01-19,2025-01-24,1,230.45,0.15,West,UPI,Completed,Website,144.57
ORD103869,578458,23723,2026-03-08,15/03/2026,1,494.26,0.0,West,UPI,Completed,Mobile App,126.06
ORD103870,707085,67846,2025-12-15,2025-12-18,1,3394.98,0.15,West,UPI,Completed,Marketplace,145.69
ORD103871,407648,21754,15-Feb-2025,2025-02-17,1,1059.51,0.2,North,UPI,Cancelled,Mobile App,149.36
ORD103872,608777,80616,2025-01-20,, 2 ,1260.16,0.05,West,Credit Card,Cancelled,Mobile App,57.71
ORD103873,545153,27124,2025-09-02,2025-09-03,2,723.73,0.0,East,Credit Card,Completed,Mobile App,110.94
ORD103874,724264,27124,2025-07-24,2025-07-28,3,723.73,0.0,North,Net Banking,Completed,Marketplace,54.12
ORD103875,159009,88270,2025-05-07,2025-05-14,3,1784.03,0.05,West,Net Banking,Completed,Website,168.63
ORD103876,509415,80616,2025-12-10,2025-12-15,1,1326.48,0.0,North,Cash on Delivery,Completed,Marketplace,134.19
ORD103877,520596,83876,2025-05-30,2025-05-30,1,1328.75,0.05,West,Credit Card,Cancelled,Mobile App,161.56
ORD103878,752183,67846,2025-09-08,2025-09-11,2,3994.09,0.0,Central,UPI,Pending,Mobile App,160.66
ORD103879,996075,80616,2025-05-14,2025-05-17,1,1326.48,0.0,West,UPI,Pending,Website,133.67
ORD103880,676737,67846,2025-05-21,2025-05-26,2,3994.09,0.0,Central,Debit Card,Completed,Mobile App,119.66
ORD103881,212394,47907,2025-04-25,2025-04-28,2,4036.19,0.0,West,Net Banking,Completed,Website,129.99
ORD103882,603177,80616,2026-01-22,2026-01-24,2,1326.48,0.0,South,UPI,Pending,Website,131.81
ORD103883,886175,83401,2025-05-14,,3,575.18,0.0,Central,Debit Card,Completed,Mobile App,63.93
ORD103884,506712,80616,2026-04-24,2026-05-01,2,1326.48,0.0,North,Cash on Delivery,Completed,Marketplace,101.56
ORD103885,128960,20351,2025-11-11,2025-11-18,1,623.86,0.1,South,Net Banking,Completed,Mobile App,117.35
ORD103886,715785,47907,2025-11-30,,1,3430.76,0.15,South,Debit Card,Completed,Marketplace,98.64
ORD103887,601488,59930,2025-10-15,2025-10-17,1,2444.54,0.05,South,UPI,Returned,Marketplace,166.35
ORD103888,410216,80616,2025-11-08,13/11/2025,4,1193.83,0.1,South,Credit Card,Completed,Mobile App,171.46
ORD103889,550242,83876,2025-10-21,2025-10-24,2,1118.94,0.2,South,Credit Card,Completed,Website,153.48
ORD103890,407648,96857,2026-04-09,2026-04-16,4,898.83,0.15,North,Debit Card,Completed,Website,38.83
ORD103891,310574,47907,2025-01-12,2025-01-13,2,3834.38,0.05,Central,Credit Card,Completed,Mobile App,106.38
ORD103892,804884,94616,2026-04-03,2026-04-07,1,1312.5,0.0,South,UPI,Completed,Marketplace,47.48
ORD103893,821239,20351,2025-06-29,2025-07-02,3,623.86,0.1,South,Debit Card,Completed,Mobile App,98.08
ORD103894,367830,94616,2026-06-23,2026-06-25,4,1312.5,0.0,North,UPI,Completed,Website,66.64
ORD103895,634991,39430,2026-04-22,2026-04-24,2,1397.89,0.2,West,Debit Card,Completed,Website,133.45
ORD103896,263148,47907,2025-03-20,2025-03-24,1,4036.19,0.0,North,Debit Card,Completed,Mobile App,176.1
ORD103897,453136,96857,2025-04-10,2025-04-12,2,1057.45,0.0,East,Cash on Delivery,Returned,Mobile App,61.81
ORD103898,257678,80616,2026-02-12,2026-02-14,2,1326.48,0.0,East,Cash on Delivery,Completed,Mobile App,166.1
ORD103899,152294,20351,2026-04-03,2026-04-06,2,589.2,0.15,West,UPI,Completed,Website,118.37
ORD103900,247829,83876,2026-02-18,2026-02-23,2,1398.68,0.0,West,Cash on Delivery,Returned,Marketplace,176.37
ORD103901,666277,99553,2026-03-05,2026-03-06,2,541.02,0.0,West,Credit Card,Completed,Website,146.69
ORD103902,344759,99553,2025-12-16,2025-12-17,4,486.92,0.1,Central,UPI,Completed,Website,163.59
ORD103903,648631,39430,2025-07-28,2025-07-29,1,1747.36,0.0,North,UPI,Completed,Mobile App,79.62
ORD103904,148259,75277,2026-06-01,,1,223.56,0.05,Central,PayPal,Completed,Website,113.19
ORD103905,670233,40374,2025-01-05,2025-01-08,1,700.76,0.0,South,UPI,Cancelled,Marketplace,90.34
ORD103906,670233,25046,2025-10-30,2025-10-31,1,230.45,0.15,South,UPI,Completed,Website,171.64
ORD103907,837919,28009,2025-01-23,2025-01-25,2,186.01,0.0,South,UPI,Completed,Website,69.69
ORD103908,590465,59930,2026-02-09,2026-02-12,2,2444.54,0.05,West,Credit Card,Completed,Website,121.31
ORD103909,247829,43806,2026-03-23,2026-03-27,3,741.02,0.0,West,Debit Card,Completed,Mobile App,142.98
ORD103910,235450,20351,2025-09-08,2025-09-15,1,589.2,0.15,West,UPI,Completed,Mobile App,99.89
ORD103911,578458,67846,2025-03-14,2025-03-17,3,3594.68,0.1,West,UPI,Completed,Mobile App,161.11
ORD103912,784164,67846,2025-11-24,2025-11-27,4,3394.98,0.15,North,Debit Card,Completed,Website,92.37
ORD103913,300385,67846,2025-02-28,2025-03-07,1,3794.39,0.05,West,Debit Card,Completed,Mobile App,51.03
ORD103914,968292,25780,2025-12-26,2025-12-28,2,500.62,0.05,West,Cash on Delivery,Completed,Marketplace,40.69
ORD103915,188500,83876,2025-02-21,2025-02-23,1,1258.81,0.1,East,Credit Card,Returned,Marketplace,130.95
ORD103916,738616,67846,2026-03-28,2026-04-01,-2,3794.39,0.05,West,UPI,Completed,Mobile App,45.25
ORD103917,505136,24857,2025-11-25,2025-11-28,2,396.96,0.1,West,Cash on Delivery,Completed,Mobile App,139.25
ORD103918,453136,25780,2026-04-27,2026-04-29,1,474.27,0.1,East,Credit Card,Completed,Mobile App,164.38
ORD103919,709183,28009,2025-10-18,2025-10-20,1,167.41,0.1,West,Credit Card,Pending,Marketplace,59.23
ORD103920,491764,20351,2026-04-14,2026-04-16,2,623.86,0.1,Central,UPI,Completed,Marketplace,163.71
ORD103921,164634,80616,2026-01-20,2026-01-24,1,1193.83,0.1,West,Credit Card,Completed,Website,169.1
ORD103922,608777,96857,2025-06-10,2025-06-15,1,1057.45,0.0,West,Net Banking,Completed,Website,146.41
ORD103923,215684,99553,2025-07-07,2025-07-10,4,541.02,0.0,South,Net Banking,Returned,Mobile App,56.95
ORD103924,205182,67846,2026-02-04,2026-02-08,2,3994.09,0.0,South,Credit Card,Completed,Marketplace,174.76
ORD103925,624404,96270,2025-12-04,2025-12-07,1,320.7,0.1,North,Credit Card,Completed,Marketplace,55.24
ORD103926,488226,94616,2026-02-12,2026-02-16,1,1312.5,0.0,South,Credit Card,Completed,Website,111.54
ORD103927,311483,20351,2026-02-13,2026-02-14,1,693.18,0.0,Central,Cash on Delivery,Completed,Website,138.55
ORD103928,981656,96270,2026-02-24,2026-02-27,1,356.33,0.0,East,Cash on Delivery,Returned,Website,164.36
ORD103929,710265,67846,2025-09-28,2025-09-29,2,0.0,0.0,North,Debit Card,Returned,Website,145.3
ORD103930,537950,59930,2025-11-29,2025-11-30,1,2187.22,0.15,East,UPI,Completed,Website,160.67
ORD103931,277952,67846,2025-09-08,2025-09-10,2,3994.09,0.0,South,Credit Card,Completed,Mobile App,90.42
ORD103932,550242,40374,2026-03-19,2026-03-20,1,630.68,0.1,South,Net Banking,Completed,Mobile App,73.25
ORD103933,454529,96270,2025-10-03,2025-10-05,1,320.7,0.1,West,Debit Card,Completed,Website,160.23
ORD103934,257678,80616,2025-12-30,2025-12-30,3,1260.16,0.05,East,Credit Card,Cancelled,Mobile App,101.67
ORD103935,524628,27124,2025-10-15,18-Oct-2025,1,651.36,0.1,East,Credit Card,Completed,Mobile App,131.62
ORD103936,576647,59930,2025-07-19,2025-07-22,3,2573.2,0.0,North,UPI,Completed,Website,173.5
ORD103937,152294,80616,2025-10-17,2025-10-21,1,1326.48,0.0,West,Cash on Delivery,Completed,Mobile App,81.85
ORD103938,451873,88270,2025-01-25,2025-01-28,2,1877.93,0.0,North,UPI,Completed,Website,44.95
ORD103939,456776,25046,2026-06-10,2026-06-13,1,271.12,0.0,West,UPI,Completed,Marketplace,148.65
ORD103940,655109,23723,2025-01-16,2025-01-19,1,494.26,0.0,North,UPI,Completed,Marketplace,51.57
ORD103941,262607,25780,2025-05-12,2025-05-17,1,526.97,0.0,South,PayPal,Completed,Mobile App,166.59
ORD103942,593800,83401,2025-02-12,2025-02-14,1,546.42,0.05,Central,Credit Card,Completed,Website,72.65
ORD103943,459160,59930,2025-09-08,,2,2058.56,0.2,West,Net Banking,Pending,Mobile App,41.73
ORD103944,778380,83401,2025-03-22,2025-03-25,1,575.18,0.0,West,Credit Card,Completed,Website,36.72
ORD103945,177793,39430,2025-09-26,2025-09-30,2,1747.36,0.0,West,Debit Card,Returned,Website,113.72
ORD103946,156175,47907,2025-11-28,2025-12-03,1,4036.19,0.0,South,PayPal,Completed,Marketplace,50.96
ORD103947,555985,83401,2025-09-06,2025-09-09,1,517.66,0.1,East,Credit Card,Completed,Mobile App,118.33
ORD103948,718525,27124,2026-03-19,2026-03-22,4,687.54,0.05,West,Cash on Delivery,Pending,Website,92.63
ORD103949,969755,80616,2025-04-03,2025-04-08,3,1326.48,0.0,West,Debit Card,Cancelled,Website,144.5
ORD103950,553490,67846,2025-07-20,2025-07-21,2,3994.09,0.0,West,UPI,Completed,Website,115.79
ORD103951,813405,80616,2025-12-05,2025-12-10,1,1193.83,0.1,South,Cash on Delivery,Completed,Mobile App,65.62
ORD103952,311118,96857,2025-04-08,2025-04-10,3,1057.45,0.0,West,UPI,Completed,Marketplace,71.16
ORD103953,784164,83876,2025-06-10,2025-06-13,1,1398.68,0.0,North,Cash on Delivery,Completed,Marketplace,128.98
ORD103954,505136,83401,28/05/2026,2026-05-30,1,575.18,0.0,West,UPI,Completed,Mobile App,76.16
ORD103955,215684,20351,2025-05-26,2025-05-29,1,693.18,0.0,South,Credit Card,Cancelled,Mobile App,69.2
ORD103956,532932,67846,2026-02-04,2026-02-08,1,3994.09,0.0,West,Net Banking,Completed,Mobile App,121.1
ORD103957,624404,20351,2025-06-04,2025-06-05,1,623.86,0.1,North,Credit card,Completed,Marketplace,35.1
ORD103958,752183,53143,2025-07-24,2025-07-26,1,2470.17,0.1,Central,Debit Card,Completed,Website,64.88
ORD103959,509415,83401,2026-04-24,2026-04-27,1,575.18,0.0,North,Debit Card,Pending,Marketplace,84.13
ORD103960,715785,67846,2025-12-10,2025-12-11,2,3394.98,0.15,South,Net Banking,Cancelled,Mobile App,156.95
ORD103961,958204,80616,2025-05-17,2025-05-20,2,1326.48,0.0,South,Debit Card,Completed,Website,47.43
ORD103962,590465,99553,2025-07-18,2025-07-22,2,513.97,0.05,West,Net Banking,Completed,Website,172.5
ORD103963,453136,25780,2025-02-08,2025-02-13,2,500.62,0.05,East,UPI,Completed,Website,140.24
ORD103964,410043,40374,2026-06-21,2026-06-24,2,665.72,0.05,North,UPI,Completed,Mobile App,73.51
ORD103965,545153,43806,2026-02-05,2026-02-07,2,703.97,0.05,East,UPI,Cancelled,Website,56.72
ORD103966,507954,20351,2025-04-03,2025-04-06,2,658.52,0.05,West,Credit Card,Completed,Website,67.41
ORD103967,188500,20351,2026-02-27,2026-03-03,2,623.86,0.1,East,Credit Card,Completed,Mobile App,163.4
ORD103968,407648,75277,2025-01-19,2025-01-24,2,235.33,0.0,North,Debit Card,Completed,Website,129.23
ORD103969,521337,99553,2025-11-23,2025-11-24,1,486.92,0.1,East,UPI,Returned,Mobile App,73.48
ORD103970,300385,43806,2026-03-16,2026-03-19,1,741.02,0.0,West,Cash on Delivery,Completed,Website,141.33
ORD103971,491764,67846,2026-03-02,2026-03-05,1,3394.98,0.15,Central,UPI,Returned,Website,175.63
ORD103972,232362,25780,2025-11-04,2025-11-05,2,526.97,0.0,West ,UPI,Cancelled,Mobile App,62.57
ORD103973,968630,28009,04-05-2026,2026-04-12,2,186.01,0.0,North,UPI,Returned,Website,92.87
ORD103974,509415,67846,2026-03-10,2026-03-14,2,3594.68,0.1,North,Debit Card,Completed,Marketplace,56.37
ORD103975,790987,20351,2025-11-05,2025-11-09,3,693.18,0.0,West,Credit Card,Completed,Mobile App,68.95
ORD103976,164634,99553,2025-01-16,2025-01-19,1,486.92,0.1,West,UPI,Completed,Mobile App,153.15
ORD103977,502144,28009,2025-12-29,2026-01-03,1,158.11,0.15,North,UPI ,Completed,Mobile App,153.59
ORD103978,507954,25046,2026-05-26,2026-05-28,1,271.12,0.0,West,UPI,Completed,Mobile App,64.88
ORD103979,223768,75277,2025-04-04,2025-04-06,2,235.33,0.0,Central,UPI,Completed,Mobile App,84.42
ORD103980,642011,23723,2025-11-11,2025-11-13,2,469.55,0.05,East,UPI,Completed,Website,140.07
ORD103981,547445,40374,2025-11-16,2025-11-18,1,665.72,0.05,West,Credit Card,Returned,Website,52.04
ORD103982,232362,23723,2025-07-19,2025-07-23,1,494.26,0.0,South,Net Banking,Pending,Mobile App,146.16
ORD103983,807924,83401,2025-04-26,2025-04-30,1,488.9,0.15,East,Debit Card,Completed,Mobile App,109.12
ORD103984,520596,23723,2025-10-15,2025-10-17,1,420.12,0.15,West,Net Banking,Completed,Marketplace,112.13
ORD103985,666277,21754,2025-05-23,2025-05-27,-1,1324.39,0.0,West,Debit Card,Pending,Website,61.09
ORD103986,901934,23723,2025-08-03,2025-08-06,1,494.26,0.0,East,Net Banking,Completed,Website,149.73
ORD103987,883666,83876,2025-11-20,2025-11-24,1,1398.68,0.0,North,Cash on Delivery,Completed,Website,79.46
ORD103988,287271,27124,2025-01-09,2025-01-11,2,,0.0,East,UPI,Completed,Mobile App,46.03
ORD103989,837919,88270,2025-04-09,2025-04-13,1,1690.14,0.1,South,UPI,Completed,Marketplace,62.88
ORD103990,235450,67846,2025-02-04,2025-02-05,1,3794.39,0.05,West,Credit Card,Returned,Marketplace,127.83
ORD103991,287271,24857,2026-06-30,2026-07-02,1,441.07,0.0,East,UPI,Completed,Marketplace,42.25
ORD103992,363683,80616,2026-05-08,2026-05-09,1,1260.16,0.05,West,UPI,Completed,Marketplace,175.08
ORD103993,257678,21754,2025-08-19,2025-08-20,3,1258.17,0.05,East,Credit Card,Completed,Website,57.69
ORD103994,981656,67846,2025-02-11,2025-02-16,2,3594.68,0.1,East,Debit Card,Completed,Mobile App,93.36
ORD103995,505136,50462,2025-06-08,2025-06-11,1,161.17,0.0,West,Cash on Delivery,Completed,Website,87.58
ORD103996,265020,25780,2025-03-03,2025-03-07,1,474.27,0.1,East,Net Banking,Completed,Website,134.91
ORD103997,648631,53143,2025-10-01,2025-10-05,5,2470.17,0.1,North,Net Banking,Pending,Website,88.5
ORD103998,221705,28009,2026-05-28,2026-05-31,2,158.11,0.15,West,UPI,Returned,Mobile App,108.42
ORD103999,634991,20351,2026-01-15,2026-01-20,1,693.18,0.0,West,Cash on Delivery,Completed,Marketplace,73.58
ORD104000,262607,96270,2025-09-02,2025-09-09,3,320.7,0.1,South,Cash on Delivery,Completed,Marketplace,113.66
ORD104001,901934,94616,2026-04-22,2026-04-27,2,1312.5,0.0,East,UPI,Completed,Marketplace,56.09
ORD104002,734356,40374,2025-07-08,2025-07-15,1,700.76,0.0,Central,Cash on Delivery,Completed,Mobile App,137.37
ORD104003,235450,83876,2026-05-10,2026-05-13,4,1398.68,0.0,West,Debit Card,Completed,Mobile App,159.84
ORD104004,591216,80616,2025-11-28,2025-12-02,4,1326.48,0.0,West,Cash on Delivery,Pending,Website,88.0
ORD104005,,23723,2025-09-25,2025-09-26,1,420.12,0.15,West,PayPal,Completed,Website,96.6
ORD104006,782094,99553,10-Dec-2025,2025-12-14,4,541.02,0.0,West,UPI,Completed,Mobile App,96.91
ORD104007,740696,80616,2025-01-10,2025-01-12,1,1127.51,0.15,North,Cash on Delivery,Completed,Website,104.84
ORD104008,983577,20351,2025-07-19,2025-07-23,3,589.2,0.15,South,UPI,Completed,Mobile App,120.71
ORD104009,382701,39430,2026-04-23,2026-04-24,1,1572.62,0.1,West,Cash on Delivery,Pending,Mobile App,101.82
ORD104010,521337,80616,2026-03-01,2026-03-05,2,1193.83,0.1,East,Cash on Delivery,Pending,Website,120.46
ORD104011,492901,67846,2025-05-10,2025-05-14,3,3594.68,0.1,South,Debit Card,Completed,Website,68.03
ORD104012,384470,99553,2025-10-02,2025-10-07,1,513.97,0.05,West,PayPal,Completed,Website,136.52
ORD104013,509415,53143,2025-08-19,2025-08-21,2,2744.63,0.0,North,Credit Card,Completed,Website,109.27
ORD104014,479414,59930,2025-12-12,2025-12-19,1,2315.88,0.1,North,Credit Card,Completed,Website,162.49
ORD104015,553490,96857,2026-01-16,2026-01-17,1,1057.45,0.0,West,Net Banking,Completed,Mobile App,81.3
ORD104016,418418,59930,2025-09-09,2025-09-12,1,2573.2,0.0,North,Cash on Delivery,Cancelled,Website,155.8
ORD104017,746968,96857,2025-12-19,2025-12-24,1,951.7,0.1,West,UPI,Completed,Website,162.56
ORD104018,901441,99553,2025-09-10,2025-09-13,1,541.02,0.0,South,Credit Card,Completed,Website,99.21
ORD104019,887590,39430,2025-06-29,2025-07-01,3,1747.36,0.0,North,UPI,Completed,Website,98.36
ORD104020,996075,83876,2026-03-27,2026-03-31,1,1398.68,0.0,West,UPI,Completed,Website,88.68
ORD104021,131550,20351,2025-11-13,2025-11-18,2,693.18,0.0,West,Debit Card,Completed,Mobile App,58.79
ORD104022,287271,88270,2025-11-26,2025-11-29,1,1784.03,0.05,East,PayPal,Returned,Website,129.52
ORD104023,372970,23723,2026-06-24,2026-06-25,1,494.26,0.0,Central,UPI,Completed,Mobile App,173.1
ORD104024,262906,28009,2025-10-12,2025-10-15,1,148.81,0.2,Central,Credit Card,Pending,Mobile App,123.51
ORD104025,383221,24857,2026-05-01,2026-05-03,1,396.96,0.1,West,Cash on Delivery,Completed,Marketplace,91.15
ORD104026,287271,83876,2025-01-16,2025-01-19,1,1188.88,0.15,East,UPI,Completed,Mobile App,146.68
ORD104027,287271,23723,2026-05-08,2026-05-15,1,494.26,0.0,East,UPI,Completed,Mobile App,49.14
ORD104028,908789,23723,2026-01-03,2026-01-07,1,469.55,0.05,West,UPI,Completed,Website,78.75
ORD104029,724264,25780,2025-04-13,2025-04-14,1,500.62,0.05,North,Credit Card,Completed,Mobile App,145.01
ORD104030,638474,67846,2026-02-06,2026-02-10,1,3794.39,0.05,West,UPI,Pending,Mobile App,119.8
ORD104031,767922,59930,2026-05-31,2026-06-04,1,2573.2,0.0,West,Cash on Delivery,Completed,Mobile App,82.38
ORD104032,372970,83401,2026-05-29,, 4 ,575.18,0.0,Central,UPI,Completed,Mobile App,158.33
ORD104033,784164,59930,2025-09-29,2025-09-30,2,2573.2,0.0,North,Net Banking,Pending,Website,131.52
ORD104034,715785,50462,2025-03-22,2025-03-26,1,161.17,0.0,South,UPI,Completed,Website,48.33
ORD104035,908789,20351,2026-06-05,2026-06-09,1,693.18,0.0,West,UPI,Completed,Mobile App,160.99
ORD104036,814369,83401,2025-06-11,2025-06-13,2,0.0,0.0,North,UPI,Completed,Website,55.14
ORD104037,603177,94616,2025-09-11,2025-09-15,1,1312.5,0.0,South,Cash on Delivery,Completed,Marketplace,83.49
ORD104038,590270,96857,2025-12-26,2025-12-30,1,951.7,0.1,West,UPI,Completed,Website,171.46
ORD104039,981656,20351,2025-11-02,2025-11-07,2,589.2,0.15,East,Credit Card,Completed,Marketplace,171.08
ORD104040,603177,59930,2025-03-09,2025-03-12,4,2573.2,0.0,South,Credit Card,Completed,Mobile App,117.59
ORD104041,620517,83401,2025-08-22,2025-08-27,2,575.18,0.0,East,Debit Card,Returned,Marketplace,42.58
ORD104042,509415,83401,2025-02-26,2025-03-01,1,517.66,0.1,North,Cash on Delivery,Cancelled,Marketplace,127.59
ORD104043,710265,83401,2026-06-03,2026-06-05,1,546.42,0.05,North,UPI,Completed,Website,67.8
ORD104044,863492,67846,2026-01-21,2026-01-25,1,3994.09,0.0,Central,Cash on Delivery,Completed,Mobile App,112.95
ORD104045,529195,27124,2025-08-24,2025-08-24,1,723.73,0.0,South,UPI,Cancelled,Mobile App,131.63
ORD104046,593800,40374,2025-09-11,2025-09-12,1,595.65,0.15,Central,Cash on Delivery,Completed,Website,155.81
ORD104047,981656,80616,2026-01-13,2026-01-17,3,1326.48,0.0,East,Net Banking,Returned,Website,61.17
ORD104048,681114,47907,2025-04-01,2025-04-04,1,4036.19,0.0,East,UPI,Completed,Website,72.01
ORD104049,836203,27124,2025-09-30,2025-10-05,1,615.17,0.15,North,UPI,Pending,Website,160.08
ORD104050,179644,23723,2025-05-05,2025-05-08,2,494.26,0.0,West,Cash on Delivery,Completed,Marketplace,72.84
ORD104051,329636,53143,2025-05-18,2025-05-22,1,2744.63,0.0,West,Cash on Delivery,Completed,Marketplace,90.6
ORD104052,662543,67846,2026-05-14,2026-05-16,4,3994.09,0.0,West,Net Banking,Pending,Website,81.75
ORD104053,634991,24857,2026-05-04,2026-05-06,2,441.07,0.0,West,UPI,Completed,Marketplace,174.73
ORD104054,710265,40374,2026-05-16,2026-05-19,1,700.76,0.10,North,Cash on Delivery,Completed,Website,84.39
ORD104055,994768,99553,2025-01-01,2025-01-02,3,541.02,0.0,East,Cash on Delivery,Completed,Mobile App,128.57
ORD104056,265020,20351,01-Nov-2025,2025-11-03,1,693.18,0.0,South,Credit Card,Completed,Marketplace,74.17
ORD104057,242097,83876,2025-08-03,2025-08-07,2,1398.68,0.0,West,Cash on Delivery,Cancelled,Mobile App,108.27
ORD104058,235450,53143,2025-08-29,2025-09-02,1,2744.63,0.0,West,Debit Card,Pending,Website,111.98
ORD104059,732665,23723,2025-04-26,2025-04-28,2,469.55,0.05,Central,UPI,Returned,Mobile App,49.35
ORD104060,851135,23723,2025-08-28,2025-08-31,2,469.55,0.05,South,Cash on Delivery,Returned,Marketplace,91.37
ORD104061,746968,27124,2025-11-17,2025-11-22,1,615.17,0.15,West,PayPal,Completed,Website,131.56
ORD104062,987249,23723,2025-07-18,2025-07-19,3,494.26,0.0,Central,Net Banking,Completed,Marketplace,101.74
ORD104063,445845,20351,2025-09-09,2025-09-12,1,693.18,0.0,East,UPI,Completed,Mobile App,59.59
ORD104064,555985,20351,2025-03-27,2025-04-03,3,623.86,0.1,East,Credit Card,Completed,Website,130.07
ORD104065,194792,27124,2025-09-09,2025-09-10,1,723.73,0.0,South,Credit Card,Completed,Website,95.19
ORD104066,756713,59930,2026-01-16,2026-01-19,1,2573.2,0.0,West,Net Banking,Completed,Website,177.6
ORD104067,784164,20351,2025-01-08,2025-01-12,1,658.52,0.05,North,UPI,Returned,Mobile App,137.01
ORD104068,418418,67846,2025-09-20,2025-09-23,3,3994.09,0.0,North,Cash on Delivery,Completed,Website,79.58
ORD104069,410216,40374,2025-09-08,2025-09-10,1,700.76,0.0,South,UPI,Completed,Mobile App,131.65
ORD104070,836203,88270,2025-08-15,2025-08-16,1,1877.93,0.0,North,Credit Card,Completed,Website,168.91
ORD104071,889450,67846,2025-12-10,2025-12-15,1,3594.68,0.1,South,UPI,Completed,Website,120.12
ORD104072,417546,99553,2025-02-16,2025-02-23,3,541.02,0.0,North,upi,Cancelled,Mobile App,56.19
ORD104073,919927,59930,2026-03-14,2026-03-18,1,2444.54,0.05,North,Debit Card,Completed,Website,67.41
ORD104074,807170,94616,2026-02-24,2026-02-28,1,1312.5,0.0,East,UPI,Cancelled,Mobile App,162.59
ORD104075,876105,59930,2025-11-07,2025-11-09,1,2444.54,0.05,East,Cash on Delivery,Pending,Website,84.9
ORD104076,509415,59930,2025-02-17,2025-02-20,1,2315.88,0.1,North,Cash on Delivery,Pending,Mobile App,40.35
ORD104077,292119,47907,2025-11-09,2025-11-16,5,4036.19,0.0,West,Credit Card,Completed,Website,51.43
ORD104078,863492,53143,2025-04-03,2025-04-06,2,2744.63,0.0,Central,Cash on Delivery,Completed,Website,75.02
ORD104079,451873,75277,2026-02-23,2026-02-28,3,235.33,0.0,North,PayPal,Completed,Mobile App,150.89
ORD104080,578458,67846,2026-05-05,2026-05-07,1,3594.68,0.1,West,Net Banking,Completed,Website,170.81
ORD104081,666877,83876,2025-09-25,2025-09-28,1,1398.68,0.0,East,UPI,Completed,Marketplace,93.83
ORD104082,611527,99553,2025-06-24,2025-06-26,1,541.02,0.0,South,UPI,Returned,Mobile App,43.64
ORD104083,328394,59930,2025-05-06,2025-05-10,1,2573.2,0.0,South,Net Banking,Completed,Marketplace,80.46
ORD104084,648631,50462,2025-03-14,2025-03-16,4,161.17,0.0,North,Cash on Delivery,Returned,Website,109.38
ORD104085,761892,27124,2025-11-30,2025-12-02,1,615.17,0.15,South,UPI,Completed,Marketplace,52.12
ORD104086,300385,50462,2025-08-06,2025-08-09,1,153.11,0.05,West,Debit Card,Completed,Website,42.07
ORD104087,648433,83876,2025-02-25,2025-02-27,2,1328.75,0.05,West,Net Banking,Completed,Mobile App,112.3
ORD104088,782094,79501,2025-05-09,2025-05-12,2,3635.51,0.0,West,Credit Card,Returned,Mobile App,74.18
ORD104089,418418,20351,2025-05-27,,1,693.18,0.0,North,UPI,Completed,Website,143.25
ORD104090,507954,28009,2026-03-18,2026-03-21,1,186.01,0.0,West,Cash on Delivery,Completed,Website,147.19
ORD104091,509415,39430,2026-03-07,2026-03-09,2,1747.36,0.0,North,UPI,Completed,Mobile App,142.99
ORD104092,510981,96270,2025-03-31,2025-04-02,1,356.33,0.0,South,Cash on Delivery,Completed,Mobile App,91.26
ORD104093,938019,53143,2025-12-19,,1,2470.17,0.1,South,Net Banking,Completed,Website,51.69
ORD104094,823362,80616,18/03/2025,2025-03-20,1,1193.83,0.1,South,Debit Card,Completed,Mobile App,105.29
ORD104095,676737,25780,2025-02-21,2025-02-26,1,526.97,0.0,Central,Debit Card,Pending,Mobile App,112.9
ORD104096,545153,88270,2026-01-06,2026-01-08,1,1690.14,0.1,East,Credit Card,Completed,Marketplace,60.8
ORD104097,370445,67846,2025-11-01,2025-11-03,1,3594.68,0.1,South,UPI,Cancelled,Marketplace,85.1
ORD104098,715785,83876,2025-01-10,2025-01-15,1,1398.68,0.0,South,UPI,Completed,Mobile App,153.25
ORD104099,212394,21754,2025-04-04,2025-04-06,1,1191.95,0.1,West,Net Banking,Completed,Mobile App,40.76
ORD104100,453136,59930,2025-04-07,,1,2573.2,0.0,East,Net Banking,Cancelled,Website,163.62
ORD104101,236024,88270,2026-03-23,2026-03-25,3,1877.93,0.0,North,Cash on Delivery,Completed,Mobile App,60.48
ORD104102,455422,20351,2025-09-27,2025-09-25,3,693.18,0.0,South,UPI,Completed,Mobile App,91.22
ORD104103,410043,23723,2025-04-08,2025-04-09,3,444.83,0.1,North,Credit Card,Completed,Marketplace,72.85
ORD104104,766286,79501,2025-10-16,2025-10-20,1,3453.73,0.05,Central,UPI,Completed,Website,151.52
ORD104105,889427,59930,2025-10-02,2025-10-07,2,2573.2,0.0,North,UPI,Completed,Website,66.61
ORD104106,989775,28009,2025-06-01,2025-06-04,2,167.41,0.1,South,Cash on Delivery,Completed,Website,77.59
ORD104107,920802,67846,2025-04-11,2025-04-14,1,3994.09,0.0,Central,Net Banking,Cancelled,Mobile App,93.05
ORD104108,418165,53143,2025-11-30,2025-12-04,1,2744.63,0.0,South,Net Banking,Completed,Mobile App,43.39
ORD104109,418418,83876,2025-12-03,2025-12-06,1,1118.94,0.2,North,PayPal,Completed,Website,109.13
ORD104110,,25046,2025-01-30,2025-02-02,1,271.12,0.0,East,UPI,Completed,Mobile App,154.17
ORD104111,134784,20351,2025-10-27,2025-10-29,5,589.2,0.15,North,Cash on Delivery,Completed,Website,166.76
ORD104112,945264,99553,2025-06-21,2025-06-26,1,541.02,0.0,South,Credit Card,Completed,Marketplace,38.27
ORD104113,593800,39430,2026-06-24,2026-06-28,3,1747.36,0.0,Central,Debit Card,Returned,Marketplace,46.85
ORD104114,509415,83401,2026-04-02,2026-04-04,2,517.66,0.1,North,UPI,Completed,Website,67.04
ORD104115,294304,53143,2025-04-05,2025-04-06,3,2744.63,0.0,North,Credit Card,Completed,Mobile App,57.34
ORD104116,550242,53143,2025-03-19,2025-03-24,2,2744.63,0.0,South,Debit Card,Completed,Mobile App,134.73
ORD104117,165278,59930,2025-11-19,2025-11-26,2,2315.88,0.1,West,UPI,Completed,Website,77.34
ORD104118,901934,23723,2025-07-17,2025-07-21,2,494.26,0.0,East,Credit Card,Completed,Website,111.95
ORD104119,624404,67846,2025-11-16,2025-11-20,3,3394.98,0.15,North,UPI,Completed,Website,37.49
ORD104120,670968,80616,2026-05-31,2026-06-03,3,1193.83,0.1,South,Cash on Delivery,Returned,Website,142.65
ORD104121,905138,80616,2026-01-31,2026-02-02,2,1193.83,0.1,South,Cash on Delivery,Returned,Website,112.92
ORD104122,935164,20351,2026-06-15,2026-06-18,2,623.86,0.1,East,UPI,Completed,Mobile App,175.88
ORD104123,951867,47907,2025-04-08,2025-04-13,1,3834.38,0.05,South,PayPal,Completed,Mobile App,84.92
ORD104124,724264,59930,2025-08-16,2025-08-18,1,2573.2,0.0,North,UPI,Completed,Website,114.17
ORD104125,508068,80616,2025-02-02,2025-02-06,3,1193.83,0.1,East,Cash on Delivery,Completed,Mobile App,71.86
ORD104126,670233,83876,2026-02-20,2026-02-23,2,1188.88,0.15,South,UPI,Completed,Mobile App,51.95
ORD104127,555985,53143,2026-02-11,2026-02-16,1,2744.63,0.0,East,Credit Card,Completed,Mobile App,89.85
ORD104128,761301,99553,2026-02-02,2026-02-04,1,513.97,0.05,West,Net Banking,Completed,Website,87.22
ORD104129,133215,88270,2025-08-30,2025-09-04,3,1877.93,0.0,South,Cash on Delivery,Completed,Website,64.56
ORD104130,509415,23723,2025-01-28,2025-01-31,2,469.55,0.05,North,credit card,Completed,Website,129.33
ORD104131,287271,40374,2025-07-08,2025-07-10,1,700.76,0.0,East,Credit Card,Completed,Website,121.53
ORD104132,648844,67846,2025-07-18,2025-07-22,1,3994.09,0.0,West,Net Banking,Pending,Mobile App,50.78
ORD104133,510981,83401,2025-10-06,2025-10-09,3,546.42,0.05,South,Net Banking,Returned,Mobile App,122.35
ORD104134,740696,25780,2025/10/13,2025-10-20,2,474.27,0.1,North,Credit Card,Completed,Marketplace,130.85
ORD104135,894372,20351,05-25-2025,2025-05-30,1,623.86,0.1,Central,UPI,Completed,Marketplace,120.78
ORD104136,996075,80616,2025-07-14,2025-07-17,1,1193.83,0.1,West,UPI,Completed,Mobile App,71.76
ORD104137,152294,23723,2025-02-04,2025-02-08,2,494.26,0.0,West,Cash on Delivery,Completed,Mobile App,157.62
ORD104138,559636,50462,2025-08-25,2025-08-28,1,128.94,0.2,South,Cash on Delivery,Completed,Marketplace,87.97
ORD104139,804884,25780,2025-05-01,2025-05-02,1,526.97,0.0,South,UPI,Completed,Website,139.87
ORD104140,100900,88270,2026-04-23,2026-04-28,2,1784.03,0.05,West ,UPI ,Completed,Mobile App,70.08
ORD104141,883666,83401,2026-01-30,2026-02-03,1,575.18,0.0,North,UPI,Completed,Mobile App,129.77
ORD104142,954224,96857,2025-07-15,2025-07-17,1,898.83,0.15,South,Net Banking,Completed,Mobile App,159.22
ORD104143,707085,27124,2026-04-24,04-28-2026,2,651.36,0.1,West,Credit Card,Completed,Mobile App,44.23
ORD104144,866195,94616,2026-01-06,2026-01-10,2,1312.5,0.0,West,UPI,Pending,Website,139.19
ORD104145,411950,79501,2025-06-12,2025-06-14,1,3635.51,0.0,West,UPI,Pending,Mobile App,156.61
ORD104146,718525,83876,2026-02-12,2026-02-15,1,1328.75,0.05,West,UPI,Pending,Marketplace,120.07
ORD104147,606624,39430,2026-05-24,2026-05-29,1,1747.36,0.10,West,UPI,Completed,Mobile App,125.97
ORD104148,507954,59930,2025-04-25,2025-04-29,1,2187.22,0.15,West,UPI,Completed,Website,146.28
ORD104149,300385,75277,2025-03-10,2025-03-12,3,235.33,0.0,West,Credit Card,Completed,Marketplace,36.58
ORD104150,291897,43806,2026-05-01,2026-05-06,1,741.02,0.0,North,UPI,Completed,Website,128.97
ORD104151,707415,53143,2026/01/13,2026-01-15,2,2470.17,0.1,North,UPI,Completed,Website,134.75
ORD104152,550242,59930,2025-12-18,2025-12-25,2,2187.22,0.15,South,UPI,Completed,Website,158.12
ORD104153,534430,80616,2026-01-09,2026-01-13,1,1326.48,0.0,West,Net Banking,Completed,Mobile App,39.76
ORD104154,761301,83401,2025-09-18,2025-09-21,1,575.18,0.0,West,Credit Card,Returned,Marketplace,143.14
ORD104155,904239,88270,2025-08-11,2025-08-12,1,1877.93,0.0,East,UPI,Completed,Mobile App,41.9
ORD104156,507954,83876,2026-01-29,2026-01-31,1,1258.81,0.1,West,Credit Card,Completed,Website,53.45
ORD104157,787474,20351,2025-03-05,2025-03-08,1,589.2,0.15,South,Net Banking,Completed,Website,117.0
ORD104158,407648,83876,2026-04-10,2026-04-15,1,1328.75,0.05,North,Debit Card,Completed,Website,36.39
ORD104159,521337,79501,28/04/2026,2026-05-01,1,3271.96,0.1,East,Credit Card,Cancelled,Website,50.17
ORD104160,715785,67846,2026-05-25,2026-05-28,2,3994.09,0.0,South,UPI,Completed,Website,61.54
ORD104161,847019,53143,2026-05-15,2026-05-20,2,2744.63,0.0,West,UPI,Returned,Mobile App,132.06
ORD104162,353016,39430,2026-03-21,2026-03-24,1,1747.36,0.0,North,UPI,Completed,Mobile App,84.48
ORD104163,608777,67846,2026-05-14,2026-05-17,1,3994.09,0.0,West,Debit Card,Completed,Mobile App,78.44
ORD104164,545153,43806,2025-11-13,2025-11-15,1,741.02,0.0,East,Cash on Delivery,Completed,Mobile App,130.6
ORD104165,662543,83876,2025-05-02,2025-05-04,2,1398.68,0.0,West,UPI,Completed,Website,36.21
ORD104166,710265,79501,2025-09-03,2025-09-06,1,3635.51,0.0,North,Debit Card,Completed,Website,124.13
ORD104167,555985,80616,2025-11-21,2025-11-25,1,1326.48,0.0,East,UPI,Completed,Mobile App,177.06
ORD104168,257678,83876,2026-02-18,2026-02-21,1,1328.75,0.05,East,UPI,Completed,Mobile App,62.34
ORD104169,917278,94616,2025-05-17,2025-05-24,3,1312.5,0.0,North,PayPal,Completed,Marketplace,93.41
ORD104170,277952,80616,2026-04-01,2026-04-03,1,1326.48,0.0,South,UPI,Completed,Mobile App,175.26
ORD104171,840889,23723,2026-06-18,2026-06-18,2,494.26,0.0,North,Credit Card,Cancelled,Mobile App,137.52
ORD104172,283517,83876,2025-10-21,2025-10-26,1,1398.68,0.0,South,Net Banking,Completed,Marketplace,167.3
ORD104173,300385,83401,2025-03-01,2025-03-05,1,575.18,0.0,West,UPI,Completed,Website,43.32
ORD104174,707415,80616,2025-04-08,2025-04-10,1,1127.51,0.15,North,Net Banking,Completed,Website,99.86
ORD104175,981656,23723,2026-03-11,2026-03-13,1,,0.0,East,UPI,Completed,Website,150.57
ORD104176,628210,83401,2025-09-15,2025-09-17,1,575.18,0.0,Central,UPI,Pending,Website,50.86
ORD104177,784164,27124,2025-12-09,2025-12-13,1,723.73,0.0,North,Credit Card,Completed,Mobile App,87.31
ORD104178,710265,83401,2025-09-02,2025-09-07,3,575.18,0.0,North,Cash on Delivery,Pending,Website,53.62
ORD104179,558733,25780,2025-08-25,2025-08-26,2,447.92,0.15,East,Credit Card,Completed,Website,167.77
ORD104180,572689,20351,2025-02-23,2025-02-25,1,693.18,0.0,East,UPI,Completed,Website,123.73
ORD104181,259621,67846,2026-01-02,2026-01-05,2,3994.09,0.0,East,Cash on Delivery,Completed,Mobile App,132.64
ORD104182,746968,23723,2026-03-24,2026-03-27,1,494.26,0.0,West,Net Banking,Completed,Mobile App,74.27
ORD104183,507954,50462,2025-11-09,2025-11-11,2,153.11,0.05,west,UPI,Pending,Marketplace,178.92
ORD104184,142839,79501,2026-01-19,2026-01-22,1,3635.51,0.0,South,Cash on Delivery,Returned,Website,179.5
ORD104185,994768,21754,2025-04-04,2025-04-06,2,1258.17,0.05,East,COD,Completed,Website,39.23
ORD104186,509415,94616,2025-12-23,2025-12-24,1,1312.5,0.0,North,Net Banking,Completed,Website,135.18
ORD104187,257678,67846,2026-06-15,2026-06-17,2,3994.09,0.0,East,Cash on Delivery,Returned,Marketplace,135.3
ORD104188,509415,83401,2025-11-06,2025-11-08,3,460.14,0.2,North,Net Banking,Completed,Mobile App,144.18
ORD104189,624404,99553,2025-12-19,2025-12-21,2,513.97,0.05,North,PayPal,Completed,Marketplace,109.1
ORD104190,328394,21754,2025-05-01,2025-05-03,3,1324.39,0.0,South,Net Banking,Completed,Marketplace,55.71
ORD104191,918245,79501,2025-10-30,2025-11-04,1,3090.18,0.15,South,UPI,Returned,Website,101.06
ORD104192,215684,28009,2026-05-01,2026-05-03,2,186.01,0.0,South,Credit Card,Completed,Website,81.33
ORD104193,508068,94616,2025-12-27,2026-01-01,2,1246.88,0.05,East,Cash on Delivery,Completed,Mobile App,111.44
ORD104194,499200,67846,2025-10-10,2025-10-11,1,3994.09,0.0,North,UPI,Completed,Mobile App,49.66
ORD104195,709183,96857,2025-06-21,2025-06-26,1,898.83,0.15,West,PayPal,Completed,Mobile App,92.49
ORD104196,885424,83876,2026-05-07,2026-05-09,1,1398.68,0.0,Central,Debit Card,Completed,Website,68.39
ORD104197,351483,20351,2026-04-18,2026-04-20,2,693.18,0.0,South,Net Banking,Pending,Marketplace,120.7
ORD104198,608777,53143,2025-04-25,2025-04-29,1,2744.63,0.0,West,UPI,Completed,Mobile App,84.85
ORD104199,727246,47907,2025-08-05,2025-08-06,1,3632.57,0.1,West,UPI,Completed,Mobile App,172.21
ORD104200,311483,28009,2025-09-30,2025-10-01,2,186.01,0.0,Central,Credit Card,Completed,Website,140.75
ORD104201,784164,96857,2025-03-18,2025-03-22,1,951.7,0.1,North,Debit Card,Completed,Website,148.64
ORD104202,670968,20351,2025-12-11,2025-12-15,1,658.52,0.05,South,UPI,Completed,Mobile App,107.29
ORD104203,456776,80616,2025-11-23,2025-11-24,2,1326.48,0.0,West,UPI,Cancelled,Website,105.98
ORD104204,989775,20351,2025-02-27,2025-03-01,1,623.86,0.1,South,credit card,Completed,Mobile App,69.94
ORD104205,511918,23723,2026-02-18,2026-02-20,1,494.26,0.0,North,Cash on Delivery,Completed,Mobile App,67.63
ORD104206,128960,75277,2025-02-23,2025-03-02,2,211.8,0.1,South,UPI,Completed,Mobile App,141.15
ORD104207,608777,83876,2026-05-16,2026-05-19,2,1398.68,0.0,West,UPI,Completed,Mobile App,117.35
ORD104208,410216,27124,2025-07-15,2025-07-17,1,687.54,0.05,South,UPI,Completed,Website,171.52
ORD104209,677266,25780,2025-10-08,2025-10-09,2,474.27,0.1,Central,Debit Card,Completed,Mobile App,112.06
ORD104210,190704,21754,2025-07-04,2025-07-06,5,1191.95,0.1,East,PayPal,Completed,Website,177.04
ORD104211,488226,43806,2025-11-05,2025-11-07,1,629.87,0.15,South,Credit Card,Completed,Website,51.35
ORD104212,604773,83401,2026-04-24,2026-04-27,1,575.18,0.0,Central,UPI,Completed,Mobile App,105.06
ORD104213,126201,83401,2025-10-14,2025-10-16,1,575.18,0.0,West,UPI,Pending,Mobile App,143.77
ORD104214,920802,67846,2026-02-13,2026-02-15,1,3994.09,0.0,Central,UPI,Completed,Marketplace,90.81
ORD104215,593800,25780,2026-03-24,2026-03-27,3,526.97,0.0,Central,Net Banking,Completed,Mobile App,117.16
ORD104216,666277,20351,2025-04-08,2025-04-10,3,693.18,0.0,West,Credit Card,Completed,Mobile App,54.48
ORD104217,372970,83401,2026-02-09,2026-02-12, 3 ,575.18,0.0,Central,UPI,Pending,Website,121.42
ORD104218,459974,28009,2025-09-23,,3,186.01,0.0,North,UPI,Returned,Website,47.98
ORD104219,947085,88270,2025-04-12,2025-04-13,2,1596.24,0.15,Central,Cash on Delivery,Completed,Website,35.98
ORD104220,730472,23723,2025-02-12,2025-02-13,2,395.41,0.2,West,UPI,Completed,Website,116.94
ORD104221,959389,43806,05-17-2026,2026-05-18,2,629.87,0.15,North,Credit Card,Pending,Website,99.62
ORD104222,351483,80616,2026-05-08,2026-05-09,4,1326.48,0.0,South,Credit Card,Completed,Website,36.45
ORD104223,894878,21754,2025-06-09,2025-06-14,1,1191.95,0.1,North,Debit Card,Completed,Website,171.45
ORD104224,440333,53143,2025-07-07,2025-07-14,-2,2470.17,0.1,West,PayPal,Completed,Mobile App,168.15
ORD104225,681114,99553,2025-03-14,2025-03-19,2,459.87,0.15,North,Net Banking,Completed,Website,123.95
ORD104226,764915,79501,2025-10-12,2025-10-13,2,3271.96,0.1,North,UPI,Completed,Website,109.2
ORD104227,508068,28009,2025-10-22,2025-10-26,2,186.01,0.0,East,UPI,Completed,Mobile App,53.83
ORD104228,488226,80616,2025-09-09,2025-09-12,4,1193.83,0.1,South,UPI,Completed,Mobile App,85.82
ORD104229,257381,83876,2026-03-11,2026-03-15,1,1258.81,0.1,North,Debit Card,Completed,Website,140.13
ORD104230,510981,23723,2025-10-24,2025-10-25,2,469.55,0.05,South,UPI,Completed,Website,67.6
ORD104231,608777,20351,2025-10-26,2025-10-30,1,623.86,0.1,West,Cash on Delivery,Completed,Website,85.02
ORD104232,605121,23723,2025-06-24,2025-06-27,2,444.83,0.1,North,UPI,Completed,Mobile App,113.14
ORD104233,604773,67846,2025-03-27,2025-03-30,1,3994.09,0.0,Central,UPI,Completed,Mobile App,100.85
ORD104234,294304,83401,26-Mar-2025,2025-03-30,1,575.18,0.0,North,Net Banking,Completed,Website,85.81
ORD104235,509415,83401,2025-05-31,2025-06-03,5,575.18,0.0,North,Net Banking,Cancelled,Marketplace,101.92
ORD104236,559636,25046,2025-07-13,2025-07-16,1,271.12,0.0,South,Net Banking,Completed,Marketplace,122.94
ORD104237,391881,94616,2026-03-21,2026-03-24,4,1312.5,0.0,South,Credit Card,Completed,Website,172.58
ORD104238,981656,79501,2026-04-22,2026-04-27,2,3271.96,0.1,East,UPI,Completed,Website,42.72
ORD104239,926948,88270,2025-08-17,2025-08-19,2,1877.93,0.0,South,UPI,Completed,Mobile App,46.74
ORD104240,410216,67846,2025-11-30,2025-12-01,1,3394.98,0.15,South,Net Banking,Completed,Mobile App,82.77
ORD104241,568342,96270,2025-11-12,2025-11-15,4,302.88,0.15,North,Credit Card,Completed,Mobile App,155.23
ORD104242,634991,53143,2026-01-28,2026-02-01,1,2607.4,0.05,West,UPI,Completed,Website,163.71
ORD104243,506712,83401,2025-05-22,2025-05-27,2,575.18,0.0,North,Credit Card,Completed,Website,177.55
ORD104244,608777,79501,2025-07-05,2025-07-08,1,3635.51,0.0,West,UPI,Completed,Mobile App,153.83
ORD104245,479414,27124,2026-06-08,2026-06-11,1,723.73,0.0,North,UPI,Completed,Mobile App,146.23
ORD104246,938019,96857,2026-04-10,2026-04-13,1,1057.45,0.0,South,UPI,Cancelled,Mobile App,178.22
ORD104247,901934,28009,2026-03-19,03-26-2026,4,186.01,0.0,East,UPI,Completed,Marketplace,134.0
ORD104248,787474,25780,2026-04-06,2026-04-08,2,526.97,0.0,South,Cash on Delivery,Completed,Mobile App,161.38
ORD104249,938019,80616,2026-03-13,2026-03-14,4,1326.48,0.0,South,Net Banking,Completed,Mobile App,118.17
ORD104250,223768,28009,2026-02-01,2026-02-08,2,186.01,0.0,Central,UPI,Completed,Website,113.57
ORD104251,411950,80616,2025-08-06,2025-08-09,1,1326.48,0.0,West,Net Banking,Completed,Mobile App,163.4
ORD104252,256842,53143,2025-08-05,2025-08-09,1,2470.17,0.1,Central,Cash on Delivery,Completed,Website,149.9
ORD104253,717322,88270,2026-06-27,2026-07-02,1,1690.14,0.1,North,UPI,Completed,Website,46.18
ORD104254,926948,40374,2025-08-11,2025-08-13,3,700.76,0.0,South,Credit Card,Completed,Website,152.93
ORD104255,418418,79501,2026-01-08,2026-01-12,2,3271.96,0.1,North,Net Banking,Completed,Mobile App,45.91
ORD104256,605121,24857,2025-02-03,2025-02-05,1,441.07,0.0,North,Debit Card,Completed,Website,93.89
ORD104257,410043,96270,2025-01-30,2025-02-03,1,356.33,0.0,North,Net Banking,Completed,Website,152.22
ORD104258,188494,99553,2026-01-18,2026-01-22,2,541.02,0.0,Central,Net Banking,Returned,Mobile App,92.19
ORD104259,634991,21754,2026-02-22,2026/02/24,1,1324.39,0.0,West,PayPal,Returned,Mobile App,77.41
ORD104260,502144,80616,2026-01-21,2026-01-26,1,1193.83,0.1,North,Net Banking,Completed,Website,143.38
ORD104261,784164,99553,2025-06-01,2025-06-08,1,541.02,0.0,North,Net Banking,Completed,Website,104.7
ORD104262,989226,39430,2025-06-14,2025-06-16,1,1747.36,0.0,West,PayPal,Completed,Mobile App,117.28
ORD104263,676737,94616,2026-04-15,2026-04-19,1,1312.5,0.0,Central,Credit Card,Completed,Mobile App,78.68
ORD104264,188247,39430,2026-01-26,2026-01-27,1,1485.26,0.15,East,UPI,Completed,Marketplace,126.55
ORD104265,509415,39430,2025-07-10,2025-07-13,1,1747.36,0.0,North,Credit Card,Completed,Website,145.4
ORD104266,951867,25780,2025-05-30,2025-06-02,1,526.97,0.0,South,Cash on Delivery,Completed,Website,126.32
ORD104267,520073,79501,2025-04-14,2025-04-17,1,3635.51,0.0,East,UPI,Completed,Website,112.38
ORD104268,510981,59930,2025-05-20,2025-05-24,2,2573.2,0.0,South,Net Banking,Returned,Website,139.55
ORD104269,922818,83401,2026-04-24,2026-04-28,2,488.9,0.15,Central,Cash on Delivery,Completed,Website,56.83
ORD104270,455093,21754,2025-08-29,2025-08-31,1,1258.17,0.05,South,Credit Card,Returned,Website,68.0
ORD104271,928670,24857,2025-10-22,2025-10-24,2,419.02,0.05,West,Credit card,Completed,Website,92.71
ORD104272,784164,96857,2026-02-10,2026-02-13,1,1057.45,0.0,North,Cash on Delivery,Completed,Marketplace,158.65
ORD104273,929482,80616,2025-12-18,2025/12/22,2,1193.83,0.1,Central,UPI,Completed,Website,71.54
ORD104274,832149,21754,2025-10-18,2025-10-18,3,1125.73,0.15,South,UPI,Cancelled,Mobile App,68.68
ORD104275,221705,59930,2026-03-27,2026-03-30,1,2187.22,0.15,West,Cash on Delivery,Completed,Mobile App,63.26
ORD104276,624404,94616,2025-03-22,2025-03-25,1,1181.25,0.1,North,UPI,Completed,Marketplace,79.44
ORD104277,648631,67846,2025-01-26,2025-01-30,2,3994.09,0.0,North,Cash on Delivery,Completed,Website,82.64
ORD104278,507954,67846,2025-10-22,2025-10-23,1,3994.09,0.0,West,Cash on Delivery,Pending,Website,85.4
ORD104279,506712,47907,2025-01-07,2025-01-11,1,3632.57,0.1,North,UPI,Completed,Mobile App,122.54
ORD104280,183671,88270,2025-12-01,2025-12-06,1,1784.03,0.05,South,credit card,Completed,Website,151.83
ORD104281,981656,23723,2025-08-08,2025-08-12,1,494.26,0.0,East,UPI,Completed,Website,42.36
ORD104282,894878,59930,2025-09-17,2025-09-19,1,2573.2,0.0,North,Cash on Delivery,Completed,Website,143.13
ORD104283,642011,83876,2025-10-29,2025-11-02,4,1398.68,0.0,East,Net Banking,Completed,Website,145.18
ORD104284,407648,83401,2026-06-01,2026-06-05,1,575.18,0.0,North,Cash on Delivery,Completed,Mobile App,68.48
ORD104285,353016,75277,2025-12-09,2025-12-11,2,235.33,0.0,North,Credit Card,Completed,Marketplace,177.34
ORD104286,488226,43806,2025-06-12,2025-06-14,1,741.02,0.0,South,UPI,Completed,Marketplace,135.11
ORD104287,156175,67846,2026-03-27,2026-03-30,1,3994.09,0.0,South,UPI,Completed,Mobile App,36.07
ORD104288,555985,88270,2026-03-30,2026-04-02,2,1596.24,0.15,East,Cash on Delivery,Completed,Website,135.74
ORD104289,725952,80616,2025-03-27,2025-03-30,2,1326.48,0.0,North,PayPal,Completed,Website,86.3
ORD104290,608777,43806,2025-03-03,2025-03-07,2,703.97,0.05,West,UPI,Completed,Website,137.53
ORD104291,690321,99553,2026-06-16,2026-06-20,1,541.02,0.0,North,UPI,Completed,Marketplace,40.86
ORD104292,679329,21754,2025-03-25,2025-03-27,2,1258.17,0.05,Central,Cash on Delivery,Returned,Mobile App,113.77
ORD104293,247829,28009,2026-05-12,2026-05-16,4,186.01,0.0,West,Debit Card,Completed,Mobile App,100.28
ORD104294,532932,83876,2025-10-22,2025-10-24,4,1118.94,0.2,West,Cash on Delivery,Completed,Website,57.49
ORD104295,951867,83876,2026-06-27,2026-07-01,1,1258.81,0.1,South,Net Banking,Returned,Mobile App,83.04
ORD104296,242287,99553,2026-04-06,2026-04-09,1,541.02,0.0,East,Credit Card,Completed,Website,43.28
ORD104297,287271,23723,2025-11-03,2025-11-05,4,469.55,0.05,East,Net Banking,Completed,Mobile App,46.55
ORD104298,353016,40374,2026-03-29,2026-04-02,1,700.76,0.0,North,Net Banking,Completed,Website,95.67
ORD104299,897209,59930,2025-07-16,2025-07-18,1,2573.2,0.0,West,Debit Card,Completed,Website,68.98
ORD104300,634991,94616,2026-06-12,2026-06-15,1,1181.25,0.1,West,Credit Card,Completed,Marketplace,123.95
ORD104301,669378,59930,2026-02-09,2026-02-12,2,2187.22,0.15,Central,UPI,Completed,Mobile App,49.38
ORD104302,669378,20351,2026-03-11,2026-03-14,2,693.18,0.0,Central,Cash on Delivery,Completed,Website,74.48
ORD104303,529195,25046,2025-12-24,2025-12-31,2,257.56,0.05,South,UPI,Completed,Website,142.66
ORD104304,863492,23723,2026-03-30,2026-04-03,1,420.12,0.15,Central,Credit Card,Completed,Marketplace,123.82
ORD104305,520596,80616,2025-11-20,2025-11-22,1,1326.48,0.0,West,UPI,Completed,Website,79.39
ORD104306,935164,50462,2025-03-03,2025-03-06,1,136.99,0.15,East,Credit Card,Completed,Website,123.19
ORD104307,357370,25046,2026-05-01,2026-05-05,3,257.56,0.05,South,Credit Card,Completed,Mobile App,136.38
ORD104308,384470,20351,2026-01-01,2026-01-06,1,693.18,0.0,West,Debit Card,Completed,Mobile App,69.77
ORD104309,648309,83876,2025-09-04,2025-09-07,2,1398.68,0.0,West,Cash on Delivery,Completed,Mobile App,118.1
ORD104310,800130,96270,2025-10-17,2025-10-21,1,356.33,0.0,North,Debit Card,Completed,Marketplace,49.25
ORD104311,573059,20351,2025-12-30,2026-01-04,2,658.52,0.05,West,Net Banking,Cancelled,Mobile App,179.26
ORD104312,947085,27124,2025-04-02,2025-04-05,1,723.73,0.0,Central,UPI,Completed,Website,92.83
ORD104313,235450,88270,2026-04-20,2026-04-23,1,1690.14,0.1,West,UPI,Completed,Mobile App,151.94
ORD104314,807924,94616,2025-03-05,2025-03-10,1,1312.5,0.0,East,UPI,Returned,Mobile App,92.41
ORD104315,766286,79501,2026-02-12,2026-02-16,2,3635.51,0.0,Central,PayPal,Completed,Mobile App,141.86
ORD104316,265020,53143,2026-02-27,2026-02-28,2,2744.63,0.0,South,Credit Card,Cancelled,Website,87.75
ORD104317,179644,83401,01-22-2025,2025-01-26,1,575.18,0.0,West,Net Banking,Returned,Website,123.41
ORD104318,287271,20351,2025-07-21,2025-07-23,1,693.18,0.0,East,UPI,Returned,Mobile App,70.13
ORD104319,188247,24857,03-21-2025,2025-03-25,4,441.07,0.0,East,Debit Card,Returned,Website,167.1
ORD104320,294304,83401,2026-02-19,2026-02-20,1,546.42,0.05,North,Cash on Delivery,Cancelled,Website,136.94
ORD104321,717322,94616,2026-01-09,2026-01-12,1,1181.25,0.1,North,UPI,Completed,Marketplace,100.55
ORD104322,784164,96270,2025-12-21,2025-12-24,1,320.7,0.1,North,Credit Card,Completed,Website,129.69
ORD104323,555985,83876,2025-09-07,2025-09-14,1,1398.68,1.5,East,Cash on Delivery,Pending,Website,160.0
ORD104324,692063,53143,2026-04-26,27/04/2026,3,2744.63,0.0,East,Cash on Delivery,Completed,Website,177.7
ORD104325,814369,83401,2025-06-07,2025-06-09,1,575.18,0.0,North,PayPal,Completed,Website,104.11
ORD104326,390571,99553,2026-04-14,2026-04-19,1,541.02,0.0,West,UPI,Completed,Marketplace,86.96
ORD104327,417672,79501,2026-01-11,2026-01-14,1,3635.51,0.0,North,Net Banking,Completed,Mobile App,65.37
ORD104328,287271,75277,2025-02-27,2025-03-03,1,235.33,0.0,East,Credit Card,Completed,Mobile App,41.94
ORD104329,177793,59930,2025-07-26,2025-07-28,2,2315.88,0.1,West,UPI,Completed,Marketplace,55.48
ORD104330,491764,80616,2025-10-23,2025-10-27,1,1326.48,0.0,Central,Credit Card,Completed,Website,40.99
ORD104331,989775,59930,2025-09-02,2025-09-07,1,2573.2,0.0,South,Credit Card,Completed,Marketplace,130.36
ORD104332,213140,23723,2025-10-15,2025-10-18,1,494.26,0.0,North,UPI,Completed,Mobile App,41.4
ORD104333,257678,67846,2025-10-24,2025-10-27,1,3594.68,0.1,East,UPI,Completed,Website,96.15
ORD104334,243466,79501,2025-12-21,2025-12-25,1,3635.51,0.0,West,UPI,Completed,Marketplace,92.36
ORD104335,996075,59930,2025-01-02,2025-01-04,1,2573.2,0.0,West,Cash on Delivery,Completed,Marketplace,52.63
ORD104336,235450,83876,2026-05-28,2026-06-04,1,1398.68,0.0,West,Debit Card,Completed,Website,128.19
ORD104337,510981,43806,2026-05-25,2026-05-27,1,741.02,0.0,South,UPI,Completed,Website,172.4
ORD104338,156175,67846,2025-02-24,2025-02-28,3,3994.09,0.0,South,UPI,Completed,Mobile App,138.19
ORD104339,499200,25780,2026-02-17,2026-02-20,1,526.97,0.0,North,Debit Card,Completed,Mobile App,174.56
ORD104340,752183,80616,2025-02-25,2025-02-28,1,1326.48,0.0,Central,Cash on Delivery,Completed,Marketplace,113.15
ORD104341,200363,67846,2025-07-08,2025-07-12,1,3994.09,0.0,East,Cash on Delivery,Completed,Website,63.95
ORD104342,411950,53143,2025-08-13,,2,2332.94,0.15,West,Net Banking,Returned,Website,166.1
ORD104343,948367,59930,2026-02-02,2026-02-06,1,2315.88,0.1,South,PayPal,Returned,Website,42.09
ORD104344,918245,94616,2025-12-08,2025-12-12,2,1246.88,0.05,South,PayPal,Completed,Website,62.87
ORD104345,328394,67846,2025-08-15,2025-08-18,4,3594.68,0.1,South,UPI,Cancelled,Website,54.75
ORD104346,679329,25046,2025-09-29,2025-10-01,1,244.01,0.1,Central,UPI,Completed,Website,145.68
ORD104347,410043,39430,2025-08-11,2025-08-12,1,1747.36,0.0,North,Credit Card,Cancelled,Mobile App,57.03
ORD104348,257381,25780,2025-01-03,2025-01-07,3,500.62,0.05,North,UPI,Completed,Website,42.21
ORD104349,510981,83401,2025-06-17,2025-06-20,2,575.18,0.0,South,Debit Card,Completed,Website,174.72
ORD104350,286212,99887,2025-07-02,2025-07-05,1,2744.63,0.0,East,UPI,Returned,Marketplace,36.7
ORD104351,550242,53143,2026-06-10,2026-06-14,4,2744.63,0.0,South,Cash on Delivery,Returned,Mobile App,47.51
ORD104352,603177,28009,2026-06-09,2026-06-12,3,186.01,0.0,South,Credit Card,Completed,Website,85.77
ORD104353,555985,75277,2025-01-29,2025-02-03,1,235.33,0.0,East,UPI,Completed,Mobile App,176.74
ORD104354,725952,80616,2025-10-18,2025-10-22,1,1127.51,0.15,North,UPI,Completed,Website,138.03
ORD104355,677266,20351,2025-09-01,2025-09-04,1,658.52,0.05,Central,PayPal,Cancelled,Marketplace,84.37
ORD104356,740696,80616,2025-01-26,2025-01-29,2,1326.48,0.0,North,PayPal,Cancelled,Mobile App,77.92
ORD104357,968292,23723,2026-03-01,2026-03-05,1,494.26,0.0,West,Cash on Delivery,Cancelled,Mobile App,111.11
ORD104358,740696,59930,2025-02-01,2025-02-04,1,2444.54,0.05,North,PayPal,Completed,Marketplace,62.08
ORD104359,935164,40374,2026-03-25,2026-03-26,1,700.76,0.0,East,UPI,Cancelled,Mobile App,67.89
ORD104360,411950,20351,2025-11-24,2025-11-26,1,589.2,0.15,West,UPI,Completed,Website,81.63
ORD104361,243466,59930,2025-03-17,2025-03-20,2,2187.22,0.15,West,UPI,Completed,Website,70.11
ORD104362,981656,23723,2026-03-22,2026-03-23,2,420.12,0.15,East,Net Banking,Completed,Mobile App,55.15
ORD104363,908789,83876,2026-05-04,2026-05-06,2,1258.81,0.1,West,UPI,Returned,Mobile App,132.09
ORD104364,730472,20351,2025-06-05,2025-06-06,3,693.18,0.0,West,Net Banking,Completed,Mobile App,59.66
ORD104365,624404,53143,2026-04-19,2026-04-21,1,2744.63,0.0,North,Credit Card,Completed,Mobile App,145.91
ORD104366,221705,20351,2025-01-05,2025-01-09,3,589.2,0.15,West,Net Banking,Completed,Mobile App,177.29
ORD104367,188500,28009,2025-11-07,2025-11-12,1,99999.99,0.0,East,Credit Card,Completed,Website,149.03
ORD104368,188500,47907,2025-11-08,2025-11-10,2,3632.57,0.1,East,Debit Card,Completed,Marketplace,59.8
ORD104369,300385,83401,2025-07-11,2025-07-13,2,546.42,0.05,West,Credit Card,Completed,Mobile App,162.64
ORD104370,887590,83876,2026-05-26,2026-05-28,1,1398.68,0.0,North,UPI,Completed,Website,51.71
ORD104371,215684,53143,2026-01-30,2026-02-01,1,2744.63,0.0,South,PayPal,Completed,Website,84.15
ORD104372,411950,40374,2025-09-13,2025-09-14,2,595.65,0.15,West,UPI,Returned,Mobile App,88.65
ORD104373,498025,24857,2025-12-04,2025-12-06,2,441.07,0.0,South,UPI,Completed,Mobile App,142.02
ORD104374,509415,59930,2025-08-09,2025-08-13,4,2573.2,0.0,North,Net Banking,Returned,Mobile App,169.41
ORD104375,485707,80616,2026-04-16,2026-04-20,2,1326.48,0.0,West,Cash on Delivery,Completed,Mobile App,47.44
ORD104376,709183,53143,2026-01-08,2026-01-12,1,2744.63,0.0,West,Net Banking,Completed,Mobile App,105.8
ORD104377,453136,94616,2026-04-07,2026-04-08,1,1246.88,0.05,East,Cash on Delivery,Completed,Website,69.02
ORD104378,719823,28009,2025-11-05,2025-11-08,1,167.41,0.1,South,Credit Card,Completed,Mobile App,125.62
ORD104379,383221,25780,2025-04-05,2025-04-10,2,474.27,0.1,West,Debit Card,Completed,Website,133.68
ORD104380,156175,43806,2025-05-26,2025-05-31,2,703.97,0.05,South,UPI,Completed,Marketplace,132.56
ORD104381,550242,59930,2025-01-06,2025-01-10,1,2315.88,0.1,South,Credit Card,Completed,Website,161.12
ORD104382,454529,20351,14-May-2025,2025-05-16,1,693.18,0.0,West,Credit Card,Completed,Mobile App,152.45
ORD104383,235450,67846,2025-10-26,2025-10-31,2,3394.98,0.15,West,UPI,Completed,Website,150.67
ORD104384,718525,83876,2026-06-30,2026-07-05,1,1258.81,0.1,West,UPI,Completed,Website,147.81
ORD104385,353016,88270,2025-07-05,07-09-2025,1,1877.93,0.0,North,Credit Card,Pending,Website,123.26
ORD104386,815331,53143,2026-02-16,2026-02-20,3,2607.4,0.05,West,Cash on Delivery,Completed,Mobile App,39.04
ORD104387,550242,20351,2025-06-13,2025-06-15,1,693.18,0.0,South,Cash on Delivery,Cancelled,Website,167.19
ORD104388,509415,20351,2025-12-13,2025-12-16,1,623.86,0.1,North,Credit Card,Completed,Website,59.08
ORD104389,499200,96270,2025-07-11,2025-07-14,1,320.7,0.1,North,Credit Card,Completed,Website,85.21
ORD104390,541876,79501,2025-11-06,2025-11-09,2,3635.51,0.0,South,Cash on Delivery,Completed,Website,122.27
ORD104391,287271,80616,2025-07-05,2025-07-09,3,1193.83,0.1,East,Credit Card,Returned,Mobile App,153.42
ORD104392,620517,53143,2025-06-10,2025-06-12,2,2744.63,0.0,East,Cash on Delivery,Completed,Website,134.64
ORD104393,897209,27124,2025-11-07,2025-11-10,5,651.36,0.1,West,UPI,Completed,Website,160.53
ORD104394,133026,43806,2025-08-01,2025-08-03,1,741.02,0.0,East,PayPal,Completed,Mobile App,71.79
ORD104395,410216,39430,2025-11-02,2025-11-05,2,1747.36,0.0,South,Net Banking,Cancelled,Website,44.43
ORD104396,259621,39430,2025-12-01,2025-12-03,3,1572.62,0.1,East,COD,Completed,Mobile App,165.21
ORD104397,983577,53143,2026-06-22,2026-06-25,2,2744.63,0.0,South,Cash on Delivery,Completed,Marketplace,160.82
ORD104398,545153,80616,2026-01-17,2026-01-20,1,1193.83,0.1,East,Cash on Delivery,Completed,Website,53.98
ORD104399,520605,53143,2025-05-14,2025-05-17,3,2607.4,0.05,North,Cash on Delivery,Completed,Marketplace,136.45
ORD104400,962018,47907,01/11/2025,2025-11-05,1,3834.38,0.05,North,UPI,Completed,Marketplace,108.74
ORD104401,510981,20351,2026-05-11,2026-05-13,3,623.86,0.1,South,UPI,Returned,Website,119.6
ORD104402,715785,59930,2026-03-17,2026-03-19,2,2573.2,0.0,South,PayPal,Completed,Mobile App,119.47
ORD104403,235450,25046,2026-03-29,2026-04-01,2,257.56,0.05,West,Credit Card,Completed,Mobile App,96.11
ORD104404,624404,59930,2025-07-30,2025-08-02,1,2573.2,0.0,North,Credit Card,Completed,Mobile App,150.7
ORD104405,784164,80616,2025-08-13,2025-08-16,2,1326.48,0.0,North,Credit Card,Returned,Mobile App,66.22
ORD104406,715785,67846,2026-05-04,2026-05-06,1,3594.68,0.1,South,Net Banking,Completed,Mobile App,164.35
ORD104407,740696,25780,2026-06-05,2026-06-12,3,526.97,0.0,North,Credit Card,Returned,Website,115.38
ORD104408,578458,79501,2026-03-24,2026-03-26,4,3635.51,0.0,West,Debit Card,Completed,Mobile App,151.95
ORD104409,996075,83876,2025-03-18,2025-03-23,1,1258.81,10%,West,UPI,Completed,Mobile App,174.32
ORD104410,928190,23723,01-14-2026,2026-01-18,1,469.55,0.05,North,Cash on Delivery,Completed,Website,51.73
ORD104411,142839,40374,2025-03-09,2025-03-11,1,700.76,0.0,South,Net Banking,Completed,Website,154.23
ORD104412,981656,83876,2025-12-25,2025-12-30,1,1118.94,0.2,East,Cash on Delivery,Completed,Website,164.67
ORD104413,212394,23723,2025-10-01,2025-10-03,1,469.55,0.05,West,Net Banking,Completed,Mobile App,67.72
ORD104414,507954,83876,2025-05-05,2025-05-06,1,1398.68,0.0,West,UPI,Returned,Website,143.95
ORD104415,608777,94616,2025-06-16,2025-06-19,1,1312.5,0.0,West,Debit Card,Completed,Mobile App,140.11
ORD104416,611008,67846,2025-08-21,2025-08-24,3,3994.09,0.0,West,PayPal,Completed,Website,100.16
ORD104417,849738,75277,2025-09-22,2025-09-22,2,200.03,0.15,East,Net Banking,Cancelled,Website,62.32
ORD104418,764915,83401,2025-08-14,2025-08-17,1,575.18,0.0,North,Cash on Delivery,Returned,Mobile App,132.72
ORD104419,666877,80616,2025-10-06,2025-10-08,1,1326.48,0.0,East,UPI,Completed,Mobile App,104.41
ORD104420,249215,83401,29/12/2025,2025-12-31,2,517.66,0.1,South,Debit Card,Completed,Mobile App,129.0
ORD104421,445845,67846,2025-12-13,2025-12-16,1,3994.09,0.0,East,Cash on Delivery,Completed,Mobile App,120.23
ORD104422,794251,23723,2025-03-29,2025-04-02,1,494.26,0.0,North,Cash on Delivery,Completed,Website,88.02
ORD104423,670233,53143,2025-06-07,2025-06-10,2,2744.63,0.0,South,UPI,Completed,Website,49.43
ORD104424,311118,59930,2026-01-11,2026-01-16,1,2315.88,0.1,West,UPI,Completed,Marketplace,122.2
ORD104425,410216,21754,26/02/2025,2025-03-01,1,1324.39,0.0,South,UPI,Completed,Mobile App,57.67
ORD104426,948985,80616,2025-02-03,2025-02-08,2,1193.83,0.1,West,UPI,Completed,Website,49.42
ORD104427,837919,59930,2025-04-25,2025-04-27,2,2444.54,0.05,South,UPI,Completed,Mobile App,150.96
ORD104428,233393,50462,2026-02-15,2026/02/20,3,161.17,0.0,West,Cash on Delivery,Completed,Website,90.38
ORD104429,453136,67846,2026-06-14,2026-06-17,1,3394.98,0.15,East,Credit Card,Pending,Mobile App,170.36
ORD104430,486108,80616,2025-03-06,2025-03-07,1,1326.48,0.0,West,Cash on Delivery,Cancelled,Website,102.41
ORD104431,488226,40374,2025-03-25,2025-03-26,1,665.72,0.05,South,Debit Card,Completed,Marketplace,72.69
ORD104432,667475,59930,2025-12-19,2025-12-22,2,2573.2,0.0,East,Net Banking,Completed,Mobile App,173.01
ORD104433,648631,20351,2025-07-07,2025-07-14,2,658.52,0.05,North,UPI,Completed,Website,159.64
ORD104434,500421,53143,2026-06-22,2026-06-25,1,2744.63,0.0,North,Net Banking,Completed,Website,60.49
ORD104435,709183,53143,2026-01-12,2026-01-16,1,2195.7,0.2,West,UPI,Completed,Mobile App,60.21
ORD104436,948985,59930,2026-01-22,2026-01-25,1,2573.2,0.0,West,Debit Card,Returned,Website,71.48
ORD104437,876105,96270,2025-06-21,2025-06-21,2,356.33,0.0,East,UPI,Cancelled,Marketplace,143.42
ORD104438,624404,59930,2025-11-05,2025-11-08,1,2187.22,0.15,North,Debit Card,Completed,Website,76.32
ORD104439,958204,28009,2025-03-30,2025-04-01,2,167.41,0.1,South,UPI,Completed,Website,61.27
ORD104440,752183,59930,2026-04-02,2026-04-06,1,2058.56,0.2,Central,Net Banking,Completed,Website,158.56
ORD104441,311483,67846,2025-04-05,2025-04-07,3,3994.09,0.0,Central,Net Banking,Completed,Mobile App,130.06
ORD104442,608777,27124,2025-05-26,2025-05-30,2,723.73,0.0,West,Credit Card,Completed,Mobile App,92.1
ORD104443,593800,25780,2025-04-20,04-23-2025,2,447.92,0.15,Central,PayPal,Completed,Website,54.44
ORD104444,407648,79501,2025-04-21,2025-04-22,2,3271.96,0.1,North,Cash on Delivery,Returned,Marketplace,118.74
ORD104445,590270,24857,2025-06-20,2025-06-22,1,441.07,0.0,West,UPI,Completed,Mobile App,168.24
ORD104446,286212,67846,2025-06-07,2025-06-09,3,3594.68,0.1,East,Cash on Delivery,Pending,Mobile App,76.91
ORD104447,814369,67846,2025-05-14,2025-05-15,1,3994.09,0.0,North,UPI,Completed,Marketplace,136.96
ORD104448,989226,59930,2025-01-08,2025-01-09,1,2573.2,0.0,West,Cash on Delivery,Completed,Mobile App,36.35
ORD104449,792467,39430,2025-08-26,2025-08-28,1,1747.36,0.0,South,PayPal,Cancelled,Mobile App,60.16
ORD104450,578458,83401,2026-02-10,2026-02-12,2,575.18,0.0,West,Net Banking,Returned,Mobile App,125.37
ORD104451,383221,24857,2025-11-17,2025-11-20,2,"3,892.67",0.0,West,UPI,Completed,Mobile App,43.68
ORD104452,792467,67846,2025-09-15,2025-09-19,2,3994.09,0.0,South,UPI,Completed,Website,45.27
ORD104453,740696,75277,2025-09-02,2025-09-06,1,235.33,0.0,North,PayPal,Completed,Mobile App,130.86
ORD104454,836208,23723,2025-12-13,,3,444.83,0.1,South,Debit Card,Pending,Website,161.19
ORD104455,256842,79501,2026-03-18,2026-03-21,1,3635.51,0.0,Central,Net Banking,Completed,Marketplace,56.89
ORD104456,156175,25780,2025-04-23,2025-04-25,1,447.92,0.15,South,Net Banking,Completed,Website,105.47
ORD104457,807170,79501,2025-07-30,2025-08-04,1,3635.51,0.0,East,Cash on Delivery,Completed,Mobile App,119.54
ORD104458,821239,83876,2026-01-24,2026-01-25,3,1398.68,0.0,South,UPI,Completed,Mobile App,41.86
ORD104459,748250,20351,2026-02-16,2026-02-19,1,693.18,0.0,Central,Debit Card,Completed,Marketplace,67.32
ORD104460,727246,59930,2026-03-05,2026-03-08,2,2315.88,0.1,West,PayPal,Cancelled,Mobile App,118.07
ORD104461,815331,25780,2025-12-05,2025-12-06,1,526.97,0.0,South,Credit Card,Cancelled,Website,111.05
ORD104462,259621,83401,2025-04-11,2025-04-14,2,517.66,0.1,East,Cash on Delivery,Returned,Website,122.23
ORD104463,188500,20351,26/10/2025,2025-10-28,1,554.54,0.2,East,Credit Card,Cancelled,Marketplace,88.09
ORD104464,840889,67846,2025-10-04,2025-10-07,3,3994.09,0.0,North,Net Banking,Cancelled,Mobile App,166.12
ORD104465,962018,47907,2025-09-08,2025-09-12,1,4036.19,0.0,North,Cash on Delivery,Returned,Website,146.09
ORD104466,257678,83401,2025-12-11,2025-12-14,1,517.66,0.1,East,Credit Card,Completed,Mobile App,69.14
ORD104467,524628,67846,2026-03-26,2026-03-31,1,3794.39,0.05,East,Credit Card,Completed,Website,88.86
ORD104468,652250,67846,2025-01-31,2025-02-02,1,3994.09,0.0,North,UPI,Completed,Mobile App,109.28
ORD104469,554250,25046,2025-02-18,2025-02-20,1,271.12,0.0,South,Net Banking,Completed,Website,156.02
ORD104470,889427,59930,2026-03-31,03-Apr-2026,2,2315.88,0.1,North,PayPal,Completed,Website,38.09
ORD104471,987249,20351,2025-03-21,2025-03-25,2,693.18,0.0,Central,Cash on Delivery,Completed,Website,61.3
ORD104472,634991,25046,2025-07-31,2025-08-04,1,271.12,0.0,West,Net Banking,Completed,Website,139.9
ORD104473,590270,83876,2025-10-02,2025-10-03,3,1398.68,0.0,West,Debit Card,Completed,Website,95.98
ORD104474,300385,25780,2026-03-14,2026-03-17,2,474.27,0.1,West,UPI,Pending,Website,36.37
ORD104475,255785,20351,2025-10-01,2025-10-04,2,693.18,0.0,East,Credit Card,Completed,Website,129.08
ORD104476,407648,67846,2025-08-20,2025-08-24,1,3994.09,0.0,North,Net Banking,Completed,Mobile App,78.45
ORD104477,291348,59930,2026-02-03,2026-02-10,1,2315.88,0.1,North,Credit Card,Returned,Marketplace,83.89
ORD104478,981656,53143,2026-01-17,2026-01-20,1,2744.63,0.0,East,Cash on Delivery,Completed,Website,94.94
ORD104479,920802,79501,2025-02-12,2025-02-16,4,3453.73,0.05,Central,UPI,Completed,Mobile App,80.04
ORD104480,149836,59930,2026-05-23,2026-05-24,1,2573.2,0.0,South,Credit Card,Completed,Website,157.48
ORD104481,242287,20351,2025-11-24,2025-11-27,3,623.86,0.1,East,Debit Card,Completed,Website,104.83
ORD104482,255887,47907,2026-02-15,2026-02-19,1,4036.19,0.0,North,Credit Card,Completed,Website,177.92
ORD104483,257381,27124,2025-12-21,2025-12-24,2,651.36,0.1,North,Cash on Delivery,Completed,Mobile App,133.61
ORD104484,205182,67846,2025-07-18,2025-07-22,1,3994.09,0.0,South,UPI,Returned,Mobile App,153.68
ORD104485,764915,23723,2025-03-24,2025-03-28,4,469.55,0.05,North,Net Banking,Completed,Mobile App,177.05
ORD104486,752183,25780,2025-06-15,2025-06-20,2,447.92,0.15,Central,Credit Card,Completed,Mobile App,143.1
ORD104487,459160,25046,2025-04-16,2025-04-20,2,271.12,0.0,Central,UPI,Completed,Mobile App,105.32
ORD104488,236024,83401,2026-04-15,2026-04-17,1,546.42,0.05,North,Net Banking,Cancelled,Website,57.57
ORD104489,859034,79501,2026-03-17,2026-03-20,2,3635.51,0.0,North,Cash on Delivery,Completed,Marketplace,52.93
ORD104490,883666,53143,2025-04-09,2025-04-12,1,2744.63,0.0,North,Debit Card,Completed,Marketplace,121.0
ORD104491,954224,20351,2025-09-24,2025-09-24,1,693.18,0.0,South,Debit Card,Cancelled,Mobile App,129.78
ORD104492,908789,53143,2025-05-05,2025-05-08,2,2607.4,0.05,West,UPI,Completed,Website,105.47
ORD104493,509415,83401,2025-11-25,2025-11-28,1,575.18,0.0,North,Cash on Delivery,Completed,Website,158.52
ORD104494,723462,20351,18/04/2026,2026-04-15,1,658.52,0.05,North,Credit Card,Cancelled,Mobile App,98.38
ORD104495,794251,20351,2025-05-24,2025-05-29, 5 ,658.52,0.05,North,Cash on Delivery,Cancelled,Website,105.54
ORD104496,586261,21754,2025-12-03,2025-12-08,1,1125.73,0.15,west,UPI,Cancelled,Mobile App,53.64
ORD104497,505136,83876,2025-02-03,2025-02-06,1,1398.68,0.0,West,Credit Card,Completed,Website,119.87
ORD104498,690321,23723,2025-05-06,2025-05-09,1,469.55,0.05,North,UPI,Completed,Mobile App,48.82
ORD104499,938019,79501,2025-05-30,2025-06-04,1,3635.51,0.0,South,Debit Card,Completed,Mobile App,40.05
ORD104500,611538,67846,2026-02-15,2026-02-18,2,3794.39,0.05,North,Cash on Delivery,Completed,Marketplace,82.37
ORD104501,687478,23723,2025-10-03,2025-10-05,2,494.26,0.0,North,Debit Card,Completed,Website,109.57
ORD104502,510981,80616,2026-05-22,2026-05-26,1,1326.48,0.0,South,Debit Card,Completed,Website,164.05
ORD104503,333092,53143,2025-01-22,2025-01-27,1,2607.4,0.05,Central,Cash on Delivery,Cancelled,Mobile App,123.88
ORD104504,784164,88270,2025-06-09,2025-06-13,1,1877.93,0.0,North,UPI,Completed,Website,56.36
ORD104505,782094,59930,2025-08-02,2025-08-07,1,2573.2,0.0,West,Cash on Delivery,Completed,Mobile App,53.03
ORD104506,509415,53143,2025-09-22,2025-09-24,4,2470.17,0.1,North,Credit Card,Completed,Marketplace,154.4
ORD104507,849738,23723,2025-05-10,2025-05-12,4,,0.1,East,Debit Card,Completed,Mobile App,146.17
ORD104508,188494,40374,2025-10-27,2025-10-30,1,665.72,0.05,Central,UPI,Completed,Website,163.21
ORD104509,754652,67846,2026-02-11,2026-02-15,2,3994.09,0.0,North,Net Banking,Completed,Mobile App,42.0
ORD104510,508068,80616,2026-01-01,2026-01-04,5,1326.48,0.0,East,Debit Card,Completed,Mobile App,96.05
ORD104511,894878,67846,2025-08-24,2025-08-26,1,3994.09,0.0,North,Cash on Delivery,Completed,Mobile App,131.91
ORD104512,111000,21754,2025-01-21,2025-01-26,3,1191.95,0.1,North,Debit Card,Completed,Marketplace,148.41
ORD104513,408622,27124,2025-08-21,2025-08-25,2,651.36,0.1,Central,UPI,Completed,Website,99.67
ORD104514,382701,83876,2025-10-28,2025-11-01,2,1398.68,0.0,West,PayPal,Cancelled,Mobile App,133.18
ORD104515,263148,88270,2026-02-15,2026-02-18,1,1877.93,0.0,North,UPI,Completed,Website,147.46
ORD104516,410216,67846,2025-04-14,2025-04-14,5,3794.39,0.05,South,UPI,Cancelled,Website,134.03
ORD104517,552094,88270,2025-11-05,2025-11-12,5,1690.14,0.1,North,Debit Card,Completed,Mobile App,170.85
ORD104518,989775,59930,2025-09-13,2025-09-17,1,2573.2,0.0,South,Credit Card,Cancelled,Marketplace,159.65
ORD104519,357370,80616,2025-08-06,2025-08-09,1,1326.48,0.0,South,Cash on Delivery,Completed,Website,116.3
ORD104520,510981,99553,2025-08-19,2025-08-23,1,486.92,0.1,South,UPI,Completed,Marketplace,40.68
ORD104521,901441,20351,2025-12-19,2025-12-21,1,693.18,0.0,South,UPI,Completed,Mobile App,164.57
ORD104522,784164,59930,2025-08-08,2025-08-13,1,2573.2,0.0,North,UPI,Completed,Mobile App,152.47
ORD104523,418418,50462,2026-01-15,2026-01-17,1,136.99,0.15,North,Debit Card,Cancelled,Mobile App,171.43
ORD104524,532996,80616,2025-03-16,2025-03-21,3,1326.48,0.0,west,Debit Card,Completed,Mobile App,82.0
ORD104525,417546,47907,2025-04-15,2025-04-17,1,4036.19,0.0,North,Debit Card,Completed,Marketplace,92.18
ORD104526,259621,47907,2025-07-29,2025-08-01,2,,0.0,East,PayPal,Completed,Website,95.74
ORD104527,263148,83401,2026-03-31,2026-04-03,2,575.18,0.0,North,Debit Card,Completed,Mobile App,51.32
ORD104528,553490,39430,2025-12-24,2025-12-28,2,1572.62,0.1,South,Credit Card,Returned,Mobile App,113.74
ORD104529,987249,79501,2025-07-06,2025-07-08,2,3271.96,0.1,Central,UPI,Cancelled,Mobile App,81.84
ORD104530,577818,94616,2025-11-14,2025-11-16,4,1312.5,0.0,West,Cash on Delivery,Completed,Website,173.96
ORD104531,643571,83401,2026-05-18,2026-05-21,2,517.66,0.1,North,UPI,Completed,Website,57.3
ORD104532,311483,96857,2026-06-12,2026-06-16,1,1057.45,0.0,Central,Credit Card,Completed,Mobile App,36.02
ORD104533,908789,53143,2026-01-01,2026-01-04,1,2607.4,0.05,West,UPI,Completed,Mobile App,43.32
ORD104534,669378,43806,2026-03-14,2026-03-16,1,703.97,0.05,Central,Net Banking,Completed,Mobile App,98.1
ORD104535,828898,53143,2026-02-16,2026-02-21,1,2607.4,0.05,Central,UPI,Pending,Website,77.73
ORD104536,813405,28009,2025-07-15,2025-07-17,1,186.01,0.0,South,Debit Card,Completed,Mobile App,102.64
ORD104537,221705,40374,2026-05-16,2026-05-19,2,595.65,0.15,West,UPI,Completed,Website,53.37
ORD104538,709183,40374,2026-05-16,2026/05/23,3,665.72,0.05,WEST,Debit Card,Completed,Mobile App,122.88
ORD104539,989226,83401,2026-05-25,2026-05-28,3,575.18,0.0,West,UPI,Pending,Mobile App,104.56
ORD104540,128960,20351,2025-07-24,2025-07-28,3,658.52,0.05,South,Debit Card,Pending,Website,90.38
ORD104541,883666,96857,2025-03-21,2025-03-23,1,1004.58,0.05,North,Net Banking,Completed,Marketplace,91.4
ORD104542,550242,79501,2025-02-08,2025-02-11,1,3635.51,0.0,South,Net Banking,Completed,Website,71.38
ORD104543,707085,53143,2025-10-14,2025-10-17,1,2195.7,0.2,West,UPI,Completed,Mobile App,40.46
ORD104544,666877,23723,2025-01-22,2025-01-25,1,494.26,0.0,East,Debit Card,Completed,Mobile App,102.47
ORD104545,509415,67846,2025-03-05,2025-03-08,2,3994.09,0.0,North,UPI,Cancelled,Website,88.83
ORD104546,511918,96857,2026-04-27,2026-04-29,2,1057.45,0.0,North,Cash on Delivery,Pending,Website,74.49
ORD104547,509415,96857,2025-03-15,2025-03-18,1,1004.58,0.05,North,UPI,Completed,Mobile App,178.48
ORD104548,507954,80616,2025-11-29,2025-12-02,1,1193.83,10%,West,UPI,Completed,Website,80.74
ORD104549,883666,20351,2025-08-27,2025-08-29,2,693.18,0.0,North,Cash on Delivery,Completed,Mobile App,161.7
ORD104550,255785,59930,2026-02-27,2026-03-04,2,2444.54,0.05,East,Credit Card,Completed,Website,61.11
ORD104551,235450,20351,2025-04-26,2025-04-29,4,693.18,0.0,West,Cash on Delivery,Completed,Marketplace,153.15
ORD104552,590465,23723,2026-03-08,2026-03-10,3,494.26,0.0,West,UPI,Completed,Website,73.66
ORD104553,550242,53143,2025-11-26,2025-11-30,1,2744.63,0.0,South,UPI,Completed,Website,57.9
ORD104554,918245,25046,2025-11-17,2025-11-24,4,257.56,0.05,South,Credit Card,Returned,Mobile App,80.88
ORD104555,532996,25780,2025-02-27,2025-03-01,2,474.27,0.1,South,UPI,Returned,Marketplace,49.01
ORD104556,367193,20351,2025-10-03,2025-10-07,1,589.2,0.15,South,Cash on Delivery,Completed,Mobile App,103.28
ORD104557,335484,67846,2025-02-05,2025-02-09,1,3994.09,0.0,East,Debit Card,Completed,Marketplace,65.69
ORD104558,375259,47907,2025-08-21,2025-08-25,1,3834.38,0.05,west,Cash on Delivery,Completed,Marketplace,60.02
ORD104559,983344,79501,2026-02-10,2026-02-11,4,3635.51,0.0,North,UPI,Pending,Website,89.88
ORD104560,903968,94616,2025-01-08,2025-01-11,2,1312.5,0.0,East,Net Banking,Completed,Mobile App,104.47
ORD104561,486108,28009,2025-11-05,2025-11-09,3,186.01,0.0,West,Cash on Delivery,Completed,Mobile App,142.17
ORD104562,886175,25780,2025-10-15,2025-10-18,2,474.27,0.1,Central,UPI,Cancelled,Marketplace,121.93
ORD104563,263148,83876,2025-04-12,2025-04-17,1,1398.68,0.0,North,Cash on Delivery,Completed,Website,167.54
ORD104564,311118,59930,2025-09-09,2025-09-14,2,2187.22,0.15,West,UPI,Completed,Mobile App,132.79
ORD104565,951867,75277,2025/01/03,2025-01-10,1,235.33,0.0,South,Net Banking,Completed,Mobile App,174.04
ORD104566,763304,79501,2025-12-03,2025-12-07,1,3635.51,0.0,West,UPI,Completed,Mobile App,145.0
ORD104567,725952,80616,2025-02-05,2025-02-08,1,1326.48,0.0,North,UPI,Completed,Mobile App,173.35
ORD104568,235450,27124,2025-04-21,2025-04-26,1,723.73,0.0,West,UPI,Completed,Marketplace,54.98
ORD104569,707085,67846,2025-07-31,2025-08-04,1,3994.09,0.0,West,Debit Card,Completed,Website,59.91
ORD104570,247829,23723,2025-05-23,2025-05-26,1,494.26,0.0,West,UPI,Returned,Mobile App,100.99
ORD104571,766286,39430,06-20-2026,2026-06-24,2,1747.36,0.0,Central,UPI,Completed,Website,173.61
ORD104572,748941,67846,2025-10-17,2025-10-18,1,3994.09,0.0,South,Cash on Delivery,Completed,Mobile App,122.54
ORD104573,534430,23723,2026-03-23,2026-03-28,1,444.83,0.1,West,UPI,Completed,Mobile App,117.14
ORD104574,582439,79501,2026-03-11,2026-03-13,4,3453.73,0.05,West,UPI,Completed,Marketplace,83.54
ORD104575,410822,28009,2025-08-31,2025-09-03,1,186.01,0.0,South,UPI,Completed,Mobile App,164.32
ORD104576,294304,25046,2025-09-06,2025-09-08,5,271.12,0.0,North,Net Banking,Completed,Website,170.02
ORD104577,568342,43806,2026-04-08,2026-04-11,2,741.02,0.0,North,Credit Card,Cancelled,Mobile App,85.7
ORD104578,209896,59930,2025-11-09,2025-11-11,1,2444.54,0.05,South,PayPal,Pending,Website,43.03
ORD104579,634991,88270,2026-05-05,2026-05-08,3,1877.93,0.0,West,Net Banking,Completed,Website,173.79
ORD104580,715785,59930,2026-04-03,2026-04-05,1,2315.88,0.1,South ,Net Banking,Completed,Mobile App,95.38
ORD104581,578458,83401,2025-02-10,2025-02-13,2,575.18,0.0,West,Net Banking,Returned,Mobile App,114.89
ORD104582,608777,83401,2025-11-24,2025-11-28,2,575.18,0.0,West,Credit Card,Completed,Website,152.5
ORD104583,981656,88270,2025-12-30,2026-01-04,1,1502.34,0.2,East,UPI,Completed,Mobile App,149.97
ORD104584,151685,20351,2025-07-15,2025-07-18,1,693.18,0.0,East,Credit Card,Completed,Website,92.64
ORD104585,814369,23723,2025-10-18,2025-10-19,2,494.26,0.0,North,UPI,Completed,Website,140.02
ORD104586,221868,96270,2025-11-07,2025-11-09,2,320.7,0.1,North,Debit Card,Completed,Website,172.12
ORD104587,249215,80616,2026-04-03,2026-04-05,1,1193.83,0.1,South,Credit Card,Completed,Mobile App,145.26
ORD104588,648631,40374,2026-06-15,2026-06-16,4,630.68,0.1,North,UPI,Returned,Website,157.31
ORD104589,968630,28009,2025-12-17,2025-12-24,1,167.41,0.1,North,Credit Card,Completed,Mobile App,100.46
ORD104590,715785,23723,2025-05-15,2025-05-19,1,494.26,0.0,West ,Credit Card,Completed,Website,177.25
ORD104591,301355,53143,10-03-2025,2025-10-06,1,2744.63,0.0,North,UPI,Completed,Website,105.18
ORD104592,507954,96857,2025-11-18,2025-11-22,1,1057.45,0.0,West,Cash on Delivery,Pending,Marketplace,145.68
ORD104593,545153,67846,2026-05-21,2026-05-23,3,3994.09,0.0,East,UPI,Returned,Mobile App,95.62
ORD104594,499200,53143,2026-03-25,28-Mar-2026,1,2744.63,0.0,south,UPI,Completed,Mobile App,104.39
ORD104595,607287,53143,2025-10-06,2025-10-09,2,2744.63,0.0,Central,UPI,Completed,Website,109.41
ORD104596,934103,21754,2025-09-28,2025-10-02,1,1191.95,0.1,West,Net Banking,Completed,Website,176.31
ORD104597,987249,47907,2025-10-13,2025-10-16,1,3834.38,0.05,Central,Debit Card,Completed,Website,70.02
ORD104598,573059,59930,2026-04-15,2026-04-17,1,2573.2,0.0,West,Cash on Delivery,Cancelled,Website,136.66
ORD104599,287271,53143,2025-02-04,,1,2744.63,0.0,East,Credit Card,Completed,Mobile App,80.19
ORD104600,508068,39430,2025-07-11,2025-07-14,1,1572.62,0.1,East,UPI,Completed,Website,158.11
ORD104601,323063,24857,2026-06-20,2026-06-23,1,441.07,0.0,Central,Credit Card,Completed,Mobile App,65.15
ORD104602,709183,25780,2025-04-16,2025-04-19,4,526.97,0.0,West,Net Banking,Completed,Mobile App,49.1
ORD104603,823362,80616,2025-05-22,2025-05-25,3,1193.83,0.1,South,Cash on Delivery,Completed,Mobile App,176.88
ORD104604,596578,25046,2025-02-09,2025-02-13,2,244.01,0.1,Central,Cash on Delivery,Completed,Mobile App,97.25
ORD104605,382701,39430,2026-06-15,2026-06-16,2,1747.36,0.0,West,UPI,Completed,Mobile App,53.78
ORD104606,509415,28009,2025-06-29,2025-07-02,1,186.01,0.0,North,Cash on Delivery,Completed,Marketplace,87.29
ORD104607,691981,99553,2025-07-11,2025-07-16,1,459.87,0.15,West,Credit Card,Returned,Mobile App,101.12
ORD104608,784164,99553,2026-02-24,2026-03-03,1,513.97,0.05,North,Cash on Delivery,Completed,Mobile App,75.01
ORD104609,604773,80616,2025-10-04,2025-10-06,1,1326.48,0.0,Central,Debit Card,Returned,Mobile App,66.19
ORD104610,177793,20351,2025-09-28,2025-10-01,3,589.2,0.15,West,UPI,Completed,Mobile App,94.93
ORD104611,353016,59930,2025-02-20,2025-02-25,2,2315.88,0.1,North,Credit Card,Completed,Website,81.47
ORD104612,635958,40374,2025-06-25,2025-06-30,3,700.76,0.0,North,UPI,Pending,Marketplace,129.61
ORD104613,836208,83876,2025-11-07,2025-11-11,1,1258.81,0.1,South,UPI,Completed,Website,143.29
ORD104614,192777,94616,2025-10-10,2025-10-11,1,1181.25,0.1,East,Cash on Delivery,Completed,Website,159.67
ORD104615,752183,83401,2026-01-08,2026-01-12,1,517.66,0.1,Central,Debit Card,Cancelled,Website,128.98
ORD104616,725952,75277,2025-11-17,2025-11-20,3,211.8,0.1,North,Cash on Delivery,Completed,Marketplace,74.45
ORD104617,509415,47907,2025-10-13,2025-10-17,1,3228.95,0.2,North,Credit Card,Returned,Marketplace,107.12
ORD104618,522520,96857,2025-11-16,2025-11-21,2,1004.58,0.05,South,Net Banking,Completed,Mobile App,133.23
ORD104619,883666,96270,2026-03-07,2026-03-10,1,356.33,0.0,North,UPI,Completed,Website,153.78
ORD104620,629979,20351,2026-05-29,2026-05-30,2,623.86,0.1,South,Cash on Delivery,Completed,Marketplace,140.83
ORD104621,764915,47907,2026-03-18,2026-03-21,1,4036.19,0.0,North,Cash on Delivery,Completed,Website,164.82
ORD104622,410216,80616,2026-06-23,2026-06-28,1,1127.51,0.15,South,credit card,Completed,Mobile App,81.69
ORD104623,537950,59930,2026-05-12,2026-05-15,1,2573.2,0.0,East,Net Banking,Completed,Website,80.64
ORD104624,573059,28009,2025/09/01,2025-09-03,2,158.11,0.15,West,UPI,Completed,Website,98.6
ORD104625,257678,67846,2025-03-09,2025-03-11,1,3994.09,0.0,East,Credit Card,Completed,Website,53.24
ORD104626,643571,67846,2025-12-29,2025-12-31,1,3994.09,0.0,North,UPI,Completed,Mobile App,108.28
ORD104627,545153,79501,2025-09-15,2025-09-20,1,3090.18,0.15,East,Net Banking,Completed,Website,132.22
ORD104628,510981,53143,07/05/2025,2025-05-14,1,2744.63,0.0,South,Cash on Delivery,Completed,Mobile App,59.39
ORD104629,300385,25780,2025-07-06,2025-07-08,2,500.62,0.05,West,Credit Card,Pending,Marketplace,83.33
ORD104630,883666,43806,2026-01-20,2026-01-21,1,703.97,0.05,North,UPI,Completed,Marketplace,152.12
ORD104631,989226,94616,2025-05-01,2025-05-04,1,1181.25,0.1,West,Debit Card,Pending,Mobile App,36.32
ORD104632,833912,25780,2026-02-17,2026-02-21,1,526.97,0.0,North,Credit Card,Pending,Mobile App,100.05
ORD104633,578458,53143,2025-04-13,2025-04-17,1,2744.63,0.0,West,UPI,Completed,Mobile App,73.44
ORD104634,363683,59930,2025-03-14,2025-03-16,4,2573.2,0.0,West,Debit Card,Completed,Marketplace,45.49
ORD104635,383221,80616,2025-08-23,2025-08-27,3,1193.83,0.1,West,UPI,Completed,Mobile App,94.12
ORD104636,491764,83401,2025-02-13,2025-02-15,4,517.66,0.1,Central,Credit Card,Returned,Marketplace,90.15
ORD104637,498025,20351,2026-03-19,2026-03-23,1,693.18,0.0,South,Cash on Delivery,Completed,Website,176.44
ORD104638,576647,59930,2025-09-25,2025-09-28,1,2444.54,0.05,W,Net Banking,Completed,Mobile App,48.16
ORD104639,215684,24857,2026-03-07,2026-03-11,1,419.02,0.05,South,Cash on Delivery,Completed,Website,128.96
ORD104640,384470,75277,2026-01-05,2026-01-10,1,235.33,0.0,West,Cash on Delivery,Completed,Mobile App,146.7
ORD104641,603177,96857,2025-07-06,2025-07-09,1,1057.45,0.0,South,UPI,Completed,Marketplace,53.24
ORD104642,277952,23723,2025-11-07,2025-11-09,1,494.26,0.0,South,Credit Card,Completed,Mobile App,109.13
ORD104643,601846,24857,2025-05-03,2025-05-07,1,396.96,0.1,North,Debit Card,Completed,Mobile App,161.01
ORD104644,353016,99553,2025-05-06,2025-05-10,1,459.87,0.15,North,UPI,Completed,Website,79.94
ORD104645,485707,23723,2025-07-17,2025-07-22,2,494.26,0.0,West,Credit Card,Completed,Marketplace,113.39
ORD104646,715785,80616,2025-05-22,2025-05-29,4,1326.48,0.0,South,Credit Card,Completed,Website,128.61
ORD104647,996075,99553,2026-01-19,2026-01-22,1,459.87,0.15,West,Cash on Delivery,Completed,Website,75.3
ORD104648,603177,99553,2025-12-12,2025-12-14,4,486.92,0.1,South,Debit Card,Completed,Mobile App,94.26
ORD104649,232362,96270,2025-07-29,2025-07-30,3,320.7,0.1,South,UPI,Returned,Website,54.48
ORD104650,989775,80616,2026-02-13,2026-02-15,2,1326.48,0.0,South,UPI,Pending,Mobile App,151.16
ORD104651,509415,25780,2025-10-28,2025-10-31,2,474.27,0.1,North,UPI,Completed,Website,128.68
ORD104652,876105,59930,2025-08-19,2025-08-21,1,2444.54,0.05,East,Net Banking,Completed,Website,39.79
ORD104653,126201,83401,2025-01-17,2025-01-21,1,546.42,0.05,West,Cash on Delivery,Cancelled,Website,147.06
ORD104654,243466,43806,2026-03-16,2026-03-18,1,703.97,0.05,West,PayPal,Completed,Marketplace,126.59
ORD104655,475655,88270,2025-07-28,2025-07-30,1,1877.93,0.0,South,UPI,Completed,Website,68.31
ORD104656,887668,23723,2026-06-06,2026-06-07,4,494.26,0.0,North,Net Banking,Pending,Website,169.43
ORD104657,996075,59930,2025-04-03,2025-04-08,1,2444.54,0.05,West,Credit Card,Completed,Mobile App,115.99
ORD104658,455093,24857,2025-07-21,2025-07-26,1,441.07,0.0,South,UPI,Completed,Marketplace,84.05
ORD104659,832149,40374,2026-04-13,2026-04-14,2,700.76,0.0,South,Credit Card,Completed,Marketplace,48.39
ORD104660,832149,25780,2026-02-05,2026-02-08,1,526.97,0.0,South,Debit Card,Returned,Marketplace,49.51
ORD104661,928190,20351,2026-05-10,2026-05-15,1,693.18,0.0,North,UPI,Completed,Mobile App,165.39
ORD104662,247829,25046,2025-08-15,2025-08-16,3,271.12,0.0,West,Net Banking,Completed,Mobile App,156.81
ORD104663,989775,99553,2025-06-22,2025-06-23,2,513.97,0.05,South,Credit Card,Completed,Website,179.54
ORD104664,384470,23723,2025-11-02,2025-11-07,2,444.83,0.1,West,Net Banking,Completed,Marketplace,128.52
ORD104665,578458,88270,2025-02-28,2025-03-04,2,1784.03,0.05,West,Credit Card,Cancelled,Website,60.73
ORD104666,710265,28009,2025-12-12,2025-12-13,1,167.41,0.1,North,UPI,Completed,Website,67.99
ORD104667,624404,20351,2025-07-26,2025-07-28,1,693.18,0.0,SOUTH,PayPal,Completed,Website,144.16
ORD104668,994768,59930,2025-12-24,2025-12-27,1,2573.2,0.0,East,Credit Card,Completed,Website,74.37
ORD104669,122935,59930,2025-10-04,2025-10-05,2,2573.2,0.0,West,Credit Card,Completed,Mobile App,58.58
ORD104670,367193,94616,2026-05-10,,2,1312.5,0.0,South,Cash on Delivery,Completed,Mobile App,84.08
ORD104671,188494,23723,2025-11-05,2025-11-06,1,,0.1,Central,Credit Card,Completed,Mobile App,77.84
ORD104672,553490,75277,2026-04-17,2026-04-21,2,235.33,0.0,West,PayPal,Completed,Mobile App,68.47
ORD104673,519562,20351,2026-02-08,2026-02-11,2,658.52,0.05,East,Net Banking,Completed,Website,109.0
ORD104674,453136,27124,2025-01-22,2025-01-25,1,723.73,0.0,East,Cash on Delivery,Completed,Marketplace,84.52
ORD104675,100900,23723,2026-01-02,2026-01-05,1,444.83,0.1,North,Net Banking,Completed,Mobile App,104.92
ORD104676,989775,96270,2026-03-23,2026-03-27,3,356.33,0.0,South,UPI,Pending,Website,153.31
ORD104677,800293,80616,2026-01-16,2026-01-20,1,1260.16,0.05,North,Net Banking,Returned,Mobile App,132.75
ORD104678,837919,20351,2026-04-06,2026-04-09,2,554.54,0.2,South,Cash on Delivery,Completed,Website,41.27
ORD104679,951867,53143,2025-10-28,2025-11-01,1,2332.94,0.15,South,UPI,Completed,Marketplace,138.21
ORD104680,784164,21754,2026-06-21,2026-06-24,1,1324.39,0.0,North,UPI,Completed,Marketplace,105.95
ORD104681,635958,25780,2026-06-23,2026-06-27,3,526.97,0.0,North,Credit Card,Completed,Mobile App,178.81
ORD104682,510981,67846,2025-04-12,2025-04-19,1,3994.09,0.0,South,Credit Card,Completed,Mobile App,91.04
ORD104683,918245,20351,2025-07-19,2025-07-23,3,693.18,0.0,South ,Credit Card,Completed,Mobile App,44.45
ORD104684,681114,24857,2025-06-09,2025-06-11,2,419.02,0.05,North,Cash on Delivery,Returned,Mobile App,61.78
ORD104685,918245,80616,2025-01-19,2025-01-22,1,1326.48,0.0,W,Cash on Delivery,Cancelled,Mobile App,140.66
ORD104686,876105,28009,2025-03-10,2025-03-12,2,176.71,0.05,East,Cash on Delivery,Completed,Website,175.53
ORD104687,941623,20351,2025-12-31,2026-01-05,2,658.52,0.05,South,Cash on Delivery,Completed,Mobile App,65.75
ORD104688,901934,28009,2025-10-19,2025-10-21,1,186.01,0.0,East,UPI,Pending,Mobile App,36.71
ORD104689,235450,53143,2026-01-23,2026-01-28,2,2744.63,0.0,West,UPI,Completed,Mobile App,89.75
ORD104690,221868,23723,2025-10-30,2025-10-31,1,444.83,0.1,North,UPI,Completed,Website,40.92
ORD104691,920802,59930,2026-06-15,2026-06-19,3,2444.54,0.05,Central,Cash on Delivery,Completed,Website,123.42
ORD104692,548860,24857,2026-05-16,2026-05-18,1,441.07,0.0,Central,UPI,Completed,Mobile App,133.39
ORD104693,155205,83876,2025-02-21,2025-02-23,1,1398.68,0.0,North,Credit Card,Completed,Marketplace,44.96
ORD104694,901934,40374,2025-04-17,2025-04-21,1,700.76,0.0,East,Cash on Delivery,Completed,Website,87.57
ORD104695,510981,79501,2026-04-06,2026-04-08,5,3271.96,0.1,South,Debit Card,Completed,Website,130.99
ORD104696,488226,25780,2025-07-27,2025-07-30,1,500.62,0.05,South,Debit Card,Completed,Mobile App,54.89
ORD104697,670233,75277,2025-03-24,2025-03-29,1,235.33,0.0,South,Cash on Delivery,Completed,Website,171.77
ORD104698,725952,28009,2025-04-05,2025-04-08,1,176.71,0.05,North,Net Banking,Returned,Mobile App,134.44
ORD104699,968292,47907,2025-04-19,2025-04-22,2,4036.19,0.0,West,Debit Card,Returned,Website,129.17
ORD104700,715785,83876,2026-06-03,2026-06-06,1,1398.68,0.0,South,Credit Card,Completed,Mobile App,173.35
ORD104701,982841,27124,2026-02-04,2026-02-06,3,723.73,0.0,Central,Cash on Delivery,Completed,Mobile App,51.05
ORD104702,204112,83401,2025-08-08,2025-08-13,1,575.18,0.0,West,PayPal,Cancelled,Mobile App,78.37
ORD104703,759247,23723,2025-03-15,2025-03-18,1,494.26,0.0,North,Net Banking,Returned,Website,135.06
ORD104704,687478,53143,2025-11-18,2025-11-21,1,2744.63,0.0,North,UPI,Completed,Mobile App,46.81
ORD104705,715785,43806,2025-08-01,2025-08-04,1,741.02,0.0,South,Credit Card,Completed,Website,75.02
ORD104706,410043,43806,2025/09/12,2025-09-15,1,741.02,0.0,North,UPI,Pending,Website,177.98
ORD104707,918245,79501,2025-09-06,2025-09-07,1,3635.51,0.0,South,UPI,Completed,Mobile App,64.58
ORD104708,499200,25780,2025-04-15,2025-04-19,999,526.97,0.0,North,Net Banking,Pending,Marketplace,155.02
ORD104709,634991,53143,2025-02-16,2025-02-18,1,2607.4,0.05,West,UPI,Completed,Website,101.61
ORD104710,410216,67846,2026-03-04,2026-03-09,1,3994.09,0.0,South,UPI,Cancelled,Website,67.8
ORD104711,894878,40374,2025-06-17,2025-06-24,2,700.76,0.0,North,UPI,Returned,Mobile App,157.0
ORD104712,152294,23723,2025-04-22,2025-04-26,4,494.26,0.0,West,Credit Card,Pending,Mobile App,157.02
ORD104713,690321,83876,2025-03-11,2025-03-14,1,1328.75,0.05,North,Debit Card,Pending,Marketplace,124.38
ORD104714,504504,20351,2025-06-13,2025-06-15,1,693.18,0.0,South,Credit Card,Returned,Marketplace,136.4
ORD104715,717322,80616,2025-08-15,2025-08-20,1,1326.48,0.0,North,Net Banking,Completed,Website,119.46
ORD104716,727246,47907,2026-03-26,2026-03-28,1,4036.19,0.0,West,UPI,Cancelled,Website,52.41
ORD104717,504504,67846,2025-08-09,2025-08-13,1,3394.98,0.15,South,UPI,Returned,Website,88.24
ORD104718,407648,83876,2025-10-08,2025-10-15,1,1398.68,0.0,North,Net Banking,Returned,Mobile App,158.12
ORD104719,407648,67846,2025-08-22,2025-08-25,1,3994.09,0.0,North,Credit Card,Completed,Website,99.05
ORD104720,311483,80616,2025-11-06,2025-11-11,1,1326.48,0.0,Central,UPI,Completed,Website,77.06
ORD104721,247829,88270,2025-10-31,2025-11-03,1,1877.93,0.0,West,Net Banking,Completed,Website,172.5
ORD104722,247829,59930,2025-04-15,2025-04-19,5,2573.2,0.0,West,Net Banking,Completed,Website,173.54
ORD104723,454493,27124,2025-01-13,2025-01-16,1,723.73,0.0,North,Credit Card,Completed,Mobile App,115.37
ORD104724,876105,23723,2025-09-26,2025-09-29,2,494.26,0.0,East,Cash on Delivery,Pending,Website,93.4
ORD104725,715785,99553,2026-02-06,2026-02-13,1,541.02,0.0,South,Cash on Delivery,Completed,Website,163.57
ORD104726,670233,25780,2025-01-24,2025-01-26,4,526.97,0.0,South,UPI,Completed,Mobile App,150.0
ORD104727,642011,20351,2026-05-23,2026-05-28,1,658.52,0.05,East,Net Banking,Completed,Website,65.69
ORD104728,586025,80616,2025-06-18,2025-06-20,1,1193.83,0.1,North,UPI,Completed,Mobile App,41.35
ORD104729,418418,59930,2025-02-26,2025-02-27,2,2573.2,0.0,North,Cash on Delivery,Pending,Marketplace,58.31
ORD104730,784164,96270,2026-06-30,2026-07-03,1,356.33,0.0,South ,UPI,Completed,Mobile App,61.8
ORD104731,485707,75277,2025-01-14,2025-01-15,4,223.56,0.05,West,Debit Card,Completed,Marketplace,162.24
ORD104732,608777,79501,2026-03-09,2026-03-12,1,3635.51,0.0,West,Credit Card,Completed,Marketplace,36.19
ORD104733,836208,99553,2025-06-10,2025-06-11,1,541.02,0.0,South,Credit Card,Completed,Website,80.04
ORD104734,188494,20351,2026-06-01,2026-06-04,2,658.52,0.05,Central,Cash on Delivery,Completed,Website,111.66
ORD104735,486108,28009,2025-06-23,2025-06-26,1,176.71,0.05,West,UPI,Completed,Mobile App,116.59
ORD104736,608777,20351,2026-04-26,2026-05-01,1,693.18,0.0,West,UPI,Completed,Mobile App,75.14
ORD104737,836208,99553,2025-08-09,2025-08-10,1,541.02,0.0,South,Credit Card,Pending,Website,142.84
ORD104738,608777,53143,2025-06-27,2025-06-29,4,2744.63,0.0,West,UPI,Returned,Website,99.4
ORD104739,634991,28009,2025-07-02,2025-07-06,2,186.01,0.0,West,UPI,Completed,Mobile App,139.58
ORD104740,509415,23723,2025-11-26,2025-11-28,3,469.55,0.05,North,PayPal,Returned,Website,156.84
ORD104741,987249,20351,2026-01-18,2026-01-21,2,623.86,0.1,Central,PayPal,Returned,Mobile App,73.83
ORD104742,981656,67846,2025-03-17,2025-03-21,1,3994.09,0.0,East,Debit Card,Completed,Mobile App,63.3
ORD104743,593800,83401,2026-06-03,2026-06-04,1,575.18,0.0,Central,UPI,Completed,Mobile App,160.6
ORD104744,233393,40374,2026-02-11,2026-02-15,3,700.76,0.0,West,Cash on Delivery,Completed,Mobile App,147.92
ORD104745,547445,20351,2026-03-31,2026-04-04,3,693.18,0.0,West,Net Banking,Returned,Mobile App,122.21
ORD104746,407648,67846,2025-11-27,2025-12-01,1,3594.68,0.1,North,UPI,Returned,Mobile App,81.15
ORD104747,305633,20351,2025-09-01,2025-09-04,2,554.54,0.2,East,Net Banking,Completed,Mobile App,40.16
ORD104748,532996,24857,2025-02-18,2025-02-20,1,441.07,0.0,South,UPI,Completed,Mobile App,55.24
ORD104749,669378,53143,2025-07-13,2025-07-17,2,2744.63,0.0,Central,Debit Card,Completed,Mobile App,100.74
ORD104750,887590,67846,2026-06-01,2026-06-03,1,3394.98,0.15,North,Cash on Delivery,Completed,Marketplace,113.04
ORD104751,603177,25046,2025-02-14,2025-02-16,1,271.12,0.0,South,Net Banking,Completed,Mobile App,106.75
ORD104752,707415,83876,2026-05-23,2026-05-26,4,1398.68,0.0,North,Debit Card,Completed,Mobile App,133.96
ORD104753,520596,75277,2026-05-12,2026-05-14,1,211.8,0.1,West,UPI,Completed,Mobile App,159.75
ORD104754,179644,25046,2025-11-07,2025-11-11,1,216.9,0.2,West,UPI,Completed,Website,94.32
ORD104755,415781,59930,2025-03-29,2025-04-01,3,2573.2,0.0,Central,Debit Card,Completed,Website,87.23
ORD104756,440325,40374,2025-02-26,2025-02-27,1,700.76,0.0,North,Cash on Delivery,Completed,Website,55.07
ORD104757,832149,53143,2025-01-19,2025-01-22,2,2332.94,0.15,South,Credit Card,Completed,Website,73.15
ORD104758,935164,79501,2025-12-28,2025-12-31,2,3635.51,0.0,East,Cash on Delivery,Completed,Mobile App,122.62
ORD104759,499200,59930,2026-02-18,2026-02-23,3,2315.88,0.1,North,Net Banking,Completed,Website,50.68
ORD104760,752183,59930,2025-02-23,2025-02-27,2,2444.54,0.05,Central,UPI,Returned,Mobile App,76.43
ORD104761,509415,67846,2026-05-24,2026-05-28,2,3994.09,0.0,North,Debit Card,Completed,Website,149.28
ORD104762,920802,20351,2025-06-22,2025-06-27,3,623.86,0.1,Central,Debit Card,Completed,Marketplace,98.07
ORD104763,634991,80616,2025-12-02,2025-12-05,1,1260.16,0.05,West,UPI,Cancelled,Mobile App,139.69
ORD104764,710265,99553,2025-12-15,2025-12-17,1,541.02,0.0,North,Cash on Delivery,Completed,Mobile App,114.72
ORD104765,419328,20351,2025-11-04,2025-11-06,3,623.86,0.1,south,Cash on Delivery,Returned,Website,69.83
ORD104766,215684,83401,2026-03-24,2026-03-29,1,575.18,0.0,South,Debit Card,Completed,Website,70.23
ORD104767,715785,53143,2026-04-25,2026-04-26,2,2744.63,0.0,South,Credit Card,Cancelled,Mobile App,86.44
ORD104768,344759,79501,2025-12-16,2025-12-17,1,3453.73,0.05,Central,Debit Card,Returned,Mobile App,74.33
ORD104769,883666,20351,2025-07-07,2025-07-12,999,693.18,0.0,North,Net Banking,Completed,Mobile App,59.24
ORD104770,148102,75277,2025-08-03,2025-08-07,1,211.8,0.1,West,Cash on Delivery,Completed,Mobile App,106.53
ORD104771,784164,20351,2025-09-19,2025-09-23,1,658.52,0.05,North,Cash on Delivery,Pending,Website,93.78
ORD104772,941978,88270,2026-06-28,2026-07-01,1,1596.24,0.15,North,Net Banking,Completed,Mobile App,157.72
ORD104773,883666,39430,2025-09-18,2025-09-21,3,1397.89,0.2,North,Net Banking,Completed,Marketplace,36.46
ORD104774,459160,96270,2025-07-07,2025-07-11,3,356.33,0.0,West,UPI,Completed,Mobile App,125.41
ORD104775,287271,96270,2025-10-29,2025-11-03,1,338.51,0.05,East,UPI,Pending,Website,119.79
ORD104776,669378,59930,2025-07-05,2025-07-07,3,2315.88,0.1,Central,UPI,Completed,Website,62.0
ORD104777,323509,24857,2025-07-18,2025-07-20,5,374.91,0.15,East,UPI,Completed,Website,107.27
ORD104778,418418,27124,2025-01-26,2025-01-27,1,723.73,0.0,North,UPI,Completed,Website,88.11
ORD104779,509415,59930,2025/02/21,2025-02-25,1,2573.2,0.0,North,Credit Card,Returned,Website,67.33
ORD104780,604773,79501,2025/09/12,2025-09-15,2,3635.51,0.0,Central,PayPal,Completed,Marketplace,149.28
ORD104781,816732,67846,2026-01-30,2026-02-06,2,3994.09,0.0,East,UPI,Cancelled,Mobile App,161.01
ORD104782,624404,83876,2026-05-03,2026-05-06,3,1188.88,0.15,North,Credit Card,Completed,Website,66.61
ORD104783,746968,21754,2025-06-11,2025-06-14,5,1324.39,0.0,West,Cash on Delivery,Completed,Website,139.56
ORD104784,996075,80616,2025-07-08,2025-07-11,2,1326.48,0.0,West,UPI,Completed,Mobile App,141.36
ORD104785,608777,80616,2025-05-22,2025-05-27,4,1326.48,0.0,West,Cash on Delivery,Completed,Website,115.44
ORD104786,823362,67846,2025-09-16,2025-09-20,1,3994.09,0.0,South,Credit Card,Completed,Website,171.3
ORD104787,510981,83401,2025-07-23,2025-07-26,2,546.42,0.05,South,UPI,Completed,Website,128.41
ORD104788,509415,50462,2025-09-30,2025-10-02,1,161.17,0.0,North,Credit Card,Completed,Mobile App,110.57
ORD104789,247829,28009,2025-07-29,2025-07-31,1,186.01,0.0,West,Debit Card,Completed,Mobile App,128.13
ORD104790,578302,40374,2025-09-07,2025-09-09,3,700.76,0.0,Central,Credit Card,Completed,Mobile App,94.27
ORD104791,221705,20351,2025-08-09,2025-08-12,1,693.18,0.0,West,Net Banking,Returned,Mobile App,109.65
ORD104792,815331,80616,2025/10/17,2025-10-24,1,1326.48,0.0,West,PayPal,Completed,Marketplace,74.11
ORD104793,555985,50462,2025-01-29,2025-01-30,1,161.17,0.0,East,Net Banking,Returned,Website,166.78
ORD104794,608777,75277,2026-01-23,2026-01-26,2,200.03,0.15,West,Net Banking,Returned,Mobile App,116.89
ORD104795,676737,83401,2025-08-22,2025-08-27,2,546.42,0.05,Central,PayPal,Completed,Marketplace,152.78
ORD104796,511918,96270,2026-05-29,2026-06-01,1,356.33,0.0,North,Net Banking,Pending,Mobile App,46.69
ORD104797,897209,83401,2026-04-23,2026-04-30,1,546.42,0.05,West,Net Banking,Completed,Mobile App,167.37
ORD104798,257678,50462,2025-11-18,2025-11-21,3,128.94,0.2,East,Cash on Delivery,Completed,Marketplace,135.7
ORD104799,752183,25780,2025-02-14,2025-02-16,1,526.97,0.0,Central,UPI,Completed,Website,171.86
ORD104800,257678,67846,2025-05-18,2025-05-20,2,3794.39,0.05,East,Cash on Delivery,Completed,Website,126.33
ORD104801,545153,43806,2025-10-30,2025-11-04,1,,0.0,East,Cash on Delivery,Pending,Marketplace,111.26
ORD104802,707085,75277,2025-02-26,2025-02-28,2,235.33,0.0,West,Cash on Delivery,Completed,Mobile App,171.61
ORD104803,849738,39430,2026-04-04,2026-04-05,2,1572.62,0.1,East,UPI,Completed,Mobile App,179.67
ORD104804,585327,83876,2026-05-07,2026-05-10,1,1398.68,0.0,North,Net Banking,Completed,Website,123.48
ORD104805,833912,21754,2025-07-16,2025-07-19,1,1324.39,0.0,North,Credit Card,Completed,Website,157.62
ORD104806,971601,96857,2025-12-04,2025-12-09,1,1057.45,0.0,West,PayPal,Completed,Website,109.48
ORD104807,578458,83401,2025-10-03,2025-10-07,1,575.18,0.0,West ,PayPal,Completed,Mobile App,103.36
ORD104808,499200,21754,2025-10-14,2025-10-18,1,1258.17,0.05,North,Cash on Delivery,Cancelled,Website,125.69
ORD104809,287271,96270,2025-04-15,2025-04-19,3,320.7,0.1,SOUTH,Credit Card,Completed,Website,44.61
ORD104810,509415,25780,2026-04-17,2026-04-18,1,526.97,0.0,North,Cash on Delivery,Completed,Mobile App,171.26
ORD104811,221868,88270,2025-09-01,2025-09-04,4,1877.93,0.0,North,Debit Card,Completed,Mobile App,44.53
ORD104812,746968,23723,2025-10-01,2025-10-06,3,494.26,0.0,West,UPI,Cancelled,Marketplace,54.44
ORD104813,257381,80616,2025-10-22,2025-10-24,2,1061.18,0.2,North,Net Banking,Pending,Website,138.36
ORD104814,565883,88270,2025-06-06,2025-06-08,1,1596.24,0.15,South,Net Banking,Cancelled,Marketplace,92.11
ORD104815,550242,83876,2026-02-14,2026-02-18,1,1328.75,0.05,South,Net Banking,Completed,Mobile App,97.32
ORD104816,363683,27124,2026-01-27,2026-01-28,1,723.73,0.0,West,UPI,Cancelled,Mobile App,43.47
ORD104817,761892,20351,2025-03-31,2025-04-03,1,693.18,0.0,East,Net Banking,Completed,Website,143.39
ORD104818,509415,25780,2025-11-12,2025-11-13,1,500.62,0.05,south,Net Banking,Completed,Marketplace,169.63
ORD104819,784164,80616,2025-12-14,2025-12-16,1,1193.83,0.1,North,Net Banking,Completed,Marketplace,144.28
ORD104820,550242,83876,2025-11-17,20-Nov-2025,1,1258.81,0.1,South,Credit Card,Completed,Mobile App,124.9
ORD104821,853329,79501,2026-04-30,2026-05-02,1,3635.51,0.0,South,Net Banking,Pending,Website,102.95
ORD104822,257678,67846,2026-02-24,2026-02-26,1,3394.98,0.15,East,Credit Card,Completed,Website,115.36
ORD104823,383221,25780,2025-11-14,2025-11-15,1,526.97,0.0,West,UPI,Completed,Website,97.81
ORD104824,155485,67846,2025-12-31,2026-01-04,2,3994.09,0.0,West,UPI,Completed,Marketplace,130.33
ORD104825,259621,21754,2025-11-20,2025-11-22,2,1258.17,0.05,East,Debit Card,Completed,Marketplace,58.11
ORD104826,883973,39430,2025-07-04,2025-07-09,2,1572.62,0.1,Central,Debit Card,Completed,Website,116.24
ORD104827,578458,53143,2026-03-11,2026-03-13,1,2470.17,0.1,West,UPI,Completed,Website,49.03
ORD104828,782094,99553,2025-03-06,2025-03-09,2,541.02,0.0,West,UPI,Completed,Mobile App,169.21
ORD104829,200363,40374,2025-03-13,2025-03-15,3,595.65,0.15,East,Credit Card,Completed,Website,131.62
ORD104830,794251,23723,2025-07-20,2025-07-25,2,494.26,0.0,North,UPI,Completed,Marketplace,81.25
ORD104831,488226,83401,2025-07-09,2025-07-14,4,575.18,0.0,South,UPI,Cancelled,Website,179.38
ORD104832,520596,88270,2025-12-26,2025-12-29,1,1877.93,0.0,West,UPI,Completed,Website,179.62
ORD104833,989775,47907,2025-02-06,2025-02-08,3,4036.19,0.0,South,Cash on Delivery,Completed,Mobile App,82.66
ORD104834,,83876,2026-04-19,2026-04-24,1,1328.75,0.05,South,UPI,Completed,Mobile App,119.8
ORD104835,759247,79501,2025-11-14,2025-11-16,1,3635.51,0.0,North,UPI,Completed,Website,47.15
ORD104836,724264,83876,2025-11-28,2025-12-05,3,1258.81,0.1,SOUTH,Cash on Delivery,Completed,Mobile App,118.52
ORD104837,764915,24857,2025-02-28,2025-03-05,1,441.07,0.0,North,Credit Card,Completed,Website,38.71
ORD104838,849738,79501,2025-12-13,2025-12-14,1,3453.73,0.05,East,Debit Card,Completed,Marketplace,39.08
ORD104839,502525,83876,2025-04-01,2025-04-04,1,1258.81,0.1,Central,Credit Card,Completed,Website,85.18
ORD104840,508068,47907,2025-03-18,2025-03-20,1,4036.19,0.0,East,UPI,Completed,Mobile App,93.95
ORD104841,384470,67846,2025-12-16,2025-12-23,2,3594.68,0.1,West,Net Banking,Completed,Website,109.46
ORD104842,372970,59930,2025-08-01,2025-08-03,1,2315.88,0.1,Central,Credit Card,Completed,Website,170.64
ORD104843,740287,67846,2025-11-25,2025-11-29,2,3994.09,0.0,West,Cash on Delivery,Completed,Website,85.4
ORD104844,951867,25046,2026-02-22,2026-02-23,3,257.56,0.05,South,UPI,Completed,Website,37.4
ORD104845,548860,94616,2025-09-10,2025-09-13,2,1312.5,0.0,Central,UPI,Completed,Mobile App,48.9
ORD104846,509415,23723,2025-12-18,2025-12-23,1,494.26,0.0,North,Cash on Delivery,Completed,Marketplace,86.27
ORD104847,410043,99553,2026-02-19,2026-02-23,1,459.87,0.15,North,Cash on Delivery,Completed,Mobile App,179.39
ORD104848,554250,79501,2025-05-20,2025-05-22,3,3090.18,0.15,South,Cash on Delivery,Completed,Mobile App,105.69
ORD104849,547445,53143,2025-07-15,2025-07-19,1,2744.63,0.0,West,UPI,Completed,Marketplace,66.0
ORD104850,532996,67846,2025-09-20,2025-09-22,2,3994.09,0.0,South,PayPal,Completed,Marketplace,67.93
ORD104851,410822,83401,2025-12-08,2025-12-10,4,575.18,0.0,South,credit card,Completed,Mobile App,137.07
ORD104852,715785,83401,2026-05-11,2026-05-14, 5 ,575.18,0.0,South,UPI,Completed,Mobile App,61.11
ORD104853,876105,80616,2025-02-10,2025-02-13,1,1326.48,0.0,East,Cash on Delivery,Completed,Marketplace,132.52
ORD104854,863492,24857,2025-11-23,2025-11-24,5,396.96,0.1,Central,Cash on Delivery,Completed,Mobile App,168.74
ORD104855,502910,20351,2025-12-24,2025-12-27,1,693.18,0.0,North,Debit Card,Completed,Marketplace,86.26
ORD104856,648631,39430,2025-12-19,2025-12-23,1,1572.62,0.1,North,UPI,Cancelled,Mobile App,106.05
ORD104857,593800,79501,2025-09-12,2025-09-15,1,3090.18,0.15,Central,UPI,Completed,Mobile App,141.1
ORD104858,603177,25780,2026-01-04,2026-01-06,3,526.97,0.0,South,Debit Card,Completed,Mobile App,71.64
ORD104859,508068,28009,2025-11-08,2025-11-11,5,186.01,0.0,East,Cash on Delivery,Completed,Mobile App,159.24
ORD104860,715785,20351,2026-03-08,2026-03-15,1,693.18,0.0,South,Debit Card,Completed,Marketplace,53.12
ORD104861,968292,21754,2025-01-17,2025-01-19,1,1324.39,0.0,West,Credit Card,Returned,Mobile App,55.18
ORD104862,918245,80616,2025-07-21,2025-07-23,1,1260.16,0.05,South,Debit Card,Completed,Website,67.01
ORD104863,367830,40374,2026-04-02,2026-04-06,3,630.68,0.1,North,Cash on Delivery,Completed,Mobile App,120.01
ORD104864,507954,80616,2025-01-17,2025-01-19,1,1326.48,0.0,West,Cash on Delivery,Completed,Mobile App,162.8
ORD104865,586025,47907,2025-12-01,2025-12-01,1,3430.76,0.15,North,Net Banking,Cancelled,Website,121.77
ORD104866,681114,67846,2025-08-17,2025-08-20,1,3594.68,0.1,North,Cash on Delivery,Cancelled,Mobile App,165.95
ORD104867,863492,83876,2026-01-13,2026-01-18,1,1398.68,0.0,Central,Cash on Delivery,Completed,Mobile App,90.66
ORD104868,155485,23723,2025-08-17,2025-08-19,1,420.12,0.15,West,UPI,Pending,Website,136.72
ORD104869,951867,25046,2026-01-25,2026-01-26,1,271.12,0.0,South,Cash on Delivery,Completed,Mobile App,62.44
ORD104870,311118,20351,2026-01-14,2026-01-18,3,693.18,0.0,West,UPI,Completed,Mobile App,95.09
ORD104871,996075,24857,2025-05-19,2025-05-21,1,441.07,0.0,West,Net Banking,Cancelled,Marketplace,139.84
ORD104872,521337,23723,2025-11-14,2025-11-19,1,395.41,0.2,East,Net Banking,Returned,Website,136.58
ORD104873,935164,43806,2025-11-20,2025-11-27,2,741.02,0.0,East,Credit Card,Completed,Marketplace,48.19
ORD104874,662543,21754,2026-02-03,2026-02-05,4,1191.95,0.1,West,UPI,Completed,Website,99.37
ORD104875,545153,83401,2026-03-29,2026-04-03,3,546.42,0.05,East,UPI,Completed,Mobile App,111.48
ORD104876,417672,79501,2026-04-26,2026-04-29,1,3090.18,0.15,North,Cash on Delivery,Completed,Marketplace,62.38
ORD104877,375259,99553,2026-02-18,2026-02-22,1,541.02,10%,Central,UPI,Completed,Mobile App,140.85
ORD104878,128960,23723,2026-05-04,2026-05-08,1,494.26,0.0,South,Debit Card,Completed,Mobile App,139.47
ORD104879,996075,20351,2025-08-19,2025-08-21,1,693.18,0.0,West,UPI,Completed,Marketplace,168.52
ORD104880,884995,83401,2025-06-26,2025-06-30,4,488.9,0.15,East,UPI,Completed,Marketplace,95.44
ORD104881,555985,59930,2026-05-18,2026-05-20,3,2573.2,0.0,East,Credit Card,Completed,Marketplace,45.62
ORD104882,627277,67846,2026-05-17,,1,3994.09,0.0,West,Cash on Delivery,Completed,Mobile App,158.91
ORD104883,593565,23723,2025-11-20,,2,469.55,0.05,North,Cash on Delivery,Completed,Website,114.0
ORD104884,800130,88270,2025-11-27,2025-12-01,4,1502.34,0.2,North,Net Banking,Completed,Website,140.53
ORD104885,453136,24857,2025-12-31,2026-01-04,3,419.02,0.05,East,UPI,Returned,Marketplace,160.95
ORD104886,156175,28009,2025-07-22,2025-07-23,1,186.01,0.0,South,Cash on Delivery,Completed,Website,104.91
ORD104887,221868,83876,2025-01-13,2025-01-18,2,1398.68,0.0,West ,UPI,Completed,Mobile App,106.08
ORD104888,126201,24857,2025-03-17,2025-03-20,1,441.07,0.0,West,UPI,Completed,Website,36.44
ORD104889,620517,25046,2025-05-10,2025-05-12,2,271.12,0.0,East,UPI,Completed,Website,36.81
ORD104890,255785,23723,2025-07-19,2025-07-23,1,494.26,0.0,East,Credit Card,Completed,Mobile App,130.85
ORD104891,876105,28009,2026-04-20,2026-04-25,1,186.01,0.0,East,Credit Card,Completed,Mobile App,57.35
ORD104892,565558,39430,2025-05-22,2025-05-26,2,1747.36,0.0,North,UPI,Completed,Mobile App,52.08
ORD104893,832149,67846,2025-07-02,03-Jul-2025,1,3594.68,0.1,South,UPI,Pending,Marketplace,41.44
ORD104894,555985,28009,2025-11-01,2025-11-03,1,176.71,0.05,East,Cash on Delivery,Completed,Mobile App,173.87
ORD104895,499200,83401,2026-02-25,2026-02-27,3,546.42,0.05,North,CC,Completed,Marketplace,167.83
ORD104896,787474,79501,2026-06-15,,2,3635.51,0.0,South,UPI,Completed,Website,166.26
ORD104897,384470,25780,2025-06-14,2025-06-16,2,447.92,0.15,West,Credit Card,Completed,Website,55.83
ORD104898,235450,88270,2026-06-12,2026-06-15,1,1784.03,0.05,West,Net Banking,Completed,Marketplace,136.52
ORD104899,984030,83876,2025-09-05,2025-09-08,2,1188.88,0.15,Central,UPI,Completed,Marketplace,141.87
ORD104900,505136,47907,2026-02-07,2026-02-10,1,4036.19,0.0,West,Cash on Delivery,Completed,Mobile App,44.0
ORD104901,596578,39430,2025-08-21,2025-08-23,1,1747.36,0.0,Central,Cash on Delivery,Completed,Website,48.66
ORD104902,133215,59930,2026-04-21,2026-04-24,1,2444.54,0.05,South,UPI,Completed,Website,158.75
ORD104903,928190,83401,2025-07-31,2025-08-03,1,575.18,0.0,North,Credit Card,Completed,Mobile App,127.23
ORD104904,815331,20351,2026-01-19,2026-01-22,2,693.18,0.0,West,Credit Card,Completed,Marketplace,54.93
ORD104905,363683,53143,2025-03-03,2025-03-06,2,2744.63,0.0,West,Credit Card,Cancelled,Marketplace,58.48
ORD104906,407648,59930,2026-04-13,2026-04-15,1,2573.2,0.0,North,UPI,Completed,Website,140.07
ORD104907,951867,20351,2025-05-19,2025-05-23,5,693.18,0.0,South,UPI,Completed,Website,99.73
ORD104908,648844,23723,2025-12-10,2025-12-14,2,469.55,0.05,West,Cash on Delivery,Completed,Marketplace,124.9
ORD104909,882750,94616,2025-05-02,2025-05-05,1,1181.25,0.1,East,Credit Card,Completed,Mobile App,88.03
ORD104910,836208,20351,2026-01-17,2026-01-20,1,693.18,0.0,South,UPI,Completed,Website,152.45
ORD104911,710265,67846,2025-03-24,2025-03-26,1,3794.39,0.05,North,Cash on Delivery,Completed,Marketplace,99.61
ORD104912,615017,39430,2026-02-20,2026-02-24,3,1747.36,0.0,West,UPI,Cancelled,Mobile App,93.72
ORD104913,883666,27124,2025-04-24,2025-04-28,1,723.73,0.0,West ,UPI,Completed,Marketplace,88.8
ORD104914,733053,80616,2025-06-24,2025-06-26,2,1326.48,0.0,Central,UPI,Completed,Website,81.91
ORD104915,367193,47907,2026-03-04,2026-03-09,1,4036.19,0.0,South,Credit card,Completed,Mobile App,152.76
ORD104916,815331,83876,2025-02-04,2025-02-07,2,1398.68,0.0,West,Debit Card,Completed,Website,94.68
ORD104917,131550,25046,2025-03-20,2025-03-22,3,257.56,0.05,West,Net Banking,Completed,Mobile App,89.36
ORD104918,941623,96857,2025-03-15,2025-03-19,1,1057.45,0.0,South,Credit Card,Completed,Mobile App,155.37
ORD104919,507954,39430,2025-08-14,2025-08-19,1,1747.36,0.0,West,UPI,Completed,Mobile App,119.91
ORD104920,885424,20351,2026-01-17,2026-01-19,1,693.18,0.0,Central,UPI,Completed,Mobile App,133.05
ORD104921,508068,53143,2025-11-22,2025-11-23,2,2470.17,0.1,East,UPI,Completed,Mobile App,105.48
ORD104922,634991,53143,2025-12-04,2025-12-07,1,2332.94,0.15,West,Net Banking,Completed,Marketplace,62.38
ORD104923,459974,79501,2026-03-31,2026-04-02,3,3635.51,0.0,North,UPI,Completed,Website,110.38
ORD104924,415781,53143,2026-05-30,2026-06-03,5,2470.17,0.1,Central,Credit Card,Completed,Website,105.72
ORD104925,287271,94616,2026-01-15,2026-01-18,2,1181.25,0.1,East,UPI,Returned,Marketplace,142.99
ORD104926,778380,39430,2025-04-26,2025-04-29,3,1659.99,0.05,West,UPI,Completed,Website,178.68
ORD104927,301355,96857,2026-06-16,2026-06-19,2,845.96,0.2,North,Net Banking,Completed,Marketplace,101.13
ORD104928,485707,43806,2026-04-28,2026-05-01,1,629.87,0.15,West,UPI,Returned,Mobile App,66.05
ORD104929,894372,83401,2025-09-08,2025-09-09,1,575.18,0.0,Central,UPI,Completed,Website,40.75
ORD104930,758153,67846,2025-12-16,2025-12-20,1,3394.98,0.15,South,PayPal,Completed,Marketplace,65.4
ORD104931,934103,20351,2025-07-07,2025-07-07,2,623.86,0.1,West,UPI,Cancelled,Mobile App,108.05
ORD104932,155205,83876,2025-05-25,2025-05-26,1,1328.75,0.05,North,PayPal,Cancelled,Mobile App,63.94
ORD104933,634991,94616,2025-06-03,2025-06-07,2,1312.5,0.0,West,UPI,Completed,Mobile App,142.43
ORD104934,840889,67846,2025-08-24,2025-08-28,2,3794.39,0.05,North,Debit Card,Completed,Mobile App,42.88
ORD104935,691981,67846,2025-09-15,2025-09-17,1,3994.09,0.0,West,Debit Card,Completed,Marketplace,179.38
ORD104936,577818,53143,2025-11-10,2025-11-13,1,2744.63,0.0,West,UPI,Cancelled,Website,105.09
ORD104937,719823,83876,2025-08-28,2025-08-30,1,1398.68,0.0,South,Cash on Delivery,Completed,Mobile App,123.17
ORD104938,357370,99553,2025-10-22,2025-10-27,1,486.92,0.1,South,Cash on Delivery,Completed,Mobile App,84.35
ORD104939,883973,21754,2025-04-29,2025-05-02,3,1324.39,0.0,Central,UPI,Completed,Marketplace,142.93
ORD104940,918245,53143,2026-04-21,2026-04-22,1,2744.63,0.0,South,Credit Card,Completed,Mobile App,78.03
ORD104941,752183,53143,2025-09-10,2025-09-14,2,2744.63,0.0,Central,Credit Card,Completed,Website,82.6
ORD104942,505136,25780,2025-10-04,2025-10-06,1,500.62,0.05,West,UPI,Cancelled,Marketplace,77.53
ORD104943,794251,79501,2026-03-16,2026-03-18,1,3453.73,0.05,North,Cash on Delivery,Completed,Website,90.87
ORD104944,746968,43806,2025-12-18,2025-12-21,3,666.92,0.1,West,Net Banking,Completed,Mobile App,151.04
ORD104945,500503,40374,2025-12-18,2025-12-22,3,700.76,0.0,South,Credit Card,Returned,Marketplace,138.66
ORD104946,724264,28009,2025-02-20,2025-02-24,2,176.71,0.05,North,Debit Card,Completed,Marketplace,109.65
ORD104947,648631,67846,2026-03-05,2026-03-08,2,3594.68,0.1,North,UPI,Completed,Website,79.2
ORD104948,790987,79501,2025-10-12,2025-10-15,1,3635.51,0.0,West,PayPal,Cancelled,Website,123.03
ORD104949,608777,59930,2025-10-04,2025-10-07,3,2573.2,0.0,West,Net Banking,Completed,Website,43.52
ORD104950,510981,25780,2025-12-03,2025-12-04,1,421.58,0.2,South,Credit Card,Completed,Website,168.15
ORD104951,164634,23723,2025-10-05,2025-10-07,1,444.83,0.1,West,Cash on Delivery,Completed,Mobile App,138.66
ORD104952,996075,23723,2025-06-05,2025-06-09,1,444.83,0.1,West,Debit Card,Completed,Website,78.61
ORD104953,555985,28009,2025-07-24,2025-07-26,4,186.01,0.0,East,Credit Card,Completed,Mobile App,110.1
ORD104954,215684,83876,2025-10-25,2025-10-29,1,1118.94,0.2,South,Cash on Delivery,Completed,Mobile App,79.48
ORD104955,192777,43806,2025-09-29,2025-10-02,5,741.02,0.0,East,UPI,Completed,Marketplace,146.08
ORD104956,301833,59930,2025-08-30,2025-09-01,999,2315.88,0.1,West,COD,Completed,Mobile App,47.32
ORD104957,715785,67846,08/10/2025,2025-10-10,1,3594.68,0.1,South,UPI,Completed,Mobile App,173.17
ORD104958,613386,83876,2026-04-27,2026-05-02,4,1398.68,0.0,West,Credit Card,Completed,Website,49.15
ORD104959,155485,80616,2025-06-11,2025-06-13,2,1193.83,0.1,West,Net Banking,Returned,Mobile App,61.99
ORD104960,520596,83876,2026-03-09,2026-03-14,3,1398.68,0.0,West,UPI,Completed,Marketplace,165.69
ORD104961,391959,27124,2026-06-29,2026-07-01,1,723.73,0.0,North,UPI,Completed,Website,60.56
ORD104962,410216,25046,2026-03-17,2026-03-21,1,257.56,0.05,South,Credit Card,Completed,Marketplace,96.04
ORD104963,230884,83876,2025-12-28,2025-12-30,3,1398.68,0.0,East,Credit Card,Completed,Mobile App,47.02
ORD104964,291897,23723,2025-10-30,2025-11-02,1,444.83,0.1,North,UPI,Returned,Mobile App,82.64
ORD104965,718525,20351,2026-02-09,2026-02-11,1,693.18,0.0,West,Credit Card,Completed,Website,119.93
ORD104966,510981,88270,2025-08-05,2025-08-09,1,1877.93,0.0,South,Debit Card,Completed,Marketplace,137.17
ORD104967,585327,79501,11-Apr-2025,2025-04-13,2,3635.51,0.0,North,Cash on Delivery,Cancelled,Marketplace,158.09
ORD104968,752183,20351,2025-06-06,2025-06-11,1,589.2,0.15,Central,Cash on Delivery,Pending,Mobile App,171.3
ORD104969,223768,53143,2025-11-12,2025-11-16,2,2744.63,0.0,Central,UPI,Completed,Marketplace,58.86
ORD104970,996075,83876,2025-05-03,2025-05-06,2,,0.1,West,Debit Card,Completed,Website,122.47
ORD104971,707415,80616,2025-03-03,2025-03-04,1,1193.83,0.1,North,Cash on Delivery,Completed,Website,153.44
ORD104972,287271,20351,2025-05-05,2025-05-09,3,693.18,0.0,East,UPI,Cancelled,Website,153.79
ORD104973,740696,83876,2025-09-20,2025-09-24,2,1398.68,0.0,North,UPI,Completed,Website,172.9
ORD104974,155205,59930,2025-05-11,2025-05-13,2,2573.2,0.0,North,Cash on Delivery,Completed,Website,157.19
ORD104975,643571,83876,2025-07-30,2025-08-01,1,1398.68,0.0,North,Debit Card,Completed,Marketplace,119.75
ORD104976,707085,39430,2025-08-27,2025-08-29,4,1572.62,0.1,West,Debit Card,Completed,Mobile App,132.81
ORD104977,863492,23723,2026-04-23,2026-04-28,1,494.26,0.0,Central,PayPal,Completed,Mobile App,122.6
ORD104978,968014,83401,2026-03-05,2026-03-09,2,517.66,0.1,West,Debit Card,Completed,Website,117.51
ORD104979,122935,40374,2025-12-07,2025-12-10,2,700.76,0.0,West,Debit Card,Completed,Mobile App,82.32
ORD104980,508068,20351,2025-07-01,2025-07-08,1,693.18,0.0,East,UPI,Completed,Website,121.67
ORD104981,406241,53143,2025-09-27,2025-09-30,1,2470.17,0.1,East,Debit Card,Completed,Mobile App,166.49
ORD104982,510981,99553,2026-01-28,,1,541.02,0.0,South,Cash on Delivery,Completed,Website,147.39
ORD104983,111000,20351,2025-01-09,2025-01-10,1,693.18,0.0,North,Credit Card,Completed,Mobile App,66.17
ORD104984,311118,67846,2026-02-16,2026-02-17,1,3994.09,0.0,West,UPI,Completed,Website,130.36
ORD104985,958204,21754,2025-01-02,2025-01-06,1,1324.39,0.0,South,UPI,Completed,Mobile App,163.95
ORD104986,384470,47907,2025-07-02,2025-07-05,2,3834.38,0.05,West,Cash on Delivery,Cancelled,Website,138.7
ORD104987,908789,39430,2025-05-29,2025-05-31,1,1747.36,0.0,West,UPI,Returned,Website,71.13
ORD104988,152294,67846,2026-05-10,2026-05-15,4,3994.09,0.0,West,Credit Card,Completed,Mobile App,53.36
ORD104989,499200,67846,2026-06-29,2026-07-02,1,3394.98,0.15,North,UPI,Completed,Mobile App,60.3
ORD104990,715785,39430,2026-04-20,2026-04-23,1,1572.62,0.1,South,UPI,Completed,Marketplace,129.27
ORD104991,648631,20351,2026-04-17,2026-04-21,4,658.52,0.05,North,UPI,Cancelled,Mobile App,123.88
ORD104992,142839,79501,2025-09-07,2025-09-11,3,3635.51,0.0,South,UPI,Completed,Mobile App,126.3
ORD104993,887590,20351,2026-01-27,2026-02-01,1,693.18,0.0,North,PayPal,Completed,Website,151.09
ORD104994,344759,59930,2025-09-07,2025-09-10,1,2573.2,0.0,Central,UPI,Completed,Mobile App,140.11
ORD104995,784164,83401,2026-02-25,2026-02-28,1,546.42,0.05,North,Debit Card,Completed,Website,92.87
ORD104996,152294,28009,2026-01-07,2026-01-08,2,186.01,0.0,West,Debit Card,Completed,Marketplace,51.71
ORD104997,568342,21754,2025-01-05,2025-01-07,2,1324.39,0.0,North,UPI,Completed,Mobile App,43.45
ORD104998,141767,59930,2026-03-22,2026-03-24,1,2444.54,0.05,North,Debit Card,Returned,Website,63.63
ORD104999,509415,83876,2026-05-31,2026-06-03,1,1188.88,0.15,North,Credit Card,Returned,Website,80.92
ORD100025,510981,24857,2025-06-27,2025-07-01,2,374.91,0.15,South,UPI,Cancelled,Mobile App,79.24
ORD100145,363683,59930,2025-10-11,2025-10-14,3,2573.2,0.0,West,UPI,Completed,Website,126.72
ORD100530,262906,53143,2025-10-16,2025-10-21,2,2744.63,0.0,Central,Credit Card,Completed,Marketplace,67.33
ORD100811,884995,80616,2025-12-14,2025-12-17,3,1326.48,0.0,East,Cash on Delivery,Completed,Website,84.96
ORD101022,519562,20351,2025-05-29,2025-05-30,3,623.86,0.1,East,UPI,Completed,Mobile App,105.07
ORD101300,357370,47907,2025-10-26,2025-10-29,1,4036.19,0.0,South,UPI,Completed,Mobile App,63.21
ORD101750,746968,47907,2025-06-25,2025-06-30,1,3834.38,0.05,West,PayPal,Pending,Website,101.16
ORD102111,718525,23723,2025-12-27,2025-12-29,3,494.26,0.0,West,UPI,Completed,Website,138.88
ORD102600,460189,20351,2025-06-05,2025-06-07,1,693.18,0.0,North,Cash on Delivery,Completed,Mobile App,81.19
ORD102999,578458,94616,2025-05-31,2025-06-03,2,1312.5,0.0,West,Net Banking,Completed,Website,168.21
ORD103300,141767,94616,2026-02-05,2026-02-09,1,1312.5,0.0,North,UPI,Completed,Marketplace,62.16
ORD103650,410216,28009,2026-03-09,2026-03-13,2,176.71,0.05,South,UPI,Returned,Website,124.58
ORD104000,262607,96270,2025-09-02,2025-09-09,3,320.7,0.1,South,Cash on Delivery,Completed,Marketplace,113.66
ORD104450,578458,83401,2026-02-10,2026-02-12,2,575.18,0.0,West,Net Banking,Returned,Mobile App,135.37
ORD104800,257678,67846,2025-05-18,2025-05-20,2,3794.39,0.05,East,Cash on Delivery,Completed,Website,126.33
