payment_id,order_id,payment_date,payment_method,payment_status,amount_paid,transaction_id
PAY500001,ORD100000,2025-03-02,Net Banking,Paid,1057.45,TXN735699486
PAY500002,ORD100001,2026-04-02,Debit Card,Paid,432.82,TXN184664597
PAY500003,ORD100002,2025-11-18,PayPal,Refunded,-2520.32,TXN476576125
PAY500004,ORD100003,2025-10-23,UPI,Failed,0.0,TXN337140014
PAY500005,ORD100003,2025-10-24,UPI,Paid,641.4,TXN326380662
PAY500006,ORD100004,2025-11-11,Debit Card,Paid,2605.44,TXN302560161
PAY500007,ORD100005,2025-05-03,Net Banking,Paid,320.7,TXN137462331
PAY500008,ORD100006,2025-09-24,UPI,Paid,186.01,TXN349274514
PAY500009,ORD100007,2026-06-15,UPI,Failed,0.0,TXN137027050
PAY500010,ORD100008,2025-11-07,UPI,Paid,703.97,TXN432225343
PAY500011,ORD100009,2025-07-22,UPI,Paid,3494.72,TXN159025211
PAY500012,ORD100010,2025-08-18,Debit Card,Paid,3380.28,TXN700149614
PAY500013,ORD100011,2025-12-11,Cash on Delivery,Failed,0.0,TXN220994603
PAY500014,ORD100012,03-Apr-2026,Cash on Delivery,Paid,4036.19,TXN346846966
PAY500015,ORD100013,2026-05-19,Debit Card,Pending,1747.36,TXN162989925
PAY500016,ORD100014,2025-05-26,Cash on Delivery,Paid,741.02,TXN213125278
PAY500017,ORD100015,2025-10-09,Credit Card,Paid,1312.5,TXN375342068
PAY500018,ORD100016,2026-01-20,Credit Card,Paid,723.73,TXN332739395
PAY500019,ORD100017,2025-12-12,UPI,Partially Refunded,311.93,TXN791861838
PAY500020,ORD100018,2025-01-13,Net Banking,Failed,0.0,TXN594781143
PAY500021,ORD100018,2025-01-13,Net Banking,Paid,7719.6,TXN667929278
PAY500022,ORD100019,2025-04-17,Net Banking,Paid,1181.25,TXN364058069
PAY500023,ORD100020,2025-03-08,Cash on Delivery,Partially Refunded,283.44,TXN863321403
PAY500024,ORD100021,2025-04-22,UPI,Failed,0.0,TXN721550228
PAY500025,ORD100022,2025-06-22,Debit Card,Paid,271.12,TXN726972952
PAY500026,ORD100023,2026-01-14,UPI,Paid,526.97,TXN253492081
PAY500027,ORD100024,2025-11-16,UPI,Paid,3594.68,TXN608346848
PAY500028,ORD100025,2025-06-28,UPI,Failed,0.0,TXN205295253
PAY500029,ORD100026,2026-03-03,PayPal,Paid,3594.68,TXN695819133
PAY500030,ORD100027,2025-06-24,PayPal,Refunded,-2444.54,TXN473361204
PAY500031,ORD100028,2026-02-06,PayPal,Paid,1312.5,TXN293703813
PAY500032,ORD100029,2025-10-29,Credit Card,Paid,2237.88,TXN640913178
PAY500033,ORD100030,2025-12-27,Cash on Delivery,Paid,2750.16,TXN286454200
PAY500034,ORD100031,2026-02-14,UPI,Paid,1977.04,TXN855566061
PAY500035,ORD100032,2025-11-19,Cash on Delivery,Paid,3994.09,TXN993165298
PAY500036,ORD100033,2025-11-23,Net Banking,Paid,1422.81,TXN595189235
PAY500037,ORD100034,2026-02-09,PayPal,Paid,589.2,TXN928793506
PAY500038,ORD100035,2025-03-24,Cash on Delivery,Paid,2652.96,TXN567813050
PAY500039,ORD100036,2026-05-23,Cash on Delivery,Paid,3794.39,TXN384961519
PAY500040,ORD100037,2025-05-04,UPI,Failed,0.0,TXN143213787
PAY500041,ORD100038,2026-03-05,Credit Card,Refunded,-2652.96,TXN616702793
PAY500042,ORD100039,2026-01-29,Credit Card,Pending,470.66,TXN516981070
PAY500043,ORD100040,2025-08-21,UPI,Paid,186.01,TXN596685091
PAY500044,ORD100040,,UPI,Refunded,-186.01,TXN553581015
PAY500045,ORD100041,2025-12-06,UPI,Failed,0.0,TXN206850793
PAY500046,ORD100041,2025-12-06,UPI,Paid,420.12,TXN316816187
PAY500047,ORD100042,2025/04/24,UPI,Paid,1398.68,TXN614594916
PAY500048,ORD100043,2025-10-16,Cash on Delivery,Failed,0.0,TXN437212679
PAY500049,ORD100044,2025-11-04,UPI,Paid,2356.8,TXN159578511
PAY500050,ORD100045,2025-01-21,UPI,Paid,441.07,TXN894394459
PAY500051,ORD100046,2025-02-24,Debit Card,Paid,2079.54,TXN319374344
PAY500052,ORD100047,2026-01-02,UPI,Paid,3794.39,TXN173802977
PAY500053,ORD100048,2025-01-19,UPI,Paid,1188.88,TXN974369988
PAY500054,ORD100049,2025-09-18,Net Banking,Paid,741.02,TXN389724040
PAY500055,ORD100050,2026-03-10,Net Banking,Paid,2444.54,TXN872295256
PAY500056,ORD100051,2025-11-15,UPI,Pending,500.62,TXN191371236
PAY500057,ORD100052,2026-05-27,Debit Card,Paid,3090.18,TXN565507149
PAY500058,ORD100053,2025-11-27,UPI,Paid,882.14,TXN572605533
PAY500059,ORD100054,2025-11-08,Credit Card,Refunded,-1181.25,TXN714269836
PAY500060,ORD100055,2025-12-16,UPI,Paid,1326.48,TXN744608237
PAY500061,ORD100056,2025-04-06,Debit Card,Paid,1659.99,TXN895305691
PAY500062,ORD100057,2025-08-27,UPI,Paid,271.12,TXN245533309
PAY500063,ORD100058,2025-12-13,Debit Card,Paid,693.18,TXN500362683
PAY500064,ORD100059,2025-04-17,UPI,Paid,3172.35,TXN173935856
PAY500065,ORD100060,15-Aug-2025,UPI,Paid,1326.48,TXN727824732
PAY500066,ORD100061,2025-02-23,Debit Card,Paid,560.61,TXN367553295
PAY500067,ORD100062,2025-12-12,UPI,Paid,526.97,TXN417882975
PAY500068,ORD100063,2026-06-01,UPI,Paid,546.42,TXN269520858
PAY500069,ORD100064,2025-10-26,Debit Card,Paid,444.83,TXN779951970
PAY500070,ORD100065,2026-04-29,Credit Card,Paid,9331.76,TXN115962755
PAY500071,ORD100066,2026-01-13,Debit Card,Paid,4036.19,TXN153367797
PAY500072,ORD100067,2025-01-25,Net Banking,Paid,1312.5,TXN232868796
PAY500073,ORD100068,2025-10-20,Credit Card,Paid,1326.48,TXN324660973
PAY500074,ORD100069,2025-01-28,Cash on Delivery,Paid,1324.39,TXN510577358
PAY500075,ORD100070,2026-05-08,Credit Card,Paid,1326.48,TXN752445897
PAY500076,ORD100071,2025-07-13,PayPal,Paid,1188.88,TXN432665470
PAY500077,ORD100072,2026-01-10,Cash on Delivery,Paid,4889.08,TXN281061650
PAY500078,ORD100073,2025-09-29,Debit Card,Paid,546.42,TXN738999284
PAY500079,ORD100074,2025-10-04,UPI,Paid,494.26,TXN665284492
PAY500080,ORD100075,2025-07-24,COD,Failed,0.0,TXN135141066
PAY500081,ORD100075,2025-07-26,UPI,Paid,3494.72,TXN708433401
PAY500082,ORD100076,2025-06-05,Cash on Delivery,Paid,658.52,TXN688825144
PAY500083,ORD100077,02-23-2025,Cash on Delivery,Paid,2237.88,TXN862087365
PAY500084,ORD100078,2025-08-05,Debit Card,Paid,494.26,TXN991573252
PAY500085,ORD100079,2025-11-23,Credit Card,Paid,3635.51,TXN870611656
PAY500086,ORD100080,2026-04-19,Debit Card,Paid,1482.04,TXN380527870
PAY500087,ORD100081,2025-10-13,PayPal,Paid,3145.24,TXN933355733
PAY500088,ORD100082,2025-08-25,UPI,Refunded,-4036.19,TXN372883755
PAY500089,ORD100083,2025-07-18,Cash on Delivery,Paid,1193.83,TXN948825667
PAY500090,ORD100084,2026/02/17,Debit Card,Paid,13723.15,TXN100186400
PAY500091,ORD100085,2025-12-13,Cash on Delivery,Failed,0.0,TXN405463947
PAY500092,ORD100085,2025-12-13,Cash on Delivery,Paid,665.72,TXN356743552
PAY500093,ORD100086,2025-11-27,UPI,Failed,0.0,TXN220485657
PAY500094,ORD100087,2026-05-31,UPI,Paid,2171.19,TXN513841090
PAY500095,ORD100088,2026-01-15,Credit Card,Paid,3172.35,TXN221744647
PAY500096,ORD100089,2025-05-18,Credit Card,Paid,186.01,TXN911446083
PAY500097,ORD100090,2025-08-10,UPI,Paid,2797.36,TXN605196501
PAY500098,ORD100091,2025-03-26,UPI,Paid,641.4,TXN129475068
PAY500099,ORD100092,2025-09-05,Cash on Delivery,Paid,2652.96,TXN627970141
PAY500100,ORD100093,2026-06-04,Net Banking,Paid,741.02,TXN580677235
PAY500101,ORD100094,2026-01-31,Credit Card,Paid,1260.16,TXN701875293
PAY500102,ORD100095,2025-10-21,Debit Card,Refunded,-973.84,TXN545015788
PAY500103,ORD100096,2025-07-25,UPI,Paid,4229.8,TXN230121721
PAY500104,ORD100097,2026-02-24,COD,Failed,0.0,TXN394410372
PAY500105,ORD100097,2026-02-24,Credit Card,Paid,2470.17,TXN900955928
PAY500106,ORD100098,2026-04-23,UPI,Refunded,-421.58,TXN113060263
PAY500107,ORD100098,,UPI,Refunded,-421.58,TXN537135344
PAY500108,ORD100099,2025-12-11,PayPal,Paid,2652.96,TXN206494988
PAY500109,ORD100100,2026-04-30,UPI,Paid,494.26,TXN552674099
PAY500110,ORD100101,2025-02-23,Credit Card,Pending,2102.28,TXN840565043
PAY500111,ORD100102,2026-03-06,Net Banking,Paid,1482.78,TXN430236418
PAY500112,ORD100103,2025-10-17,UPI,Paid,494.26,TXN924285064
PAY500113,ORD100104,2025-04-13,Cash on Delivery,Paid,5146.4,TXN797128036
PAY500114,ORD100105,2026-01-06,Credit Card,Failed,0.0,TXN166723268
PAY500115,ORD100105,2026-01-05,Credit Card,Paid,3994.09,TXN517800602
PAY500116,ORD100106,2025-12-03,Cash on Delivery,Paid,494.26,TXN288949402
PAY500117,ORD100107,2025-08-27,Debit Card,Paid,2573.2,TXN655427356
PAY500118,ORD100108,2025-12-04,Credit Card,Failed,0.0,TXN885729338
PAY500119,ORD100108,2025-12-04,Credit Card,Paid,2744.63,TXN961335411
PAY500120,ORD100109,2025-01-29,PayPal,Paid,1580.91,TXN696893974
PAY500121,ORD100110,2025-11-01,UPI,Paid,2744.63,TXN957678244
PAY500122,ORD100111,2026-01-08,Cash on Delivery,Paid,1596.24,TXN162460505
PAY500123,ORD100112,2026-07-02,Debit Card,Partially Refunded,1157.94,TXN376019775
PAY500124,ORD100113,2026-03-07,Credit Card,Paid,3755.86,TXN216549604
PAY500125,ORD100114,2026-03-07,PayPal,Paid,7719.6,TXN522430404
PAY500126,ORD100115,2025-11-20,UPI,Partially Refunded,1134.14,TXN547540369
PAY500127,ORD100116,2025-09-19,Debit Card,Pending,693.18,TXN715643626
PAY500128,ORD100116,2025-09-19,Debit Card,Failed,0.0,TXN374502527
PAY500129,ORD100117,2025-12-04,UPI,Paid,441.07,TXN225884176
PAY500130,ORD100118,2026-06-07,Credit Card,Paid,2009.16,TXN488643077
PAY500131,ORD100119,2025-06-30,UPI,Paid,526.97,TXN638614465
PAY500132,ORD100120,2025-12-05,Debit Card,Paid,1747.36,TXN303240102
PAY500133,ORD100121,2025-11-22,UPI,Failed,0.0,TXN750416062
PAY500134,ORD100122,2026-06-24,Cash on Delivery,Failed,0.0,TXN750942455
PAY500135,ORD100122,2026-06-25,Cash on Delivery,Paid,1747.36,TXN905464873
PAY500136,ORD100123,2026-06-05,Net Banking,Paid,919.74,TXN331505108
PAY500137,ORD100124,2025-09-25,Credit Card,Paid,1127.51,TXN352757446
PAY500138,ORD100125,2025-12-02,Credit Card,Paid,1552.98,TXN805193231
PAY500139,ORD100126,2025-08-17,Credit Card,Refunded,-3394.98,TXN284705991
PAY500140,ORD100127,2026-01-20,Credit Card,Paid,1326.48,TXN761508879
PAY500141,ORD100128,2026-06-26,UPI,Paid,469.55,TXN527421912
PAY500142,ORD100129,2025-02-04,UPI,Paid,3994.09,TXN478314075
PAY500143,ORD100130,2026-06-03,UPI,Paid,2377.76,TXN535799340
PAY500144,ORD100131,2025-01-17,Net Banking,Paid,14542.04,TXN952804900
PAY500145,ORD100132,2025-12-29,Credit Card,Paid,2058.56,TXN386132936
PAY500146,ORD100133,2025-03-19,UPI,Paid,338.51,TXN568200309
PAY500147,ORD100134,2025-03-06,UPI,Paid,494.26,TXN997571475
PAY500148,ORD100135,2025-12-21,Debit Card,Paid,1747.36,TXN841276719
PAY500149,ORD100136,15-Apr-2025,UPI,Paid,1004.58,TXN945030845
PAY500150,ORD100137,2025-07-03,PayPal,Paid,1572.62,TXN961075371
PAY500151,ORD100138,2025-06-14,Debit Card,Paid,1398.68,TXN252029747
PAY500152,ORD100139,2025-08-22,Net Banking,Pending,693.18,TXN220757183
PAY500153,ORD100140,2025-11-04,Debit Card,Paid,1261.36,TXN942773181
PAY500154,ORD100141,2026-01-11,UPI,Paid,1260.16,TXN941431072
PAY500155,ORD100142,2025-04-29,UPI,Paid,526.97,TXN932114666
PAY500156,ORD100143,2025-03-02,Credit Card,Paid,186.01,TXN557442667
PAY500157,ORD100144,2026-04-11,Debit Card,Paid,3494.72,TXN461473742
PAY500158,ORD100145,2025-10-13,UPI,Paid,7719.6,TXN542706134
PAY500159,ORD100146,2026-01-08,Debit Card,Failed,0.0,TXN503169231
PAY500160,ORD100147,2025-01-02,Net Banking,Paid,2356.8,TXN286432902
PAY500161,ORD100148,2025-08-12,Cash on Delivery,Paid,3635.51,TXN502444868
PAY500162,ORD100149,2026-06-03,UPI,Paid,700.76,TXN259284154
PAY500163,ORD100150,2026-02-03,UPI,Paid,186.01,TXN904316156
PAY500164,ORD100151,2026-04-26,Cash on Delivery,Paid,3383.84,TXN392018602
PAY500165,ORD100152,2025-05-21,Credit Card,Pending,356.33,TXN526040050
PAY500166,ORD100153,2025-06-15,UPI,Paid,793.92,TXN531901765
PAY500167,ORD100154,2025-09-25,UPI,Paid,4036.19,TXN742004957
PAY500168,ORD100155,2025-11-24,Credit Card,Partially Refunded,3271.96,TXN455889931
PAY500169,ORD100156,2025-08-01,Cash on Delivery,Refunded,-658.52,TXN478188395
PAY500170,ORD100156,2025-08-01,Cash on Delivery,Paid,658.52,TXN776895249
PAY500171,ORD100157,2026-05-24,UPI,Paid,988.52,TXN605612437
PAY500172,ORD100158,2025-12-03,Cash on Delivery,Pending,2444.54,TXN478809291
PAY500173,ORD100159,2025-01-03,UPI,Paid,7588.78,TXN418341770
PAY500174,ORD100160,2026-01-12,Debit Card,Paid,444.83,TXN614394608
PAY500175,ORD100161,2026-04-06,Cash on Delivery,Paid,513.97,TXN719996195
PAY500176,ORD100162,2026-03-05,Net Banking,Paid,3794.39,TXN541033079
PAY500177,ORD100163,2025-04-17,Cash on Delivery,Refunded,-3635.51,TXN748997382
PAY500178,ORD100164,2025-01-25,Debit Card,Pending,10906.53,TXN872038082
PAY500179,ORD100165,2025-04-18,Net Banking,Paid,494.26,TXN210749919
PAY500180,ORD100166,2025-01-11,Credit Card,Paid,2772.72,TXN819027403
PAY500181,ORD100167,2025-05-02,UPI,Paid,1398.68,TXN968601020
PAY500182,ORD100168,2026-02-09,UPI,Refunded,1261.36,TXN603053529
PAY500183,ORD100169,2025-11-03,Debit Card,Paid,2332.94,TXN589797976
PAY500184,ORD100170,2025-02-23,Credit Card,Paid,1326.48,TXN166673873
PAY500185,ORD100171,2025-08-08,UPI,Paid,541.02,TXN348442603
PAY500186,ORD100172,2026-03-20,UPI,Paid,2470.17,TXN138195964
PAY500187,ORD100173,2026-05-19,Net Banking,Paid,793.92,TXN725789841
PAY500188,ORD100174,2025-09-19,Credit Card,Pending,2573.2,TXN542974379
PAY500189,ORD100175,2025-02-03,Debit Card,Paid,882.14,TXN379437764
PAY500190,ORD100176,2026-04-26,Debit Card,Paid,693.18,TXN408289688
PAY500191,ORD100177,2026-06-23,Cash on Delivery,Paid,2573.2,TXN905730403
PAY500192,ORD100178,2025-11-06,PayPal,Failed,0.0,TXN758434205
PAY500193,ORD100178,2025-11-05,PayPal,Paid,7189.36,TXN656419363
PAY500194,ORD100179,2025-02-25,UPI,Paid,2187.22,TXN364695796
PAY500195,ORD100180,2025-11-09,Debit Card,Paid,3834.38,TXN751530913
PAY500196,ORD100181,2026-07-02,UPI,Paid,665.72,TXN765287497
PAY500197,ORD100182,2026-04-04,UPI,Paid,1747.36,TXN378821304
PAY500198,ORD100183,2025-09-14,UPI,Failed,0.0,TXN904918232
PAY500199,ORD100183,2025-09-13,UPI,Paid,302.88,TXN593271185
PAY500200,ORD100184,2025-12-03,Cash on Delivery,Paid,334.82,TXN966375617
PAY500201,ORD100185,2025-01-24,UPI,Pending,541.02,TXN852113385
PAY500202,ORD100186,2025-05-20,Credit Card,Paid,459.33,TXN611273872
PAY500203,ORD100187,2026-04-02,Debit Card,Paid,3994.09,TXN526700408
PAY500204,ORD100188,2026-05-20,Cash on Delivery,Paid,575.18,TXN464203025
PAY500205,ORD100189,05-Aug-2025,Debit Card,Paid,700.76,TXN329962059
PAY500206,ORD100190,2025-12-06,UPI,Paid,2855.1,TXN343696815
PAY500207,ORD100191,2025-12-14,Cash on Delivery,Paid,2187.22,
PAY500208,ORD100192,2025-09-01,Net Banking,Paid,513.97,TXN379261033
PAY500209,ORD100193,2025-12-03,Cash on Delivery,Paid,3794.39,TXN932291553
PAY500210,ORD100194,2025-03-29,Net Banking,Paid,,TXN923190143
PAY500211,ORD100195,2025-07-31,Net Banking,Paid,2444.54,TXN860770808
PAY500212,ORD100196,2026-04-06,UPI,Paid,1035.32,TXN786991000
PAY500213,ORD100197,2025-08-24,Cash on Delivery,Failed,0.0,TXN586776679
PAY500214,ORD100197,2025-08-25,Cash on Delivery,Paid,494.26,TXN674607991
PAY500215,ORD100198,2025-05-29,Credit Card,Paid,306.22,TXN519863425
PAY500216,ORD100199,2025-12-19,UPI,Paid,526.97,TXN440395144
PAY500217,ORD100200,2025-11-13,UPI,Pending,5489.26,TXN377822476
PAY500218,ORD100201,2025-10-25,UPI,Partially Refunded,561.1,TXN892465237
PAY500219,ORD100201,2025-10-22,UPI,Refunded,-1246.88,TXN924477058
PAY500220,ORD100202,2025-04-12,Net Banking,Paid,8233.89,TXN718805069
PAY500221,ORD100203,2025-03-30,Credit Card,Paid,2573.2,TXN737978863
PAY500222,ORD100204,2025-07-12,Cash on Delivery,Paid,526.97,TXN233606013
PAY500223,ORD100205,2025-10-11,UPI,Paid,1127.51,TXN910495286
PAY500224,ORD100206,2026-04-11,UPI,Pending,700.76,TXN269889252
PAY500225,ORD100207,2026-05-21,UPI,Paid,4725.0,TXN359329131
PAY500226,ORD100208,2026-01-22,Debit Card,Paid,494.26,TXN263124660
PAY500227,ORD100209,2025-01-26,PayPal,Paid,623.86,TXN986804398
PAY500228,ORD100210,2025-09-05,Debit Card,Paid,4507.02,TXN925335297
PAY500229,ORD100211,2025-05-18,Debit Card,Paid,589.2,TXN115425631
PAY500230,ORD100212,2026-04-26,Credit Card,Paid,1386.36,TXN370965404
PAY500231,ORD100213,2025-01-04,Credit Card,Paid,3776.43,TXN509328171
PAY500232,ORD100214,2025-09-22,Cash on Delivery,Paid,1323.21,TXN442778700
PAY500233,ORD100215,2025-09-19,Debit Card,Paid,6390.54,TXN498913690
PAY500234,ORD100216,2025-12-02,Net Banking,Paid,554.54,TXN291813447
PAY500235,ORD100217,2026-06-10,Cash on Delivery,Failed,0.0,TXN333490002
PAY500236,ORD100218,2025-07-30,Credit Card,Refunded,-2573.2,TXN132102012
PAY500237,ORD100219,2025-03-23,Cash on Delivery,Paid,2470.17,TXN294948217
PAY500238,ORD100220,2025/10/28,UPI,Paid,4889.08,TXN168682150
PAY500239,ORD100221,2025-03-28,UPI,Paid,3994.09,TXN890405849
PAY500240,ORD100222,2026-02-13,UPI,Paid,1398.68,TXN494951444
PAY500241,ORD100223,2025-11-30,PayPal,Paid,2079.54,TXN908946980
PAY500242,ORD100224,2025-06-12,UPI,Paid,500.62,TXN176818995
PAY500243,ORD100225,2025-05-14,Debit Card,Paid,200.03,TXN759334075
PAY500244,ORD100226,2026-06-20,UPI,Paid,1541.91,TXN900935218
PAY500245,ORD100227,2026-01-09,Debit Card,Refunded,-356.33,TXN838631435
PAY500246,ORD100228,2025-06-12,UPI,Paid,687.54,TXN236470467
PAY500247,ORD100229,2025-11-12,Debit Card,Paid,3271.96,TXN354305614
PAY500248,ORD100230,2026-01-21,Net Banking,Failed,0.0,TXN247655386
PAY500249,ORD100231,2025-08-06,Credit Card,Pending,2855.1,TXN468612269
PAY500250,ORD100232,2025-05-01,UPI,Paid,10978.52,TXN335703240
PAY500251,ORD100233,2025-02-17,Cash on Delivery,Paid,1747.36,TXN191973693
PAY500252,ORD100234,2025-01-03,Cash on Delivery,Paid,2744.63,TXN843018922
PAY500253,ORD100235,2025-09-01,Cash on Delivery,Paid,693.18,TXN387740925
PAY500254,ORD100236,2025-10-18,UPI,Paid,595.65,TXN924548357
PAY500255,ORD100237,,UPI,Paid,1312.5,TXN488800740
PAY500256,ORD100238,2026-01-02,Credit Card,Paid,1181.25,TXN103169961
PAY500257,ORD100239,2025-06-20,Debit Card,Paid,693.18,TXN905137113
PAY500258,ORD100240,2025-11-28,Debit Card,Paid,2607.4,TXN414657158
PAY500259,ORD100241,2026-01-24,UPI,Failed,0.0,TXN765750871
PAY500260,ORD100241,2026-01-27,UPI,Failed,0.0,TXN204594903
PAY500261,ORD100242,2025-10-30,Credit Card,Pending,2171.19,TXN656162290
PAY500262,ORD100243,2025-04-16,UPI,Paid,1572.62,TXN571009916
PAY500263,ORD100244,2025-01-21,Cash on Delivery,Paid,999999.0,TXN490949933
PAY500264,ORD100245,2026-04-02,Net Banking,Failed,0.0,TXN149164508
PAY500265,ORD100246,2026-01-28,UPI,Paid,693.18,TXN366101376
PAY500266,ORD100247,2025-12-04,Cash on Delivery,Paid,2493.76,TXN746709051
PAY500267,ORD100248,2025-03-09,UPI,Pending,1057.45,TXN109801698
PAY500268,ORD100248,2025-03-06,UPI,Pending,1057.45,TXN197584241
PAY500269,ORD100249,2025-08-05,Debit Card,Paid,526.97,TXN225727586
PAY500270,ORD100250,2025-08-15,Credit Card,Paid,2797.36,TXN189869623
PAY500271,ORD100251,2025-11-16,Credit Card,Paid,2573.2,TXN676803725
PAY500272,ORD100252,2025-09-10,Credit Card,Paid,2573.2,TXN219843334
PAY500273,ORD100253,2025-08-17,UPI,Partially Refunded,333.46,TXN878187716
PAY500274,ORD100254,2026-05-15,PayPal,Paid,772.68,TXN118023813
PAY500275,ORD100255,2026-04-10,UPI,Paid,658.52,TXN579714552
PAY500276,ORD100256,2025-07-07,Credit Card,Paid,1035.32,TXN409174929
PAY500277,ORD100257,2026-05-09,UPI,Pending,1784.03,TXN614067986
PAY500278,ORD100258,2025-07-29,UPI,Paid,1386.36,TXN853134263
PAY500279,ORD100259,2025-07-17,Credit Card,Paid,1877.93,TXN716449589
PAY500280,ORD100260,2025-07-30,Cash on Delivery,Paid,1623.06,TXN708951433
PAY500281,ORD100261,2026-04-07,Cash on Delivery,Paid,356.33,TXN728243809
PAY500282,ORD100262,2025-12-25,UPI,Paid,1747.36,TXN764557421
PAY500283,ORD100263,2025-05-19,Credit Card,Paid,939.1,TXN509352214
PAY500284,ORD100264,2025-03-22,Credit Card,Paid,988.52,TXN232819028
PAY500285,ORD100265,2025-03-10,Credit Card,Failed,0.0,TXN682472618
PAY500286,ORD100266,2025-02-10,PayPal,Pending,1623.06,TXN142908200
PAY500287,ORD100267,2026-02-19,Credit Card,Paid,2744.63,TXN388655067
PAY500288,ORD100268,2026-02-16,UPI,Paid,3937.5,TXN327203075
PAY500289,ORD100269,2026-03-29,UPI,Paid,7822.2,TXN433591889
PAY500290,ORD100270,2025-02-28,UPI,Paid,3271.96,TXN286395971
PAY500291,ORD100271,2025-07-03,PayPal,Paid,1482.04,TXN897134875
PAY500292,ORD100272,2025-11-30,Net Banking,Paid,1193.83,TXN195788546
PAY500293,ORD100273,2025-02-23,UPI,Failed,0.0,TXN709645954
PAY500294,ORD100274,2025-08-15,UPI,Pending,882.14,TXN702365781
PAY500295,ORD100275,2025-05-13,UPI,Pending,441.07,TXN587331650
PAY500296,ORD100276,2025-12-08,UPI,Paid,5242.08,TXN469408685
PAY500297,ORD100277,2026-06-06,Net Banking,Refunded,-1398.68,TXN698252570
PAY500298,ORD100277,2026-06-06,Net Banking,Refunded,-1398.68,TXN373299807
PAY500299,ORD100278,2025-05-24,Net Banking,Paid,1328.75,TXN647428584
PAY500300,ORD100279,2025-10-09,Net Banking,Paid,3453.73,TXN610859022
PAY500301,ORD100280,2026-05-09,Net Banking,Paid,2573.2,TXN571858036
PAY500302,ORD100281,2025-08-21,PayPal,Paid,894.24,TXN683490305
PAY500303,ORD100282,2025-05-20,Credit Card,Paid,5146.4,TXN773526174
PAY500304,ORD100283,2025-12-29,UPI,Paid,2573.2,TXN235013008
PAY500305,ORD100284,2025-09-17,Debit Card,Paid,3937.5,TXN573050224
PAY500306,ORD100285,2026-03-28,Net Banking,Paid,6907.46,TXN810175898
PAY500307,ORD100286,2026-06-24,Net Banking,Paid,575.18,TXN891775927
PAY500308,ORD100287,2025-09-05,UPI,Paid,2744.63,TXN310094892
PAY500309,ORD100288,2025-10-13,UPI,Paid,2470.17,TXN574315954
PAY500310,ORD100289,2025-06-14,UPI,Paid,542.24,TXN918451437
PAY500311,ORD100290,2026-05-25,UPI,Partially Refunded,629.05,TXN968485789
PAY500312,ORD100291,2025-12-06,Cash on Delivery,Paid,9880.68,TXN830562477
PAY500313,ORD100292,2026-03-09,Credit Card,Paid,2520.32,TXN127313894
PAY500314,ORD100293,2026-05-10,Cash on Delivery,Pending,1386.36,TXN586780461
PAY500315,ORD100294,2026-02-09,Net Banking,Paid,5242.08,TXN155481715
PAY500316,ORD100295,2026-01-31,Cash on Delivery,Failed,0.0,TXN548247072
PAY500317,ORD100295,2026-01-29,Cash on Delivery,Paid,500.62,TXN990810096
PAY500318,ORD100296,2025-08-24,Debit Card,Paid,575.18,TXN712504350
PAY500319,ORD100297,2025-08-04,Net Banking,Paid,1057.45,TXN239845843
PAY500320,ORD100298,2025-10-14,Credit Card,Paid,1125.73,TXN532671145
PAY500321,ORD100299,2025-07-12,UPI,Paid,3635.51,TXN589981046
PAY500322,ORD100300,2025-09-23,Credit Card,Pending,257.56,TXN232324620
PAY500323,ORD100301,2025-05-23,UPI,Paid,575.18,TXN328983221
PAY500324,ORD100302,2025-07-11,Net Banking,Paid,1326.48,TXN469812349
PAY500325,ORD100303,2025-10-27,Debit Card,Paid,6861.52,TXN627125204
PAY500326,ORD100304,2025-10-11,UPI,Paid,6561.66,TXN247621652
PAY500327,ORD100305,2026-02-02,Cash on Delivery,Paid,1312.5,TXN477435084
PAY500328,ORD100306,2026-03-02,Cash on Delivery,Paid,2573.2,TXN886161542
PAY500329,ORD100307,2026-02-27,UPI,Paid,271.12,TXN511073380
PAY500330,ORD100308,2025-06-16,Cash on Delivery,Failed,0.0,TXN416037111
PAY500331,ORD100308,2025-06-15,Cash on Delivery,Paid,1247.72,TXN494183168
PAY500332,ORD100309,2025-01-22,Credit Card,Paid,2332.94,TXN145189747
PAY500333,ORD100310,2025-12-03,credit card,Paid,459.87,TXN328038137
PAY500334,ORD100311,11/03/2026,Net Banking,Paid,1326.48,TXN894354347
PAY500335,ORD100312,2025-08-16,Cash on Delivery,Paid,1191.95,TXN660910915
PAY500336,ORD100313,2026-02-14,UPI,Paid,2607.4,TXN176820439
PAY500337,ORD100314,2025-05-13,UPI,Paid,1027.94,TXN627091271
PAY500338,ORD100315,2025-11-15,Debit Card,Paid,665.72,TXN154977466
PAY500339,ORD100316,2025-09-18,Credit Card,Paid,526.97,TXN818726462
PAY500340,ORD100317,2026-02-09,Cash on Delivery,Paid,693.18,TXN524503346
PAY500341,ORD100318,2026-06-29,UPI,Paid,374.91,TXN965492733
PAY500342,ORD100319,2025-09-27,UPI,Partially Refunded,1430.34,TXN126419445
PAY500343,ORD100320,2025-08-22,Net Banking,Paid,3994.09,TXN417814698
PAY500344,ORD100321,2025-01-07,UPI,Paid,615.17,TXN428746031
PAY500345,ORD100322,2025-07-01,Cash on Delivery,Paid,5489.26,TXN424609958
PAY500346,ORD100323,2026-05-02,UPI,Paid,1747.36,TXN467757691
PAY500347,ORD100324,2025-12-02,Net Banking,Paid,3635.51,TXN900647370
PAY500348,ORD100325,2025-01-17,Debit Card,Paid,9389.65,TXN324860906
PAY500349,ORD100326,2025-11-14,PayPal,Paid,2444.54,TXN424449529
PAY500350,ORD100327,2025-03-28,Debit Card,Paid,469.55,TXN678425376
PAY500351,ORD100328,2025-03-21,UPI,Paid,176.71,TXN338197729
PAY500352,ORD100329,2026-06-07,UPI,Paid,494.26,TXN462594918
PAY500353,ORD100330,2025-04-17,UPI,Paid,1877.93,TXN915784575
PAY500354,ORD100331,2025-09-22,Net Banking,Paid,700.76,TXN227498517
PAY500355,ORD100332,2025-11-08,UPI,Paid,167.41,TXN480890242
PAY500356,ORD100333,2025-06-04,CC,Failed,0.0,TXN117692392
PAY500357,ORD100333,2025-06-04,UPI,Paid,494.26,TXN215820993
PAY500358,ORD100334,2025-08-05,Credit Card,Paid,15177.56,TXN449992282
PAY500359,ORD100335,2025-02-01,Debit Card,Failed,0.0,TXN437256899
PAY500360,ORD100336,2026-06-03,UPI,Paid,658.52,TXN265979552
PAY500361,ORD100337,2025-09-21,UPI,Paid,1747.36,TXN446186259
PAY500362,ORD100338,2025-10-22,UPI,Paid,16359.8,TXN291172519
PAY500363,ORD100339,2025-11-06,Debit Card,Paid,845.96,TXN828865128
PAY500364,ORD100340,2026-04-20,UPI,Paid,6993.4,TXN687555606
PAY500365,ORD100341,2025-04-02,Cash on Delivery,Refunded,486.92,TXN197001719
PAY500366,ORD100342,2025-02-09,Cash on Delivery,Paid,444.83,TXN925088077
PAY500367,ORD100343,2026-03-03,UPI,Paid,15976.36,TXN402545349
PAY500368,ORD100344,2026-02-12,UPI,Paid,3430.76,TXN869196594
PAY500369,ORD100345,2026-02-24,Credit Card,Paid,271.12,TXN323722343
PAY500370,ORD100346,2026-04-02,Net Banking,Failed,0.0,TXN578065230
PAY500371,ORD100346,2026-04-02,Net Banking,Paid,3635.51,TXN985826837
PAY500372,ORD100347,2026-05-27,Credit Card,Failed,0.0,TXN556234727
PAY500373,ORD100347,2026/05/25,Credit Card,Pending,1386.36,TXN281676195
PAY500374,ORD100348,2025-01-07,Credit Card,Paid,3594.68,TXN767066706
PAY500375,ORD100349,2026-04-01,Debit Card,Paid,8072.38,TXN312189244
PAY500376,ORD100350,2025-08-05,Net Banking,Paid,5146.4,TXN139386222
PAY500377,ORD100351,2025-03-17,Credit Card,Paid,988.52,TXN478334109
PAY500378,ORD100352,2026-01-10,PayPal,Paid,2573.2,TXN235567312
PAY500379,ORD100353,2026-04-15,Cash on Delivery,Paid,271.12,TXN867663088
PAY500380,ORD100354,2026-04-05,Net Banking,Paid,161.17,TXN231059684
PAY500381,ORD100355,2025-11-03,Debit Card,Paid,7265.14,TXN194580006
PAY500382,ORD100356,2025-08-18,UPI,Partially Refunded,1771.88,TXN814166961
PAY500383,ORD100357,2025-06-14,UPI,Paid,2362.5,TXN634393573
PAY500384,ORD100358,2026-05-13,Cash on Delivery,Paid,1398.68,TXN679023994
PAY500385,ORD100359,2025-07-20,Cash on Delivery,Failed,0.0,TXN927065243
PAY500386,ORD100360,2025-01-13,Cash on Delivery,Pending,6789.96,TXN262099434
PAY500387,ORD100361,2025-12-22,Credit Card,Failed,0.0,TXN277831892
PAY500388,ORD100362,2025-03-26,UPI,Paid,1401.52,TXN793708423
PAY500389,ORD100363,2026-03-05,Net Banking,Paid,5146.4,TXN225943437
PAY500390,ORD100364,2025-09-02,Debit Card,Paid,494.26,TXN108859330
PAY500391,ORD100365,2025-04-12,UPI,Paid,7271.02,TXN537200805
PAY500392,ORD100366,2025-10-27,Debit Card,Paid,2875.9,TXN896312318
PAY500393,ORD100367,2026-06-16,PayPal,Paid,7988.18,TXN331359608
PAY500394,ORD100368,2025-08-07,Debit Card,Paid,1764.28,TXN448247707
PAY500395,ORD100369,2025-10-05,Net Banking,Paid,1482.78,TXN749585082
PAY500396,ORD100370,2025-08-20,UPI,Failed,0.0,TXN555740731
PAY500397,ORD100371,2025-10-26,Credit Card,Paid,6989.44,TXN290752854
PAY500398,ORD100372,2025-03-02,UPI,Paid,3979.44,TXN225732551
PAY500399,ORD100373,2026-01-22,UPI,Paid,1178.4,TXN945829086
PAY500400,ORD100374,16-Dec-2025,UPI,Paid,257.56,TXN810528532
PAY500401,ORD100375,2025-10-21,UPI,Refunded,-469.55,TXN805758468
PAY500402,ORD100376,2025-08-25,Debit Card,Paid,1386.36,TXN799346979
PAY500403,ORD100377,2025-03-17,Debit Card,Paid,1690.14,TXN130224918
PAY500404,ORD100378,2026-01-17,Cash on Delivery,Paid,526.97,TXN847121179
PAY500405,ORD100379,2026-04-01,Debit Card,Refunded,-4196.04,TXN610597263
PAY500406,ORD100380,11/04/2025,UPI,Paid,2744.63,TXN208246349
PAY500407,ORD100381,2025-05-30,UPI,Paid,526.97,TXN652740691
PAY500408,ORD100382,2026-03-17,UPI,Paid,2696.49,TXN109689037
PAY500409,ORD100383,2026-04-13,Cash on Delivery,Partially Refunded,311.93,TXN814006115
PAY500410,ORD100383,2026-04-11,Cash on Delivery,Refunded,-693.18,TXN353060261
PAY500411,ORD100384,2025-01-27,Cash on Delivery,Paid,3494.72,TXN480116165
PAY500412,ORD100385,2026-05-24,UPI,Paid,541.02,TXN771030551
PAY500413,ORD100386,2025-12-01,PayPal,Pending,8233.89,TXN950215902
PAY500414,ORD100387,2025-12-04,UPI,Pending,589.2,TXN360438364
PAY500415,ORD100387,2025-12-05,UPI,Pending,589.2,TXN512320004
PAY500416,ORD100388,2025-12-16,Debit Card,Paid,575.18,
PAY500417,ORD100389,,Debit Card,Paid,693.18,TXN452377734
PAY500418,ORD100390,2026-02-28,Debit Card,Paid,5146.4,TXN600628376
PAY500419,ORD100391,2026-01-13,Credit Card,Paid,3635.51,TXN932054566
PAY500420,ORD100392,2026-06-30,UPI,Paid,3453.73,TXN803422676
PAY500421,ORD100393,2025-12-05,Net Banking,Paid,12108.57,TXN117093587
PAY500422,ORD100394,2025-04-09,Debit Card,Pending,167.41,TXN855491225
PAY500423,ORD100395,2026-03-05,UPI,Paid,3430.76,TXN643589858
PAY500424,ORD100396,2025-11-26,UPI,Paid,502.23,TXN871406723
PAY500425,ORD100397,2025-12-22,Net Banking,Failed,0.0,TXN431285104
PAY500426,ORD100397,2025-12-21,Net Banking,Paid,2573.2,TXN475477284
PAY500427,ORD100398,2026-03-18,Credit Card,Paid,988.52,TXN745324913
PAY500428,ORD100399,2026-06-23,Debit Card,Paid,7822.2,TXN767758727
PAY500429,ORD100400,2025-04-26,Credit Card,Partially Refunded,315.34,TXN797818868
PAY500430,ORD100401,2025-10-24,UPI,Paid,3594.68,TXN307965554
PAY500431,ORD100402,2025-01-06,PayPal,Paid,474.27,TXN147026776
PAY500432,ORD100403,2025-04-25,UPI,Paid,186.01,TXN398168765
PAY500433,ORD100404,2026-03-08,Credit Card,Failed,0.0,TXN919686700
PAY500434,ORD100405,2025-08-17,Credit Card,Partially Refunded,400.35,TXN903967719
PAY500435,ORD100406,2026-06-25,Net Banking,Paid,589.2,TXN185636566
PAY500436,ORD100407,2025-02-23,Credit Card,Pending,5146.4,TXN431387585
PAY500437,ORD100408,2025-06-09,UPI,Refunded,-235.33,TXN829774432
PAY500438,ORD100409,2025-12-15,Credit Card,Paid,1193.83,TXN775802858
PAY500439,ORD100410,2026-02-04,UPI,Paid,3145.24,TXN805520832
PAY500440,ORD100411,2025-01-25,PayPal,Paid,153.11,TXN289449916
PAY500441,ORD100412,2025-04-02,Credit Card,Failed,0.0,TXN296739607
PAY500442,ORD100413,2025-05-30,PayPal,Paid,3994.09,TXN490969675
PAY500443,ORD100414,2025-02-22,Cash on Delivery,Paid,3979.44,TXN183081340
PAY500444,ORD100415,2026-03-11,Net Banking,Paid,939.1,TXN958876483
PAY500445,ORD100416,2026-02-11,Debit Card,Paid,2315.88,TXN810180617
PAY500446,ORD100417,2025-01-07,Net Banking,Paid,2573.2,TXN593728696
PAY500447,ORD100418,2025-08-03,Net Banking,Paid,1260.16,TXN327289741
PAY500448,ORD100419,2025-01-26,Net Banking,Paid,374.91,TXN148164763
PAY500449,ORD100420,2025-07-26,UPI,Paid,3594.68,TXN422359108
PAY500450,ORD100421,2025-10-07,Cash on Delivery,Pending,2300.72,TXN273603122
PAY500451,ORD100422,2025-02-06,Credit Card,Paid,1386.36,TXN187920281
PAY500452,ORD100423,2025-01-25,Credit Card,Paid,10784.04,TXN742837758
PAY500453,ORD100424,2025-12-28,Credit Card,Paid,3635.51,TXN966269112
PAY500454,ORD100425,2025-05-31,Debit Card,Paid,2625.0,TXN906413118
PAY500455,ORD100426,2026-06-23,UPI,Paid,1482.78,TXN368148092
PAY500456,ORD100427,2026-06-14,UPI,Failed,0.0,TXN620834193
PAY500457,ORD100428,2025-10-27,Cash on Delivery,Paid,2652.96,TXN473205162
PAY500458,ORD100429,2026-03-02,Debit Card,Paid,1127.51,TXN903104032
PAY500459,ORD100430,2026-01-31,Cash on Delivery,Paid,772.68,TXN333783910
PAY500460,ORD100431,2025-09-01,UPI,Paid,3994.09,TXN811218699
PAY500461,ORD100432,2025-02-18,Credit Card,Paid,693.18,TXN255966525
PAY500462,ORD100433,2026-03-07,Net Banking,Failed,0.0,TXN429215940
PAY500463,ORD100433,2026-03-04,Net Banking,Paid,1057.45,TXN805019109
PAY500464,ORD100434,2025-08-15,Cash on Delivery,Paid,542.24,TXN438327313
PAY500465,ORD100435,2026-05-13,PayPal,Paid,244.01,TXN602462545
PAY500466,ORD100436,2025-02-21,Net Banking,Paid,1877.93,TXN246778729
PAY500467,ORD100437,2026-04-30,Credit Card,Paid,469.55,TXN227489139
PAY500468,ORD100438,2025-01-03,Credit Card,Pending,1580.91,TXN508596132
PAY500469,ORD100438,2025-01-06,Credit Card,Pending,1580.91,TXN915899321
PAY500470,ORD100439,2025-06-10,UPI,Paid,1323.21,TXN505234319
PAY500471,ORD100440,2025-02-06,UPI,Paid,575.18,TXN139500830
PAY500472,ORD100441,2025-10-05,UPI,Paid,4036.19,TXN963500068
PAY500473,ORD100442,2026-05-19,UPI,Failed,0.0,TXN651312011
PAY500474,ORD100443,2025-10-06,Cash on Delivery,Paid,444.83,TXN699996367
PAY500475,ORD100444,2025-02-02,UPI,Paid,3635.51,TXN359186189
PAY500476,ORD100445,2025-11-16,UPI,Paid,5040.64,TXN120474110
PAY500477,ORD100446,2025-07-04,Cash on Delivery,Paid,4036.19,TXN350446055
PAY500478,ORD100447,2025-11-01,Credit Card,Pending,1323.21,TXN517323191
PAY500479,ORD100448,2025-06-19,Debit Card,Paid,1877.93,TXN644141507
PAY500480,ORD100449,2025-07-06,UPI,Paid,6993.4,TXN432879000
PAY500481,ORD100450,2025-07-06,Credit Card,Refunded,-469.55,TXN429715545
PAY500482,ORD100451,2025-12-02,Credit Card,Paid,459.87,TXN506646628
PAY500483,ORD100452,2025-01-14,UPI,Failed,0.0,TXN317328991
PAY500484,ORD100452,2025-01-13,UPI,Paid,2444.54,TXN842034747
PAY500485,ORD100453,2025-01-20,UPI,Paid,1324.39,TXN569992360
PAY500486,ORD100454,06-29-2025,UPI,Paid,700.76,TXN171648110
PAY500487,ORD100455,2025-05-05,Cash on Delivery,Paid,2195.7,TXN770423545
PAY500488,ORD100456,2026-04-20,UPI,Paid,840.24,TXN761552976
PAY500489,ORD100457,2026-03-31,UPI,Paid,1460.76,TXN387304300
PAY500490,ORD100458,2025-04-13,UPI,Paid,658.52,TXN693325793
PAY500491,ORD100459,2025-08-22,Debit Card,Paid,575.18,TXN170211371
PAY500492,ORD100460,2025-10-09,Credit Card,Paid,474.27,TXN660679893
PAY500493,ORD100461,2026-02-14,Credit Card,Paid,517.66,TXN908196570
PAY500494,ORD100462,2026-06-19,Cash on Delivery,Paid,2111.91,TXN159230860
PAY500495,ORD100463,2025-08-08,Cash on Delivery,Refunded,-765.55,TXN427159483
PAY500496,ORD100464,05-Oct-2025,Net Banking,Paid,285.06,TXN606309243
PAY500497,ORD100465,2026-06-26,UPI,Paid,554.54,TXN212997311
PAY500498,ORD100466,2025-05-30,Credit Card,Pending,693.18,TXN252930021
PAY500499,ORD100467,2025-04-17,credit card,Paid,356.33,TXN638842594
PAY500500,ORD100468,2026-03-31,Credit Card,Paid,9778.16,TXN866441663
PAY500501,ORD100469,2025-06-10,Debit Card,Paid,988.52,TXN694457921
PAY500502,ORD100470,2026-04-12,Credit Card,Paid,7333.62,TXN870333195
PAY500503,ORD100471,2025-10-20,UPI,Paid,948.54,TXN339950426
PAY500504,ORD100472,2025-11-07,Debit Card,Paid,658.52,TXN795415674
PAY500505,ORD100473,2025-10-05,Credit Card,Paid,1246.88,TXN937941257
PAY500506,ORD100474,2025-12-13,Credit Card,Paid,161.17,TXN823731475
PAY500507,ORD100475,2025-08-02,Debit Card,Paid,693.18,TXN137649496
PAY500508,ORD100476,2026-04-23,Credit Card,Paid,11982.27,TXN479712242
PAY500509,ORD100477,2026-02-27,Debit Card,Paid,677.02,TXN413731635
PAY500510,ORD100478,2025-11-12,Credit Card,Paid,11383.17,TXN877498543
PAY500511,ORD100479,2026-01-17,UPI,Paid,2171.19,TXN199534074
PAY500512,ORD100480,2026-05-03,Credit Card,Paid,1247.72,TXN452143819
PAY500513,ORD100481,2025-10-10,Net Banking,Failed,0.0,TXN398249040
PAY500514,ORD100481,,Net Banking,Paid,494.26,TXN700386055
PAY500515,ORD100482,2026-02-19,UPI,Paid,396.96,TXN245260160
PAY500516,ORD100483,2026-01-08,UPI,Paid,2107.88,TXN890955684
PAY500517,ORD100484,2026-01-05,UPI,Paid,186.01,TXN166440843
PAY500518,ORD100485,2025-06-23,Cash on Delivery,Paid,1312.5,TXN288746651
PAY500519,ORD100486,2025-07-13,Debit Card,Paid,2573.2,TXN715407533
PAY500520,ORD100487,2025-12-21,Credit Card,Paid,1401.52,TXN614775532
PAY500521,ORD100488,2026-02-26,Credit Card,Failed,0.0,TXN262794934
PAY500522,ORD100488,2026-02-24,CC,Paid,840.24,TXN256848641
PAY500523,ORD100489,2025-07-22,Credit Card,Refunded,-153.11,TXN519762068
PAY500524,ORD100490,2026-04-28,Net Banking,Paid,2111.91,TXN438920759
PAY500525,ORD100491,2026-02-17,Net Banking,Paid,5035.24,TXN605704319
PAY500526,ORD100492,2026-06-30,UPI,Paid,7588.78,TXN675892512
PAY500527,ORD100493,2025-02-09,UPI,Paid,658.52,TXN426911185
PAY500528,ORD100494,2025-01-09,Debit Card,Paid,470.66,TXN426754387
PAY500529,ORD100495,2025-12-06,UPI,Paid,2362.5,TXN348853811
PAY500530,ORD100496,2026-04-09,UPI,Refunded,-1324.39,TXN873988294
PAY500531,ORD100497,2025-11-12,Debit Card,Paid,188.26,TXN500360180
PAY500532,ORD100498,2025-11-11,Net Banking,Paid,5489.26,TXN566147981
PAY500533,ORD100499,2026-06-03,UPI,Paid,542.24,TXN292919439
PAY500534,ORD100500,2025-04-25,UPI,Pending,1747.36,TXN400626423
PAY500535,ORD100501,2025-11-08,UPI,Paid,1871.58,TXN545847393
PAY500536,ORD100502,2026-04-11,UPI,Paid,687.54,TXN853937840
PAY500537,ORD100503,2026-05-01,UPI,Paid,2444.54,TXN427127566
PAY500538,ORD100504,2026-03-28,Net Banking,Paid,2648.78,TXN774778167
PAY500539,ORD100505,2025-07-23,Credit Card,Paid,3453.73,TXN120801746
PAY500540,ORD100506,2026-02-05,Cash on Delivery,Paid,988.52,TXN223135167
PAY500541,ORD100507,2025-11-25,Credit Card,Paid,2573.2,TXN967766559
PAY500542,ORD100508,2025-12-18,Credit Card,Paid,630.68,TXN120988111
PAY500543,ORD100509,2026-03-02,UPI,Paid,2607.4,TXN942042306
PAY500544,ORD100510,2026-01-15,UPI,Paid,372.02,TXN539960825
PAY500545,ORD100511,2025-08-18,Credit Card,Paid,2652.96,TXN926645281
PAY500546,ORD100512,2025-03-07,UPI,Paid,1258.81,TXN595350640
PAY500547,ORD100513,2026-06-11,Credit Card,Paid,1326.48,TXN373858907
PAY500548,ORD100514,2026-06-11,Cash on Delivery,Paid,7271.02,TXN117334939
PAY500549,ORD100515,2026-03-10,UPI,Paid,723.73,TXN845517389
PAY500550,ORD100516,2025-11-25,Net Banking,Paid,2652.96,TXN372362677
PAY500551,ORD100517,2026-01-04,PayPal,Paid,513.97,TXN782680613
PAY500552,ORD100518,2026-04-23,Cash on Delivery,Paid,3635.51,TXN386961744
PAY500553,ORD100519,2025-07-23,UPI,Paid,723.73,TXN376369079
PAY500554,ORD100520,2025-07-19,Net Banking,Paid,517.66,TXN933993568
PAY500555,ORD100521,2026-06-08,Debit Card,Paid,494.26,TXN716527139
PAY500556,ORD100522,2025-06-03,Net Banking,Paid,486.92,TXN753208352
PAY500557,ORD100523,2025-04-05,Cash on Delivery,Paid,3178.53,TXN519231364
PAY500558,ORD100524,2025-02-22,PayPal,Paid,161.17,TXN584076020
PAY500559,ORD100525,2025-02-17,UPI,Paid,500.62,TXN240080237
PAY500560,ORD100526,2025-05-10,Credit Card,Paid,3794.39,TXN973225723
PAY500561,ORD100527,2025-07-05,Net Banking,Paid,3994.09,TXN519351709
PAY500562,ORD100528,2025-09-12,UPI,Partially Refunded,3380.27,TXN230227898
PAY500563,ORD100529,2026-05-29,Cash on Delivery,Failed,0.0,TXN291184439
PAY500564,ORD100529,2026-05-30,Cash on Delivery,Paid,2573.2,TXN899689182
PAY500565,ORD100530,2025-10-17,Credit Card,Failed,0.0,TXN284937937
PAY500566,ORD100530,2025-10-18,Credit Card,Paid,5489.26,TXN517319357
PAY500567,ORD100531,2026-02-01,UPI,Failed,0.0,TXN905292549
PAY500568,ORD100531,2026-01-29,UPI,Paid,447.92,
PAY500569,ORD100532,2025-03-24,UPI,Paid,1053.94,TXN407044195
PAY500570,ORD100533,2025-11-29,UPI,Paid,1082.04,TXN905003862
PAY500571,ORD100534,12-Mar-2025,UPI,Paid,700.76,TXN502836540
PAY500572,ORD100535,,UPI,Paid,1068.99,TXN527216817
PAY500573,ORD100536,2025-12-28,PayPal,Paid,4725.0,TXN124896009
PAY500574,ORD100537,2025-07-14,Debit Card,Paid,658.52,TXN475972720
PAY500575,ORD100538,2025-10-18,PayPal,Pending,3153.4,TXN741037439
PAY500576,ORD100539,2026-01-20,Debit Card,Paid,1425.32,TXN304241953
PAY500577,ORD100540,2025-10-14,Debit Card,Paid,6947.64,TXN708251288
PAY500578,ORD100541,2025-12-25,Credit Card,Paid,2970.52,TXN720949026
PAY500579,ORD100542,2026-05-04,UPI,Paid,2744.63,TXN327916392
PAY500580,ORD100543,2025-08-12,Credit Card,Paid,10978.52,TXN718439767
PAY500581,ORD100544,2025-11-29,Cash on Delivery,Failed,0.0,TXN309916223
PAY500582,ORD100544,2025-11-30,Cash on Delivery,Paid,1317.04,TXN425746209
PAY500583,ORD100545,2025-04-22,UPI,Paid,5315.0,TXN167614124
PAY500584,ORD100546,2025-05-24,UPI,Failed,0.0,TXN420550137
PAY500585,ORD100547,2025-07-12,Net Banking,Paid,2573.2,TXN732659620
PAY500586,ORD100548,2025-08-03,Cash on Delivery,Paid,517.66,TXN274129273
PAY500587,ORD100549,2026-01-13,UPI,Refunded,-4036.19,TXN173725684
PAY500588,ORD100550,2025-11-22,Debit Card,Paid,10784.04,TXN532664069
PAY500589,ORD100551,2025-10-23,Credit Card,Paid,10292.8,TXN593133393
PAY500590,ORD100552,2025/05/31,UPI,Paid,2625.0,TXN779188317
PAY500591,ORD100553,2025-11-15,Net Banking,Paid,3145.24,TXN321879200
PAY500592,ORD100554,2025-06-01,UPI,Paid,1004.58,TXN327649189
PAY500593,ORD100555,2026-01-05,Cash on Delivery,Paid,10292.8,TXN645525376
PAY500594,ORD100556,2025-11-04,UPI,Paid,651.36,TXN646994534
PAY500595,ORD100557,2025-12-23,Cash on Delivery,Paid,7189.36,TXN251419185
PAY500596,ORD100558,2026-05-05,Debit Card,Refunded,-2970.52,TXN509986841
PAY500597,ORD100559,2025-04-30,Net Banking,Failed,0.0,TXN277871077
PAY500598,ORD100559,2025-04-28,Net Banking,Paid,526.97,TXN616907646
PAY500599,ORD100560,2026-05-29,Net Banking,Paid,12915.8,TXN827215454
PAY500600,ORD100561,2025-06-29,UPI,Partially Refunded,3271.96,TXN597168376
PAY500601,ORD100562,2026-04-22,UPI,Refunded,-1747.36,TXN638223662
PAY500602,ORD100563,2025-08-18,Net Banking,Paid,3319.98,TXN643441177
PAY500603,ORD100564,2025-02-24,Net Banking,Paid,1193.83,TXN132233139
PAY500604,ORD100565,2025-05-12,PayPal,Refunded,-3635.51,TXN569450181
PAY500605,ORD100566,2026-01-06,Cash on Delivery,Paid,700.76,TXN166855497
PAY500606,ORD100567,2025-02-06,Net Banking,Failed,0.0,TXN453333826
PAY500607,ORD100567,2025-02-03,Net Banking,Paid,2573.2,TXN591951149
PAY500608,ORD100568,2026-04-24,UPI,Paid,444.83,TXN396596302
PAY500609,ORD100569,2026-06-22,Debit Card,Paid,3090.18,TXN737903984
PAY500610,ORD100570,2025-10-19,Credit Card,Paid,2195.7,TXN281275839
PAY500611,ORD100571,2025-12-27,Cash on Delivery,Paid,2588.3,TXN782971002
PAY500612,ORD100572,2025-11-04,UPI,Failed,0.0,TXN309051362
PAY500613,ORD100573,2026-07-02,Debit Card,Failed,0.0,TXN904533097
PAY500614,ORD100573,2026-06-30,Debit Card,Paid,1230.34,TXN413851351
PAY500615,ORD100574,2026-02-27,Credit Card,Paid,3271.96,TXN271739718
PAY500616,ORD100575,2025-09-05,Net Banking,Pending,148.81,TXN448703844
PAY500617,ORD100576,2025-05-04,Net Banking,Paid,3635.51,TXN414403951
PAY500618,ORD100577,2025-10-26,UPI,Paid,10906.53,TXN389399346
PAY500619,ORD100578,2025-03-08,UPI,Paid,2573.2,TXN536475400
PAY500620,ORD100579,2025-05-03,UPI,Paid,3986.25,TXN295554801
PAY500621,ORD100580,2025-07-06,UPI,Failed,0.0,TXN354656837
PAY500622,ORD100580,2025-07-05,UPI,Paid,161.17,TXN844034868
PAY500623,ORD100581,2025-12-31,Debit Card,Paid,658.52,TXN556298891
PAY500624,ORD100582,08-26-2025,Credit Card,Pending,2517.62,TXN387449593
PAY500625,ORD100583,2026-06-03,UPI,Paid,167.41,TXN904683940
PAY500626,ORD100584,24/04/2025,Credit Card,Failed,0.0,TXN413834259
PAY500627,ORD100584,2025-04-25,Credit Card,Paid,423.6,TXN427015120
PAY500628,ORD100585,2025-05-11,UPI,Paid,575.18,TXN201944409
PAY500629,ORD100586,2025-02-26,PayPal,Failed,0.0,TXN609492856
PAY500630,ORD100586,2025-03-01,PayPal,Paid,5352.09,TXN673104545
PAY500631,ORD100587,2025-12-27,UPI,Paid,1623.06,TXN226051147
PAY500632,ORD100588,2026-01-14,Credit Card,Pending,1328.75,TXN753889181
PAY500633,ORD100589,2026-05-18,UPI,Refunded,-575.18,TXN843687172
PAY500634,ORD100590,2025-11-30,UPI,Paid,1004.58,TXN165802684
PAY500635,ORD100591,2025-04-15,Cash on Delivery,Paid,7588.78,TXN438720590
PAY500636,ORD100592,2025-05-19,UPI,Paid,575.18,TXN353299799
PAY500637,ORD100593,2025-12-31,Debit Card,Paid,2696.49,TXN415178651
PAY500638,ORD100594,2025-02-19,UPI,Refunded,-2573.2,TXN471230046
PAY500639,ORD100595,2026-02-12,Credit Card,Paid,1398.68,TXN439037824
PAY500640,ORD100596,2025-10-01,Credit Card,Pending,2573.2,TXN712234707
PAY500641,ORD100597,2025-08-13,Net Banking,Paid,441.07,TXN659315662
PAY500642,ORD100598,2026-02-10,UPI,Paid,542.24,TXN667014034
PAY500643,ORD100599,2026-05-21,Cash on Delivery,Paid,186.01,TXN664223962
PAY500644,ORD100600,2025-11-25,UPI,Paid,1482.78,TXN567775612
PAY500645,ORD100601,2025-11-05,Credit Card,Paid,658.52,TXN669127222
PAY500646,ORD100602,2025-04-14,Credit Card,Failed,0.0,TXN249587141
PAY500647,ORD100602,2025-04-17,Credit Card,Paid,1386.36,TXN797906709
PAY500648,ORD100603,2026-04-30,Credit Card,Paid,271.12,TXN210403388
PAY500649,ORD100604,2025-04-25,Net Banking,Paid,3494.72,TXN712449747
PAY500650,ORD100605,2025-07-25,Credit Card,Paid,1326.48,TXN950016675
PAY500651,ORD100606,2025-12-06,UPI,Refunded,-356.33,TXN551309955
PAY500652,ORD100607,2025-01-26,UPI,Paid,338.51,TXN780380862
PAY500653,ORD100608,2025-10-06,Net Banking,Refunded,-3430.76,TXN952292337
PAY500654,ORD100609,2026-01-25,Cash on Delivery,Paid,2772.72,TXN416977103
PAY500655,ORD100610,25-Jan-2025,UPI,Paid,1892.04,TXN399531127
PAY500656,ORD100611,2025-03-27,Cash on Delivery,Paid,441.07,TXN256380820
PAY500657,ORD100612,2025-05-28,UPI,Paid,441.07,TXN602757139
PAY500658,ORD100613,2026-01-07,Cash on Delivery,Paid,2079.54,TXN210248940
PAY500659,ORD100614,2025-05-16,UPI,Paid,2387.66,TXN911844524
PAY500660,ORD100615,2025-05-21,Cash on Delivery,Paid,3755.86,TXN875641031
PAY500661,ORD100616,2026-06-23,Cash on Delivery,Paid,4036.19,TXN690137719
PAY500662,ORD100617,2025-05-19,Cash on Delivery,Failed,0.0,TXN571450515
PAY500663,ORD100617,2025-05-22,Cash on Delivery,Paid,693.18,TXN345337770
PAY500664,ORD100618,2025-03-29,PayPal,Paid,665.72,TXN367129108
PAY500665,ORD100619,2026-03-21,UPI,Paid,517.66,TXN847548587
PAY500666,ORD100620,2025-11-05,Net Banking,Paid,444.83,TXN591104592
PAY500667,ORD100621,2025-08-21,UPI,Paid,939.1,TXN721659911
PAY500668,ORD100622,2025-12-03,UPI,Paid,3794.39,TXN547613381
PAY500669,ORD100623,2025-04-24,Cash on Delivery,Paid,939.1,TXN100890340
PAY500670,ORD100624,2025-03-10,Cash on Delivery,Paid,526.97,TXN187271363
PAY500671,ORD100625,2026-05-07,Credit Card,Paid,441.07,TXN918029221
PAY500672,ORD100626,2026-01-12,UPI,Paid,1572.62,TXN362143263
PAY500673,ORD100627,2026-03-12,Debit Card,Paid,700.76,TXN235595977
PAY500674,ORD100628,2025-01-21,Cash on Delivery,Paid,703.97,TXN326078223
PAY500675,ORD100629,2025-03-26,Cash on Delivery,Paid,11383.17,TXN569148379
PAY500676,ORD100630,2026-02-11,Credit Card,Failed,0.0,TXN702624448
PAY500677,ORD100630,2026-02-11,Credit Card,Paid,526.97,TXN685084785
PAY500678,ORD100631,2026-04-15,Net Banking,Paid,2114.9,TXN408144821
PAY500679,ORD100632,2025-07-18,Debit Card,Partially Refunded,951.71,TXN399821052
PAY500680,ORD100632,2025-07-17,Debit Card,Refunded,-2114.9,TXN469257230
PAY500681,ORD100633,2026-07-03,Credit Card,Paid,18177.55,TXN637446273
PAY500682,ORD100634,2025-07-13,Debit Card,Paid,186.01,TXN359785549
PAY500683,ORD100635,2025-03-08,UPI,Paid,12108.57,TXN541386979
PAY500684,ORD100636,2025-03-06,PayPal,Paid,623.86,TXN201874743
PAY500685,ORD100637,2025-08-10,PayPal,Failed,0.0,TXN796892582
PAY500686,ORD100638,2025-07-30,Debit Card,Paid,3635.51,TXN357830488
PAY500687,ORD100639,2025-11-13,Cash on Delivery,Refunded,-2315.88,TXN744380628
PAY500688,ORD100640,2025-11-15,UPI,Paid,10361.19,TXN138434698
PAY500689,ORD100641,2026-05-24,Cash on Delivery,Paid,800.12,TXN480325974
PAY500690,ORD100642,2025-03-17,Debit Card,Paid,651.36,TXN124242699
PAY500691,ORD100643,2025-12-09,Debit Card,Paid,,TXN553840440
PAY500692,ORD100644,2025-10-22,Net Banking,Paid,271.12,TXN915784926
PAY500693,ORD100645,2025-07-03,Cash on Delivery,Paid,2744.63,TXN654052723
PAY500694,ORD100646,2025-12-10,Credit Card,Paid,1580.91,TXN915176797
PAY500695,ORD100647,2026-05-03,Credit Card,Pending,1004.58,TXN704694119
PAY500696,ORD100648,2025-07-20,UPI,Paid,700.76,TXN954509323
PAY500697,ORD100649,2025-07-14,Net Banking,Failed,0.0,TXN597222663
PAY500698,ORD100649,2025-07-14,Net Banking,Paid,1084.48,TXN974913780
PAY500699,ORD100650,2025-12-11,UPI,Refunded,-6175.68,TXN258315978
PAY500700,ORD100651,2026-01-04,UPI,Paid,693.18,TXN935703328
PAY500701,ORD100652,2025-03-13,UPI,Paid,2187.22,TXN621544976
PAY500702,ORD100653,2025-09-19,Cash on Delivery,Failed,0.0,TXN263852241
PAY500703,ORD100654,2025-04-21,UPI,Paid,167.41,TXN283683224
PAY500704,ORD100655,2025-12-11,Net Banking,Paid,7189.36,TXN901213482
PAY500705,ORD100656,2025-04-15,UPI,Paid,2815.88,TXN964406449
PAY500706,ORD100657,2025-05-26,Cash on Delivery,Paid,1326.48,TXN372763325
PAY500707,ORD100658,2025-11-17,UPI,Failed,0.0,TXN618048740
PAY500708,ORD100658,2025-11-15,UPI,Paid,3994.09,TXN404755601
PAY500709,ORD100659,2025-07-08,PayPal,Paid,186.01,TXN443652363
PAY500710,ORD100660,2025-08-25,UPI,Paid,223.56,TXN604882182
PAY500711,ORD100661,2025-08-22,Debit Card,Paid,2444.54,TXN333677802
PAY500712,ORD100662,2026-04-18,Debit Card,Paid,3635.51,TXN167919708
PAY500713,ORD100663,2025-04-16,Cash on Delivery,Paid,2797.36,TXN606907516
PAY500714,ORD100664,2025-08-10,UPI,Paid,575.18,TXN222446972
PAY500715,ORD100665,2026-02-01,UPI,Paid,700.76,TXN138608316
PAY500716,ORD100666,2025-10-11,Cash on Delivery,Paid,546.42,TXN468077857
PAY500717,ORD100667,2025-04-30,Credit Card,Failed,0.0,TXN867350048
PAY500718,ORD100667,02/05/2025,Credit Card,Failed,0.0,TXN216253097
PAY500719,ORD100668,2026-04-14,PayPal,Paid,494.26,TXN704308214
PAY500720,ORD100669,2025-11-09,Cash on Delivery,Paid,1127.51,TXN641217226
PAY500721,ORD100670,2025-08-21,Cash on Delivery,Paid,2470.17,TXN904122437
PAY500722,ORD100671,2025-06-21,UPI,Paid,575.18,TXN681723181
PAY500723,ORD100672,2026-02-14,Net Banking,Paid,700.76,TXN681239473
PAY500724,ORD100673,2026-06-16,Cash on Delivery,Paid,3632.57,TXN664110681
PAY500725,ORD100674,2025-12-13,UPI,Paid,575.18,TXN689463171
PAY500726,ORD100675,2025-10-15,Credit Card,Refunded,-703.97,TXN551417650
PAY500727,ORD100676,2025-05-20,Net Banking,Paid,1747.36,TXN502760138
PAY500728,ORD100677,2025-06-11,UPI,Paid,1027.94,TXN584785783
PAY500729,ORD100678,2025-04-09,Debit Card,Paid,2652.96,TXN144363099
PAY500730,ORD100679,2025-10-06,UPI,Paid,3994.09,TXN258046803
PAY500731,ORD100680,2025-02-18,PayPal,Paid,3635.51,TXN709850919
PAY500732,ORD100681,2026-05-24,UPI,Paid,7988.18,TXN484370774
PAY500733,ORD100682,2025-11-06,PayPal,Paid,1779.32,
PAY500734,ORD100683,2025-07-24,Credit Card,Paid,1386.36,TXN515609649
PAY500735,ORD100684,2025-05-04,UPI,Paid,1324.39,TXN379788612
PAY500736,ORD100685,2025-04-10,UPI,Paid,575.18,TXN277174757
PAY500737,ORD100686,2025-09-28,Cash on Delivery,Paid,6543.92,TXN330311293
PAY500738,ORD100686,2025-09-27,Cash on Delivery,Paid,6543.92,TXN926830107
PAY500739,ORD100687,2026-06-18,Cash on Delivery,Paid,3979.44,TXN494088476
PAY500740,ORD100688,2025-01-21,Credit Card,Failed,0.0,TXN981587768
PAY500741,ORD100688,2025-01-20,Credit Card,Paid,723.73,TXN934637336
PAY500742,ORD100689,2025-08-14,UPI,Paid,9331.76,TXN126985809
PAY500743,ORD100690,2025-12-19,Debit Card,Failed,0.0,TXN974764652
PAY500744,ORD100690,2025-12-19,Debit Card,Paid,977.8,TXN865071936
PAY500745,ORD100691,2025-10-10,UPI,Pending,12350.85,TXN964859875
PAY500746,ORD100692,2025-02-14,UPI,Paid,693.18,TXN523125069
PAY500747,ORD100693,2026-02-07,Debit Card,Paid,693.18,TXN651143599
PAY500748,ORD100694,2026-03-31,Credit Card,Pending,2079.54,TXN726033437
PAY500749,ORD100695,2026-03-21,Debit Card,Paid,1877.93,TXN533344088
PAY500750,ORD100696,2026-05-24,Credit Card,Paid,554.54,TXN365660657
PAY500751,ORD100697,2025-02-14,Net Banking,Paid,1398.68,TXN537344320
PAY500752,ORD100698,2026-05-21,Net Banking,Paid,2797.36,TXN276115454
PAY500753,ORD100699,2026-05-14,PayPal,Paid,1246.88,TXN536532482
PAY500754,ORD100700,2025-04-10,PayPal,Paid,1326.48,TXN252455190
PAY500755,ORD100701,2025-03-03,Credit Card,Paid,3594.68,TXN948250402
PAY500756,ORD100702,2025-06-25,Net Banking,Paid,2573.2,TXN974037273
PAY500757,ORD100703,2026-01-08,UPI,Paid,338.51,TXN826400028
PAY500758,ORD100704,2025-10-01,Debit Card,Failed,0.0,TXN493932542
PAY500759,ORD100704,2025-10-03,Debit Card,Paid,1398.68,TXN365335072
PAY500760,ORD100705,2026-06-02,Cash on Delivery,Paid,5040.64,TXN464544118
PAY500761,ORD100706,2025-07-31,PayPal,Paid,666.92,TXN834229665
PAY500762,ORD100707,2025-01-13,UPI,Failed,0.0,TXN818495085
PAY500763,ORD100707,2025-01-14,UPI,Paid,356.33,TXN876412024
PAY500764,ORD100708,2026-06-19,Credit Card,Paid,1328.75,TXN931136789
PAY500765,ORD100709,2026-04-04,PayPal,Refunded,-693.18,TXN727509178
PAY500766,ORD100710,2025-07-01,Debit Card,Paid,356.33,TXN871099006
PAY500767,ORD100711,2025-07-03,UPI,Pending,3635.51,TXN129042209
PAY500768,ORD100712,2025-02-23,Credit Card,Paid,4889.08,TXN330459726
PAY500769,ORD100713,2026-04-29,Net Banking,Paid,3594.68,TXN601002911
PAY500770,ORD100714,2025-10-04,UPI,Paid,2522.72,TXN793272954
PAY500771,ORD100715,2025-08-06,Net Banking,Paid,488.02,TXN295179415
PAY500772,ORD100716,2025-02-05,Credit Card,Failed,0.0,TXN819074008
PAY500773,ORD100716,2025-02-05,Credit Card,Paid,1877.93,TXN323887614
PAY500774,ORD100717,2025-09-26,Net Banking,Paid,3973.17,TXN279026528
PAY500775,ORD100718,2025-05-01,UPI,Refunded,-1057.45,TXN268596522
PAY500776,ORD100719,2026-01-04,Credit Card,Paid,494.26,TXN545648848
PAY500777,ORD100720,2025-05-08,UPI,Failed,0.0,TXN956705998
PAY500778,ORD100721,2025-06-19,PayPal,Paid,2187.22,TXN850336026
PAY500779,ORD100722,2025-09-21,UPI,Paid,3172.35,TXN309801631
PAY500780,ORD100723,2026-05-07,Net Banking,Paid,7719.6,TXN925849929
PAY500781,ORD100724,2026-01-31,UPI,Paid,420.12,TXN169303174
PAY500782,ORD100725,2025-10-27,Cash on Delivery,Paid,1659.99,TXN227416995
PAY500783,ORD100726,2025-07-03,Net Banking,Paid,2652.96,TXN474931852
PAY500784,ORD100727,2025-09-14,Credit Card,Paid,541.02,TXN828515752
PAY500785,ORD100728,2025-12-27,UPI,Paid,2000.76,TXN795997144
PAY500786,ORD100729,2026-02-28,Debit Card,Pending,723.73,TXN699521990
PAY500787,ORD100730,2025-02-21,Cash on Delivery,Paid,2657.5,TXN850122442
PAY500788,ORD100731,2025-10-25,Cash on Delivery,Paid,444.83,TXN844173588
PAY500789,ORD100732,2026-04-16,Net Banking,Paid,1326.48,TXN652885263
PAY500790,ORD100733,2026-04-23,Debit Card,Paid,488.9,TXN426186817
PAY500791,ORD100734,2025-11-28,Cash on Delivery,Paid,7988.18,TXN881518322
PAY500792,ORD100735,2025-10-05,UPI,Paid,2744.63,TXN137286608
PAY500793,ORD100736,2025-04-03,Debit Card,Paid,494.26,TXN717460217
PAY500794,ORD100737,2025-12-01,Cash on Delivery,Paid,1587.84,TXN444914409
PAY500795,ORD100738,2025-04-23,Cash on Delivery,Paid,575.18,TXN688017520
PAY500796,ORD100739,2026-04-28,UPI,Failed,0.0,TXN475783118
PAY500797,ORD100739,2026-04-26,UPI,Paid,623.86,TXN736295642
PAY500798,ORD100740,01-05-2026,Credit Card,Paid,2573.2,TXN144019020
PAY500799,ORD100741,2025-05-02,UPI,Paid,186.01,TXN584052054
PAY500800,ORD100742,2025-02-24,Net Banking,Paid,1889.61,TXN612101621
PAY500801,ORD100743,2025-11-25,PayPal,Paid,8072.38,TXN504616620
PAY500802,ORD100744,2025-12-08,Cash on Delivery,Paid,7271.02,TXN784558196
PAY500803,ORD100745,2025-04-26,Credit Card,Paid,372.02,TXN362250938
PAY500804,ORD100746,2025-07-31,PayPal,Paid,244.01,TXN634649084
PAY500805,ORD100747,2025-10-27,Debit Card,Paid,6294.05,TXN512133054
PAY500806,ORD100748,2025-02-06,Debit Card,Paid,2648.78,TXN617016015
PAY500807,ORD100749,2025-11-13,UPI,Paid,5214.8,TXN126993244
PAY500808,ORD100750,2025-05-27,UPI,Paid,469.55,TXN884890398
PAY500809,ORD100751,2025-01-20,PayPal,Failed,0.0,TXN533173914
PAY500810,ORD100751,2025-01-19,PayPal,Paid,7988.18,TXN282934519
PAY500811,ORD100752,2026-06-30,Debit Card,Partially Refunded,2223.15,TXN711520835
PAY500812,ORD100753,2025-06-01,Credit Card,Paid,3994.09,TXN564009657
PAY500813,ORD100754,2025-02-01,Credit Card,Paid,1398.68,TXN981102649
PAY500814,ORD100755,2025-03-06,UPI,Paid,2062.62,TXN478868772
PAY500815,ORD100756,2025-06-28,Credit Card,Refunded,-1082.04,TXN174450827
PAY500816,ORD100757,2025-10-01,Credit Card,Failed,0.0,TXN603857615
PAY500817,ORD100757,2025-10-01,Credit Card,Paid,1326.48,TXN139511662
PAY500818,ORD100758,2025-03-08,Credit Card,Paid,1334.49,TXN198295386
PAY500819,ORD100759,2025-11-11,UPI,Paid,4036.19,TXN386333853
PAY500820,ORD100760,2025-02-22,Credit Card,Paid,4631.76,TXN155768542
PAY500821,ORD100761,2025-03-16,Credit Card,Paid,2114.9,TXN876432144
PAY500822,ORD100762,2025-01-21,Cash on Delivery,Paid,705.99,TXN926093869
PAY500823,ORD100763,2025-12-16,Debit Card,Paid,1057.45,TXN703396844
PAY500824,ORD100764,2025-09-06,Net Banking,Partially Refunded,311.93,TXN367959317
PAY500825,ORD100765,2025-11-20,Cash on Delivery,Paid,2102.28,TXN383457685
PAY500826,ORD100766,2025-07-06,PayPal,Paid,700.76,TXN434004348
PAY500827,ORD100767,2026-02-17,PayPal,Paid,20180.95,TXN455827354
PAY500828,ORD100768,2026-06-09,Cash on Delivery,Failed,0.0,TXN566313337
PAY500829,ORD100769,2025-07-26,Net Banking,Paid,1328.75,TXN689220746
PAY500830,ORD100770,2026-04-16,Cash on Delivery,Pending,3794.39,TXN345980717
PAY500831,ORD100771,2025-09-07,Net Banking,Paid,700.76,TXN157113326
PAY500832,ORD100772,2025-07-22,Cash on Delivery,Paid,6989.44,TXN168890945
PAY500833,ORD100773,2025-04-13,Credit Card,Paid,2573.2,TXN746968840
PAY500834,ORD100774,2025-01-17,Debit Card,Failed,0.0,TXN592882189
PAY500835,ORD100774,2025-01-16,Debit Card,Paid,2652.96,TXN153604164
PAY500836,ORD100775,2025-06-29,Net Banking,Paid,1398.68,TXN882073289
PAY500837,ORD100776,2025-07-25,UPI,Paid,148.81,TXN968730068
PAY500838,ORD100777,2026-05-17,Credit Card,Paid,2079.54,TXN311330257
PAY500839,ORD100778,2025-11-21,UPI,Paid,1312.5,TXN481340995
PAY500840,ORD100779,2025-03-13,Credit Card,Failed,0.0,TXN599817254
PAY500841,ORD100779,2025-03-13,Credit Card,Paid,575.18,TXN765984979
PAY500842,ORD100780,2026-03-23,UPI,Paid,10292.8,TXN442530269
PAY500843,ORD100781,2026-05-22,Debit Card,Paid,5070.42,TXN786252371
PAY500844,ORD100782,2026-03-09,UPI,Paid,1181.25,TXN501583330
PAY500845,ORD100783,2026-05-23,Debit Card,Paid,1326.48,TXN865317603
PAY500846,ORD100784,2026-07-01,UPI,Failed,0.0,TXN344591181
PAY500847,ORD100784,2026-06-29,UPI,Paid,693.18,TXN583323715
PAY500848,ORD100785,2025-07-25,UPI,Paid,513.97,TXN940595017
PAY500849,ORD100786,2026-03-08,Debit Card,Paid,2652.96,TXN360123436
PAY500850,ORD100787,2025-12-08,UPI,Paid,7588.78,TXN201019998
PAY500851,ORD100788,09-28-2025,Credit Card,Paid,651.36,TXN995526773
PAY500852,ORD100789,2026-04-30,UPI,Paid,15976.36,TXN905323483
PAY500853,ORD100790,2025-10-04,Debit Card,Paid,2119.02,TXN885039210
PAY500854,ORD100791,2026-03-31,Net Banking,Paid,1326.48,TXN625635216
PAY500855,ORD100792,2026-03-14,UPI,Paid,1261.36,TXN275343623
PAY500856,ORD100793,2025-06-08,Debit Card,Paid,658.52,TXN585319140
PAY500857,ORD100794,2026-04-25,Net Banking,Pending,3994.09,TXN709578670
PAY500858,ORD100795,2025-05-06,Credit Card,Paid,3635.51,TXN295815835
PAY500859,ORD100796,2026-03-30,Cash on Delivery,Paid,2744.63,TXN940126985
PAY500860,ORD100797,2025-09-19,UPI,Paid,1057.45,TXN233961738
PAY500861,ORD100798,2025-08-03,PayPal,Paid,7988.18,TXN771101702
PAY500862,ORD100799,2025-06-17,UPI,Paid,1447.46,TXN864583204
PAY500863,ORD100800,2026-05-09,UPI,Paid,882.14,TXN995919504
PAY500864,ORD100801,2025-05-13,Cash on Delivery,Paid,1482.04,TXN182524785
PAY500865,ORD100802,2026-01-24,Credit Card,Paid,5297.56,TXN656270684
PAY500866,ORD100803,2025-04-02,Credit Card,Paid,1877.93,TXN123783232
PAY500867,ORD100804,2026-01-24,Net Banking,Paid,546.42,TXN163235330
PAY500868,ORD100805,2025-05-12,UPI,Paid,3575.85,TXN831959908
PAY500869,ORD100806,2025-04-12,UPI,Paid,1127.51,TXN994302523
PAY500870,ORD100807,2025-12-06,Cash on Delivery,Paid,658.52,TXN672607904
PAY500871,ORD100808,2026-04-30,Debit Card,Failed,0.0,TXN947629510
PAY500872,ORD100808,2026-04-28,Debit Card,Paid,2573.2,
PAY500873,ORD100809,2025-09-12,Credit Card,Failed,0.0,TXN596663740
PAY500874,ORD100809,2025-09-13,Credit Card,Failed,0.0,TXN981483168
PAY500875,ORD100810,2026-04-08,Net Banking,Paid,334.82,TXN208988436
PAY500876,ORD100811,2025-12-14,Cash on Delivery,Paid,3979.44,TXN145041551
PAY500877,ORD100812,2026-02-05,Net Banking,Paid,693.18,TXN397595719
PAY500878,ORD100813,2025-08-25,PayPal,Paid,271.12,TXN329449068
PAY500879,ORD100814,2025-07-30,UPI,Pending,4510.04,TXN811306722
PAY500880,ORD100815,2025-12-11,UPI,Paid,3994.09,TXN325541584
PAY500881,ORD100816,2025-01-15,UPI,Paid,2607.4,TXN229421685
PAY500882,ORD100817,2025-10-25,Cash on Delivery,Failed,0.0,TXN801766842
PAY500883,ORD100817,2025-10-26,Cash on Delivery,Paid,271.12,TXN455759465
PAY500884,ORD100818,2025-07-30,UPI,Paid,517.66,TXN439666468
PAY500885,ORD100819,2025-07-01,Debit Card,Failed,0.0,TXN671420093
PAY500886,ORD100820,2026-04-16,Cash on Delivery,Paid,700.76,TXN464690674
PAY500887,ORD100821,2026-04-04,UPI,Pending,1482.04,TXN951590608
PAY500888,ORD100822,2026-02-27,Cash on Delivery,Paid,441.07,TXN430134082
PAY500889,ORD100823,2025-11-08,UPI,Paid,419.02,TXN538687219
PAY500890,ORD100824,2025-04-02,Credit Card,Paid,988.52,TXN448579918
PAY500891,ORD100825,2025-05-05,Cash on Delivery,Paid,2520.32,TXN399253337
PAY500892,ORD100826,2025-10-07,Debit Card,Paid,486.92,TXN725149679
PAY500893,ORD100827,2026-01-09,UPI,Paid,2744.63,TXN307584730
PAY500894,ORD100828,2026-05-28,Credit Card,Paid,693.18,TXN770080926
PAY500895,ORD100829,2025-04-12,Credit Card,Failed,0.0,TXN376678675
PAY500896,ORD100830,2026-05-20,UPI,Failed,0.0,TXN450109691
PAY500897,ORD100831,2025-01-03,Debit Card,Paid,1878.2,TXN680107370
PAY500898,ORD100832,2026-04-22,UPI,Refunded,-2387.66,TXN579853793
PAY500899,ORD100833,01-19-2025,UPI,Paid,7189.36,TXN216106714
PAY500900,ORD100834,2025-07-16,UPI,Paid,1326.48,TXN433024180
PAY500901,ORD100835,2025-10-22,Cash on Delivery,Paid,666.92,TXN765862335
PAY500902,ORD100836,2025-11-23,UPI,Paid,1259.74,TXN305124032
PAY500903,ORD100837,2025-12-14,Credit Card,Paid,3192.48,TXN989475067
PAY500904,ORD100838,2026-03-09,Credit Card,Paid,700.76,TXN977314045
PAY500905,ORD100839,2026-04-01,UPI,Paid,3394.98,TXN114054290
PAY500906,ORD100840,2025-10-11,UPI,Paid,1260.16,TXN952217810
PAY500907,ORD100841,2025-09-04,UPI,Paid,665.72,TXN975942667
PAY500908,ORD100842,2026-04-06,UPI,Paid,5146.4,TXN237980833
PAY500909,ORD100843,2025-11-21,UPI,Paid,1118.94,TXN518169911
PAY500910,ORD100844,2025-01-10,Credit Card,Paid,271.12,TXN407464089
PAY500911,ORD100845,2025-06-06,Debit Card,Paid,554.54,TXN693619012
PAY500912,ORD100846,2026-03-17,Net Banking,Paid,813.36,TXN779358389
PAY500913,ORD100847,2025-06-06,Credit Card,Paid,1312.5,TXN776279347
PAY500914,ORD100848,2025-04-22,Credit Card,Paid,7719.6,TXN498560710
PAY500915,ORD100849,2025-08-30,Net Banking,Paid,623.86,TXN955502043
PAY500916,ORD100850,2025-11-11,UPI,Paid,419.02,TXN753365310
PAY500917,ORD100851,2025-01-16,Credit Card,Paid,651.36,TXN921852398
PAY500918,ORD100852,2025-09-24,UPI,Paid,148.81,TXN578434623
PAY500919,ORD100853,2026-05-08,Net Banking,Paid,271.12,TXN280008379
PAY500920,ORD100854,2025-01-17,Credit Card,Paid,1977.04,TXN929109847
PAY500921,ORD100855,2026-06-14,UPI,Failed,0.0,TXN777350623
PAY500922,ORD100855,2026-06-14,UPI,Paid,3994.09,TXN750750183
PAY500923,ORD100856,2025-05-16,Credit Card,Failed,0.0,TXN918222833
PAY500924,ORD100856,2025-05-18,Credit Card,Paid,589.2,TXN250732216
PAY500925,ORD100857,2025-12-20,UPI,Paid,578.98,TXN529362570
PAY500926,ORD100858,2025-07-03,Cash on Delivery,Paid,2573.2,TXN447719104
PAY500927,ORD100859,2025-11-03,Cash on Delivery,Failed,0.0,TXN484732466
PAY500928,ORD100860,2025-04-21,UPI,Paid,6989.44,TXN228393969
PAY500929,ORD100861,2026-04-03,Credit Card,Partially Refunded,4417.15,TXN297200736
PAY500930,ORD100862,2026-06-09,UPI,Paid,6180.36,TXN733872830
PAY500931,ORD100863,2025-06-22,Cash on Delivery,Failed,0.0,TXN556714781
PAY500932,ORD100864,2026-05-14,Cash on Delivery,Paid,1004.58,TXN959359854
PAY500933,ORD100865,2026-06-09,Debit Card,Paid,459.87,TXN987222124
PAY500934,ORD100866,2025-10-22,Debit Card,Failed,0.0,TXN271849566
PAY500935,ORD100866,2025-10-19,Debit Card,Paid,14542.04,TXN539167363
PAY500936,ORD100867,2026-03-06,PayPal,Paid,513.97,TXN523744483
PAY500937,ORD100868,2025-10-05,Net Banking,Paid,19970.45,TXN490070405
PAY500938,ORD100869,2025-08-23,Debit Card,Paid,526.97,TXN139546391
PAY500939,ORD100870,2025-09-05,UPI,Paid,7410.51,TXN631424023
PAY500940,ORD100871,2025-11-05,Net Banking,Paid,3430.76,TXN793838824
PAY500941,ORD100872,2026-04-07,UPI,Refunded,-7189.36,TXN125606483
PAY500942,ORD100873,2025-10-11,Credit Card,Paid,575.18,TXN626634208
PAY500943,ORD100874,2025-10-09,Debit Card,Paid,6561.66,TXN341560967
PAY500944,ORD100875,2025-11-12,UPI,Paid,2744.63,TXN443791745
PAY500945,ORD100876,2025-03-01,PayPal,Refunded,-1230.34,TXN761329272
PAY500946,ORD100877,2025-09-14,Cash on Delivery,Paid,526.97,TXN306507743
PAY500947,ORD100878,2025-11-25,Net Banking,Paid,3430.76,TXN539582453
PAY500948,ORD100879,2026-06-23,Credit Card,Paid,1053.94,TXN379229075
PAY500949,ORD100880,2025-05-02,Cash on Delivery,Paid,1247.72,TXN363773544
PAY500950,ORD100881,01-31-2025,UPI,Paid,1725.54,TXN257901801
PAY500951,ORD100882,2026-03-06,UPI,Paid,8072.38,TXN828324317
PAY500952,ORD100883,2025-10-02,UPI,Paid,693.18,TXN437278833
PAY500953,ORD100884,2025-12-23,Cash on Delivery,Paid,5633.79,TXN602852218
PAY500954,ORD100885,2025-03-04,Debit Card,Pending,2573.2,TXN513274023
PAY500955,ORD100886,2025-01-19,COD,Paid,2625.0,TXN463285294
PAY500956,ORD100887,2026-05-22,Credit Card,Paid,2797.36,TXN214312652
PAY500957,ORD100888,2026-01-20,Net Banking,Paid,1326.48,TXN540687641
PAY500958,ORD100889,23/06/2026,Net Banking,Paid,541.02,TXN711225733
PAY500959,ORD100890,18-Jan-2026,Cash on Delivery,Refunded,-5594.72,TXN152559129
PAY500960,ORD100890,2026-01-18,Cash on Delivery,Refunded,-5594.72,TXN524895907
PAY500961,ORD100891,2025-05-07,Credit Card,Paid,2797.36,TXN440435963
PAY500962,ORD100892,2025-05-15,UPI,Failed,0.0,TXN427665970
PAY500963,ORD100892,2025-05-17,UPI,Paid,6562.5,TXN209304733
PAY500964,ORD927505,2025-12-14,Debit Card,Paid,-973.84,TXN311808339
PAY500965,ORD100894,2025-05-02,Debit Card,Paid,271.12,TXN191896525
PAY500966,ORD100895,2025-05-05,Credit Card,Paid,5305.92,TXN257522039
PAY500967,ORD100896,2025-12-26,Credit Card,Paid,2107.88,TXN359781855
PAY500968,ORD100897,2026-01-08,Net Banking,Failed,0.0,TXN608549391
PAY500969,ORD100898,2026-05-25,UPI,Paid,1257.06,TXN532470702
PAY500970,ORD100899,2026-02-28,Credit Card,Paid,1001.24,TXN527096838
PAY500971,ORD100900,2026-03-23,Credit Card,Paid,486.92,TXN483897730
PAY500972,ORD100901,2025-08-06,UPI,Paid,2744.63,TXN945237660
PAY500973,ORD100902,2025-08-24,Cash on Delivery,Paid,1324.39,TXN529632591
PAY500974,ORD100903,2025-09-29,UPI,Paid,3994.09,TXN865508629
PAY500975,ORD100904,2025-05-11,UPI,Failed,0.0,TXN578305012
PAY500976,ORD100905,2025-09-13,Net Banking,Failed,0.0,TXN883946412
PAY500977,ORD100905,2025-09-11,Net Banking,Paid,5146.4,TXN140724017
PAY500978,ORD100906,2025-03-07,UPI,Paid,687.54,TXN795291930
PAY500979,ORD100907,2025-11-22,Debit Card,Paid,2231.24,TXN689269997
PAY500980,ORD100908,18-Apr-2025,COD,Paid,2573.2,TXN582779947
PAY500981,ORD100909,2025-03-24,Credit Card,Paid,666.92,TXN942105200
PAY500982,ORD100910,2025-10-24,Cash on Delivery,Paid,623.86,TXN524054430
PAY500983,ORD100911,2025-10-22,UPI,Paid,1193.83,TXN172005894
PAY500984,ORD100912,2026-01-17,Cash on Delivery,Paid,494.26,TXN620369886
PAY500985,ORD100913,2026-05-26,UPI,Paid,2079.54,TXN844396674
PAY500986,ORD100914,2025-03-29,Credit Card,Paid,2625.0,TXN698133268
PAY500987,ORD100915,2025-01-09,Credit Card,Paid,1482.04,TXN271946082
PAY500988,ORD100916,2025-03-03,UPI,Paid,1191.3,TXN251090234
PAY500989,ORD100917,2025-10-10,Credit Card,Paid,517.66,TXN630816158
PAY500990,ORD100918,2025-10-21,Credit Card,Paid,1877.93,TXN125241147
PAY500991,ORD100919,2025/08/30,Net Banking,Paid,8748.88,TXN246089252
PAY500992,ORD100920,2025-06-11,UPI,Paid,693.18,
PAY500993,ORD100921,2025-06-09,UPI,Pending,3635.51,TXN330556407
PAY500994,ORD100922,2025-07-23,PayPal,Paid,3794.39,TXN570771015
PAY500995,ORD100923,2026-04-14,UPI,Paid,494.26,TXN773753344
PAY500996,ORD100924,2025-02-20,UPI,Paid,7410.51,TXN448532266
PAY500997,ORD100925,2025-05-13,Debit Card,Failed,2102.28,TXN455273117
PAY500998,ORD100926,2025-11-11,Debit Card,Failed,0.0,TXN371147160
PAY500999,ORD100926,2025-11-12,Debit Card,Paid,3543.75,TXN166923589
PAY501000,ORD100927,2026-03-30,UPI,Paid,6543.92,TXN151084591
PAY501001,ORD100928,2026-05-31,Cash on Delivery,Paid,665.72,TXN670442174
PAY501002,ORD100929,2025-09-12,Debit Card,Paid,2495.44,TXN364719644
PAY501003,ORD100930,2026-01-05,Net Banking,Paid,447.92,TXN448262418
PAY501004,ORD100931,2026-05-19,Credit Card,Paid,3380.28,TXN186927246
PAY501005,ORD100932,2025-12-23,Credit Card,Paid,1302.72,TXN581101441
PAY501006,ORD100933,2026-03-24,Cash on Delivery,Paid,1747.36,TXN163275305
PAY501007,ORD100934,2025-08-11,UPI,Paid,1334.49,TXN400142456
PAY501008,ORD100935,2025-09-23,UPI,Paid,1150.36,TXN321201697
PAY501009,ORD100936,2025-07-28,Debit Card,Paid,2470.17,TXN773173866
PAY501010,ORD100937,2025-01-31,UPI,Paid,1258.81,TXN455505192
PAY501011,ORD100938,2025-05-21,Net Banking,Paid,1326.48,TXN381485551
PAY501012,ORD100939,2025-05-10,Credit Card,Paid,700.76,TXN792526250
PAY501013,ORD100940,2025-01-25,PayPal,Failed,0.0,TXN270459264
PAY501014,ORD100940,2025-01-27,PayPal,Paid,1401.52,TXN185758145
PAY501015,ORD100941,2026-04-28,Debit Card,Paid,615.17,TXN862496835
PAY501016,ORD100942,2025-08-06,UPI,Paid,693.18,TXN535835546
PAY501017,ORD100943,2026-01-08,Debit Card,Failed,0.0,TXN400374697
PAY501018,ORD100943,2026-01-08,Debit Card,Paid,1398.68,TXN880688276
PAY501019,ORD100944,2025-01-08,Credit Card,Refunded,-10361.19,TXN358090858
PAY501020,ORD100945,2025-12-16,UPI,Pending,1317.04,TXN113701903
PAY501021,ORD100946,2025-08-15,Net Banking,Paid,10906.53,TXN382747040
PAY501022,ORD100947,2026-01-22,Net Banking,Paid,396.96,TXN195507061
PAY501023,ORD100948,2025-02-22,Cash on Delivery,Paid,5146.4,TXN565221237
PAY501024,ORD100949,2025-10-02,Net Banking,Paid,5633.79,TXN916876590
PAY501025,ORD100950,2025-08-03,UPI,Paid,2744.63,TXN308697025
PAY501026,ORD100951,2025-10-08,Debit Card,Paid,723.73,TXN906248594
PAY501027,ORD100952,2026-04-30,UPI,Paid,973.84,TXN874381052
PAY501028,ORD100953,2026-05-25,Credit Card,Paid,444.83,TXN559727258
PAY501029,ORD100954,2026-03-06,Cash on Delivery,Paid,500.62,TXN503155625
PAY501030,ORD100955,2025-04-22,Net Banking,Paid,3937.5,TXN102652075
PAY501031,ORD100956,2025-03-16,Cash on Delivery,Paid,2744.63,TXN804793784
PAY501032,ORD100957,2026-06-15,Cash on Delivery,Paid,2744.63,TXN217994957
PAY501033,ORD100958,2026-01-02,Debit Card,Paid,575.18,TXN733838102
PAY501034,ORD100959,2025-12-01,Credit Card,Pending,595.65,TXN277328141
PAY501035,ORD100960,2025-12-09,Cash on Delivery,Refunded,-10784.04,TXN247415100
PAY501036,ORD100961,2026-05-10,Net Banking,Paid,2444.54,TXN407561071
PAY501037,ORD100962,2025-05-26,Credit Card,Paid,161.17,TXN728676594
PAY501038,ORD100963,2025-07-25,UPI,Failed,0.0,TXN213290814
PAY501039,ORD100963,2025-07-24,UPI,Paid,517.66,TXN481489000
PAY501040,ORD100964,2026-01-07,Debit Card,Failed,0.0,TXN132921192
PAY501041,ORD100965,2025-06-29,Credit Card,Paid,6390.54,TXN100521537
PAY501042,ORD100966,2026-02-20,Cash on Delivery,Paid,3994.09,TXN242777249
PAY501043,ORD100967,2025-02-25,Debit Card,Paid,1398.68,TXN707760038
PAY501044,ORD100968,2026-02-07,UPI,Paid,1386.36,TXN844477330
PAY501045,ORD100969,2026-01-05,Net Banking,Paid,2573.2,TXN530725139
PAY501046,ORD100970,2026-04-18,UPI,Paid,1326.48,TXN267344632
PAY501047,ORD100971,2025-12-24,Debit Card,Paid,3834.38,TXN903706337
PAY501048,ORD100972,2026-05-18,Cash on Delivery,Failed,0.0,TXN716927587
PAY501049,ORD100973,2025-10-17,UPI,Paid,1261.36,TXN736935608
PAY501050,ORD100974,2026-05-27,Credit Card,Paid,2573.2,TXN592643793
PAY501051,ORD100975,2025-04-20,Cash on Delivery,Paid,,TXN534631729
PAY501052,ORD100976,2026-01-09,UPI,Paid,3780.48,TXN756974219
PAY501053,ORD100977,2025-11-14,UPI,Paid,3994.09,TXN686594436
PAY501054,ORD100978,2026-02-28,UPI,Paid,2573.2,TXN918557413
PAY501055,ORD100979,2025-06-19,UPI,Paid,7588.78,TXN211052374
PAY501056,ORD100980,2026-07-03,UPI,Paid,5146.4,TXN144411324
PAY501057,ORD100981,2025-12-10,Cash on Delivery,Paid,1312.5,TXN891494617
PAY501058,ORD100982,2025-11-01,Credit Card,Paid,10292.8,TXN987451555
PAY501059,ORD100983,2026-05-10,Net Banking,Paid,2744.63,TXN462055176
PAY501060,ORD100984,2026-01-19,UPI,Paid,700.76,TXN260363000
PAY501061,ORD100985,2025-05-28,Cash on Delivery,Paid,2797.36,TXN854147315
PAY501062,ORD100986,2026-05-25,PayPal,Paid,5146.4,TXN541496758
PAY501063,ORD100987,2025-10-04,Cash on Delivery,Paid,723.73,TXN937129894
PAY501064,ORD100988,2025-12-14,Credit Card,Paid,1323.21,TXN658751751
PAY501065,ORD100989,2025-04-24,Net Banking,Paid,1482.04,TXN758045550
PAY501066,ORD100990,2025-09-21,Cash on Delivery,Failed,0.0,TXN304734858
PAY501067,ORD100990,2025-09-19,Net Banking,Paid,2164.08,TXN191624845
PAY501068,ORD100991,2025-08-19,UPI,Paid,988.52,TXN108450499
PAY501069,ORD100992,2025-11-17,UPI,Pending,186.01,TXN916907672
PAY501070,ORD100993,2026-05-29,UPI,Pending,186.01,TXN431963396
PAY501071,ORD100994,2026-07-01,Net Banking,Pending,3979.44,TXN803934650
PAY501072,ORD100995,2025/11/10,Cash on Delivery,Paid,4775.32,TXN644987965
PAY501073,ORD100996,2025-02-19,UPI,Paid,3635.51,TXN777674506
PAY501074,ORD100997,2025-07-25,UPI,Paid,356.33,TXN859101458
PAY501075,ORD100998,2026-02-14,Net Banking,Paid,546.42,TXN691347315
PAY501076,ORD100999,2025-12-02,Debit Card,Paid,6989.45,TXN514065593
PAY501077,ORD101000,,UPI,Paid,2079.54,TXN771544571
PAY501078,ORD101001,2025-09-17,Debit Card,Paid,2573.2,TXN615682328
PAY501079,ORD101002,2026-05-14,Net Banking,Paid,494.26,TXN730428940
PAY501080,ORD101003,2025-12-04,UPI,Paid,1877.93,TXN368289102
PAY501081,ORD101004,2026-05-08,UPI,Paid,441.07,TXN198601973
PAY501082,ORD101005,2025-02-17,Credit Card,Paid,2522.72,TXN604105474
PAY501083,ORD101006,2026-03-27,UPI,Paid,1150.36,TXN132566865
PAY501084,ORD101007,2025-12-26,UPI,Paid,542.24,TXN453309065
PAY501085,ORD101008,,Debit Card,Paid,1784.03,TXN635258078
PAY501086,ORD101009,2026-05-25,Debit Card,Paid,1482.78,TXN133715678
PAY501087,ORD101010,2025-01-15,Credit Card,Paid,4036.19,TXN885298633
PAY501088,ORD101011,2026-05-07,UPI,Failed,0.0,TXN896190046
PAY501089,ORD101011,2026-05-07,UPI,Paid,623.86,TXN317605557
PAY501090,ORD101012,2025-08-23,UPI,Paid,703.97,TXN336280215
PAY501091,ORD101013,2025-03-25,Net Banking,Paid,3755.86,TXN452470308
PAY501092,ORD101014,2025-05-28,Net Banking,Pending,2058.56,TXN733576280
PAY501093,ORD101015,2025-05-30,Cash on Delivery,Pending,356.33,TXN166481859
PAY501094,ORD101016,2025-10-14,UPI,Paid,3755.86,TXN116621864
PAY501095,ORD101017,2025-07-01,Debit Card,Paid,441.07,TXN476343650
PAY501096,ORD101018,2026-04-22,Debit Card,Paid,1747.36,TXN752897977
PAY501097,ORD101019,2025-03-06,Cash on Delivery,Paid,2652.96,TXN331034957
PAY501098,ORD101020,12-27-2025,Cash on Delivery,Paid,2520.32,TXN307697683
PAY501099,ORD101021,2025-08-29,Cash on Delivery,Failed,0.0,TXN834390139
PAY501100,ORD101021,2025-08-26,Cash on Delivery,Paid,2648.78,TXN912378843
PAY501101,ORD101022,2025-06-01,UPI,Paid,1871.58,TXN903783995
PAY501102,ORD101023,2025-12-24,Debit Card,Paid,1260.16,TXN530070237
PAY501103,ORD101024,2025-11-17,Debit Card,Paid,1398.68,TXN363908144
PAY501104,ORD101025,2025-09-26,UPI,Paid,1877.93,TXN919979649
PAY501105,ORD101026,2025-09-18,UPI,Paid,3632.57,TXN169126958
PAY501106,ORD101027,2026-03-17,Debit Card,Refunded,-2573.2,TXN356905592
PAY501107,ORD101028,06-16-2025,PayPal,Paid,840.24,TXN926462253
PAY501108,ORD101029,2025-10-10,Net Banking,Paid,5214.8,TXN587976508
PAY501109,ORD101030,2025-08-12,Net Banking,Refunded,-526.97,TXN773934573
PAY501110,ORD101031,2026-05-27,UPI,Paid,3145.24,TXN613125084
PAY501111,ORD101032,2025-08-09,UPI,Paid,1150.36,TXN712784335
PAY501112,ORD101033,2025-12-04,PayPal,Refunded,-644.68,TXN717716808
PAY501113,ORD101034,2026-03-02,Cash on Delivery,Paid,3430.76,TXN155293570
PAY501114,ORD101035,2025-06-19,Net Banking,Refunded,-541.02,TXN489815447
PAY501115,ORD101036,2025-07-10,UPI,Paid,2625.0,TXN746277788
PAY501116,ORD101037,2025-06-27,Credit Card,Paid,235.33,TXN447399825
PAY501117,ORD101038,2026-03-01,Debit Card,Paid,2744.63,TXN418865748
PAY501118,ORD101039,2025-12-13,Cash on Delivery,Paid,167.41,TXN229768423
PAY501119,ORD101040,2025-04-02,Cash on Delivery,Paid,3635.51,TXN906900880
PAY501120,ORD101041,2025-01-31,PayPal,Failed,0.0,TXN864464104
PAY501121,ORD101042,2026-03-13,Net Banking,Paid,494.26,TXN867599795
PAY501122,ORD101043,2025-08-24,UPI,Paid,513.97,TXN106204881
PAY501123,ORD101044,2025-12-28,Cash on Delivery,Pending,2573.2,TXN106188411
PAY501124,ORD101045,2025-05-06,Debit Card,Pending,712.66,TXN158400923
PAY501125,ORD101046,2025-11-14,UPI,Paid,1398.68,TXN876931288
PAY501126,ORD101047,2025-07-19,Cash on Delivery,Paid,7588.78,TXN413430529
PAY501127,ORD101048,2025-11-17,UPI,Paid,706.84,TXN370730272
PAY501128,ORD101049,2025-02-07,PayPal,Paid,494.26,TXN195186856
PAY501129,ORD101050,2025-09-23,UPI,Pending,2315.88,TXN145055612
PAY501130,ORD101050,2025-09-21,UPI,Pending,2315.88,TXN732085569
PAY501131,ORD101051,15-Mar-2026,Net Banking,Paid,469.55,TXN329128987
PAY501132,ORD101052,2025-12-26,UPI,Paid,7719.6,TXN145187617
PAY501133,ORD101053,2025-09-18,Cash on Delivery,Paid,948.54,TXN416208715
PAY501134,ORD101054,2026-06-16,Net Banking,Paid,444.83,TXN961734276
PAY501135,ORD101055,2025-08-29,UPI,Paid,2377.76,TXN725834861
PAY501136,ORD101056,2025-08-27,UPI,Paid,494.26,TXN492695267
PAY501137,ORD101057,2025-10-31,Debit Card,Paid,623.86,TXN595302350
PAY501138,ORD101058,2025-06-28,Credit Card,Paid,3994.09,TXN759143869
PAY501139,ORD101059,2026-06-29,Debit Card,Refunded,-211.8,TXN738764318
PAY501140,ORD101060,2025-05-01,UPI,Paid,558.03,TXN302407754
PAY501141,ORD101061,2025-04-07,Debit Card,Paid,693.18,TXN279854659
PAY501142,ORD101062,2025-08-21,UPI,Paid,575.18,TXN587261465
PAY501143,ORD101063,2025-11-26,Cash on Delivery,Paid,1786.95,TXN510005942
PAY501144,ORD101064,2025-04-30,UPI,Failed,0.0,TXN685268830
PAY501145,ORD101064,2025-04-30,UPI,Paid,3635.51,TXN271526414
PAY501146,ORD101065,2025-11-30,UPI,Paid,500.62,TXN930266248
PAY501147,ORD101066,2026-06-30,UPI,Pending,3635.51,TXN692168831
PAY501148,ORD101067,2025-04-19,Debit Card,Pending,1401.52,TXN666505644
PAY501149,ORD101068,2025-09-13,Net Banking,Pending,396.96,TXN996042537
PAY501150,ORD101068,2025-09-16,Net Banking,Failed,0.0,TXN978615045
PAY501151,ORD101069,2026-04-18,Cash on Delivery,Paid,7189.36,TXN465321197
PAY501152,ORD101070,2025-01-27,Cash on Delivery,Paid,6543.92,TXN777255397
PAY501153,ORD101071,2025-03-17,Debit Card,Pending,575.18,TXN352475987
PAY501154,ORD101072,2025-04-20,Credit Card,Paid,2625.0,TXN725035462
PAY501155,ORD101073,2025-04-15,UPI,Paid,420.12,TXN859867381
PAY501156,ORD101074,2026-05-31,Credit Card,Failed,0.0,TXN423979037
PAY501157,ORD101075,2025-02-02,Debit Card,Paid,10292.8,TXN133274470
PAY501158,ORD101076,2025-10-12,Credit Card,Paid,2164.1,TXN822466161
PAY501159,ORD101077,2025-03-04,Cash on Delivery,Paid,3394.98,TXN385076038
PAY501160,ORD101078,2025-08-16,UPI,Paid,693.18,TXN131236188
PAY501161,ORD101079,2025-06-28,UPI,Refunded,-2058.56,TXN481131532
PAY501162,ORD101080,2026-06-04,Net Banking,Paid,1027.94,TXN678236019
PAY501163,ORD101081,2025-11-19,Credit Card,Pending,1127.51,TXN916950860
PAY501164,ORD101082,2025-06-20,UPI,Paid,693.18,TXN700384890
PAY501165,ORD101083,2025-06-19,Credit Card,Paid,1572.62,TXN293352044
PAY501166,ORD101084,2025-10-14,UPI,Paid,3994.09,TXN532829175
PAY501167,ORD101085,2025-12-15,PayPal,Paid,2470.17,TXN859778684
PAY501168,ORD101086,2025-02-19,UPI,Paid,3632.57,TXN875407244
PAY501169,ORD101087,2025-01-08,Credit Card,Paid,693.18,TXN814852630
PAY501170,ORD101088,2025-11-20,UPI,Failed,0.0,TXN290429446
PAY501171,ORD101089,2026-05-20,Net Banking,Failed,0.0,TXN514620580
PAY501172,ORD101089,2026-05-22,Net Banking,Paid,1193.83,TXN307352232
PAY501173,ORD101090,2025-07-22,UPI,Paid,3794.39,TXN476551139
PAY501174,ORD101091,2025-03-10,Cash on Delivery,Paid,8233.89,TXN767481328
PAY501175,ORD101092,2025-03-07,Debit Card,Paid,732.03,TXN508304901
PAY501176,ORD101093,2025-03-28,Credit Card,Paid,5305.92,TXN483436908
PAY501177,ORD101094,2025-07-27,UPI,Paid,2648.78,TXN431380257
PAY501178,ORD101095,2025-08-25,UPI,Paid,1482.04,TXN488665573
PAY501179,ORD101096,2025-11-04,Net Banking,Paid,1460.76,TXN389429169
PAY501180,ORD101097,2026-02-13,Credit Card,Paid,2495.44,TXN374742807
PAY501181,ORD101098,2026-02-28,Net Banking,Paid,14542.04,TXN599687076
PAY501182,ORD101099,2026-04-19,Credit Card,Paid,7719.6,TXN629779568
PAY501183,ORD101100,2025-06-23,UPI,Paid,4889.08,TXN882247475
PAY501184,ORD101101,2025-11-13,UPI,Paid,17973.4,TXN507530024
PAY501185,ORD101102,2025-03-09,Debit Card,Paid,500.62,TXN788081981
PAY501186,ORD101103,2025-11-12,Net Banking,Paid,2300.7,TXN845066589
PAY501187,ORD101104,2026-05-17,UPI,Paid,693.18,TXN133851595
PAY501188,ORD101105,2025-10-13,UPI,Paid,5146.4,TXN192967620
PAY501189,ORD101106,2025-12-20,Cash on Delivery,Partially Refunded,311.93,TXN482106301
PAY501190,ORD101107,2026-01-04,Cash on Delivery,Paid,356.33,TXN817320010
PAY501191,ORD101108,2026-02-10,Debit Card,Paid,3635.51,TXN591717322
PAY501192,ORD101109,2026-06-09,Debit Card,Paid,447.92,TXN255648879
PAY501193,ORD101110,2025-01-30,Credit Card,Paid,658.52,TXN655295152
PAY501194,ORD101111,2026-05-31,UPI,Paid,1326.48,TXN642801653
PAY501195,ORD101112,2025-08-20,Net Banking,Pending,723.73,TXN590825126
PAY501196,ORD101113,2025-06-22,Credit Card,Paid,2187.22,TXN432232309
PAY501197,ORD101114,2025-11-18,Net Banking,Paid,3794.39,TXN849335460
PAY501198,ORD101115,2026-03-15,Credit Card,Paid,693.18,TXN300913654
PAY501199,ORD101116,2026-02-16,UPI,Paid,3994.09,TXN175578962
PAY501200,ORD101117,2025-02-03,Credit Card,Paid,10906.53,TXN671990073
PAY501201,ORD101118,2026-02-26,UPI,Pending,2744.63,TXN703358528
PAY501202,ORD101119,2025-02-20,Net Banking,Paid,939.1,TXN555113915
PAY501203,ORD101120,2025-09-19,Debit Card,Paid,542.24,TXN143136692
PAY501204,ORD101121,2026-05-30,Debit Card,Paid,2648.78,TXN782371764
PAY501205,ORD101122,2026-04-23,Credit Card,Paid,3271.96,TXN147904731
PAY501206,ORD101123,2025-04-06,upi,Paid,1001.24,TXN673062879
PAY501207,ORD101124,2026-04-24,Debit Card,Partially Refunded,222.42,TXN683800089
PAY501208,ORD101125,2025-10-31,Credit Card,Paid,1784.03,TXN724318419
PAY501209,ORD101126,2025-06-06,Credit Card,Paid,10906.53,TXN101719462
PAY501210,ORD101127,2026-01-02,Cash on Delivery,Paid,629.87,TXN696020861
PAY501211,ORD101128,2026-05-11,Net Banking,Paid,4196.04,TXN940574114
PAY501212,ORD101129,2025-11-19,Credit Card,Paid,395.41,TXN694688920
PAY501213,ORD101130,2025-05-14,Cash on Delivery,Paid,3453.73,TXN707486396
PAY501214,ORD101131,2025-03-14,Debit Card,Paid,2315.88,TXN250259146
PAY501215,ORD101132,2026-04-10,PayPal,Paid,6543.92,TXN843646625
PAY501216,ORD101133,2025-03-19,Credit Card,Paid,1260.16,TXN798104682
PAY501217,ORD101134,2025-04-28,Cash on Delivery,Paid,4036.19,TXN300282308
PAY501218,ORD101135,2025-08-14,Credit Card,Paid,474.27,TXN372917216
PAY501219,ORD101136,2025-07-31,UPI,Failed,0.0,TXN538637339
PAY501220,ORD101136,2025-07-31,UPI,Paid,474.27,TXN680308593
PAY501221,ORD101137,2025-11-20,UPI,Failed,0.0,TXN917026889
PAY501222,ORD101138,2025-11-24,Credit Card,Refunded,-1260.16,TXN497584765
PAY501223,ORD101139,2025-07-10,Cash on Delivery,Failed,0.0,TXN274663200
PAY501224,ORD101139,2025-07-09,Cash on Delivery,Paid,7988.18,TXN160361415
PAY501225,ORD101140,2025-04-15,UPI,Paid,1082.04,TXN539228444
PAY501226,ORD101141,2025-04-05,Cash on Delivery,Paid,1260.16,TXN303069723
PAY501227,ORD101142,2025-08-21,Debit Card,Paid,8748.88,TXN820727958
PAY501228,ORD101143,2025-11-17,Debit Card,Partially Refunded,707.68,TXN359733382
PAY501229,ORD101144,2025-01-30,UPI,Paid,526.97,TXN940274348
PAY501230,ORD101145,2025-09-12,UPI,Refunded,-11982.27,TXN206096425
PAY501231,ORD101146,2025-05-02,Cash on Delivery,Paid,374.91,TXN766784887
PAY501232,ORD101147,2025-03-29,UPI,Failed,0.0,TXN169570562
PAY501233,ORD101147,2025-03-28,UPI,Paid,3740.64,TXN223091574
PAY501234,ORD101148,2026-04-04,Cash on Delivery,Paid,741.02,TXN204671206
PAY501235,ORD101149,2025-12-22,Cash on Delivery,Paid,1725.54,TXN601404332
PAY501236,ORD101150,2026-04-25,Credit Card,Paid,723.73,TXN449311609
PAY501237,ORD101151,2025-06-30,UPI,Paid,526.97,TXN409846689
PAY501238,ORD101152,2025-03-12,Cash on Delivery,Paid,2332.94,TXN429769729
PAY501239,ORD101153,2025-11-14,PayPal,Paid,1082.04,TXN400091846
PAY501240,ORD101154,2025-01-09,UPI,Refunded,-474.27,TXN485409738
PAY501241,ORD101155,2025-07-25,Credit Card,Paid,11982.27,TXN415586921
PAY501242,ORD101156,2026-03-23,Cash on Delivery,Paid,3145.24,TXN308342805
PAY501243,ORD101157,2025-05-20,Cash on Delivery,Paid,3453.73,TXN733368047
PAY501244,ORD101158,,Credit Card,Paid,693.18,TXN380976399
PAY501245,ORD101159,2025-02-27,Net Banking,Paid,2908.41,TXN439345319
PAY501246,ORD101160,2026-02-28,PayPal,Pending,575.18,TXN480588876
PAY501247,ORD101161,2025-02-03,Debit Card,Paid,1326.48,TXN735697007
PAY501248,ORD101162,2025-03-30,Cash on Delivery,Paid,444.83,TXN339106278
PAY501249,ORD101163,2025-12-06,Cash on Delivery,Paid,2744.63,TXN942115824
PAY501250,ORD101164,2026-03-22,Net Banking,Refunded,-446.43,TXN859138852
PAY501251,ORD101165,2026-04-22,PayPal,Paid,723.73,TXN328242463
PAY501252,ORD101166,2025-03-12,Credit Card,Failed,0.0,TXN775576818
PAY501253,ORD101166,2025-03-14,Credit Card,Paid,441.07,TXN672775914
PAY501254,ORD101167,2026-06-13,UPI,Paid,3635.51,TXN869308036
PAY501255,ORD101168,2025-05-29,Credit Card,Refunded,-13814.92,TXN532986830
PAY501256,ORD101169,2025-02-22,Debit Card,Paid,1903.4,TXN862831535
PAY501257,ORD101170,2025-03-22,Net Banking,Paid,4462.48,TXN100018081
PAY501258,ORD101171,2025-08-17,Credit Card,Paid,541.02,TXN561787466
PAY501259,ORD101172,2025-12-11,Net Banking,Paid,1482.04,TXN315354546
PAY501260,ORD101173,2025-08-18,PayPal,Paid,1317.04,TXN505140770
PAY501261,ORD101174,23/05/2026,PayPal,Pending,338.51,TXN840163480
PAY501262,ORD101175,2025-08-29,Credit Card,Paid,11982.27,TXN663123213
PAY501263,ORD101176,2025-10-14,Credit Card,Pending,469.55,
PAY501264,ORD101177,2025-05-02,UPI,Paid,700.76,TXN281599146
PAY501265,ORD101178,2025-11-15,UPI,Failed,0.0,TXN361199565
PAY501266,ORD101179,2025-09-26,Net Banking,Paid,1326.48,TXN272035387
PAY501267,ORD101180,2025-12-20,Net Banking,Paid,5146.4,TXN148200323
PAY501268,ORD101181,2026-04-15,Net Banking,Partially Refunded,1707.48,TXN962586693
PAY501269,ORD101182,2025-10-22,UPI,Pending,244.01,TXN203296800
PAY501270,ORD101183,2026-05-07,PayPal,Paid,3994.09,TXN389080525
PAY501271,ORD101184,2025-12-01,Net Banking,Refunded,-2517.62,TXN876903527
PAY501272,ORD101185,2025-02-04,UPI,Paid,3994.09,TXN246384779
PAY501273,ORD101186,2025-03-01,Credit Card,Paid,7988.18,TXN520227387
PAY501274,ORD101187,2025-03-18,Net Banking,Paid,441.07,TXN483079241
PAY501275,ORD101188,2025-12-28,UPI,Paid,629.87,TXN813161638
PAY501276,ORD101189,2025-07-26,Cash on Delivery,Paid,2705.1,TXN179083335
PAY501277,ORD101190,2025-11-10,UPI,Paid,1725.54,TXN931733855
PAY501278,ORD101191,2025-12-25,Net Banking,Paid,623.86,TXN277182861
PAY501279,ORD101192,2026-02-06,UPI,Paid,6290.48,TXN779616108
PAY501280,ORD101193,2025-11-07,Credit Card,Paid,723.73,TXN971714489
PAY501281,ORD101194,2025-09-09,Net Banking,Paid,3594.68,TXN411484484
PAY501282,ORD101195,2026-02-03,UPI,Paid,1552.98,TXN593211172
PAY501283,ORD101196,2025-05-15,Credit Card,Failed,0.0,TXN831069641
PAY501284,ORD101196,2025-05-15,Credit Card,Paid,470.66,TXN758727298
PAY501285,ORD101197,2026-04-15,Debit Card,Paid,2444.54,TXN403204108
PAY501286,ORD101198,2025-09-03,PayPal,Failed,0.0,TXN384432288
PAY501287,ORD101199,2025-02-21,Credit Card,Paid,658.52,TXN347380910
PAY501288,ORD101200,2025-04-03,UPI,Paid,7719.6,TXN391861109
PAY501289,ORD101201,2026-05-19,UPI,Paid,16359.8,TXN408893395
PAY501290,ORD101202,2026-05-15,Debit Card,Paid,1302.72,TXN171782011
PAY501291,ORD101203,2025-11-16,Debit Card,Paid,1333.84,TXN499701271
PAY501292,ORD101204,2025-09-12,Credit Card,Paid,5214.8,TXN943467015
PAY501293,ORD101205,2025-05-03,Cash on Delivery,Paid,419.02,TXN690662259
PAY501294,ORD101206,2025-09-24,UPI,Refunded,-1334.49,TXN872658354
PAY501295,ORD101207,2026-06-26,PayPal,Failed,0.0,TXN164384404
PAY501296,ORD101207,2026-06-27,PayPal,Paid,10906.53,TXN498622523
PAY501297,ORD101208,2025-02-08,Credit Card,Paid,2648.78,TXN108854673
PAY501298,ORD101209,2025-11-08,Cash on Delivery,Paid,526.97,TXN758605745
PAY501299,ORD101210,2026-04-10,UPI,Paid,441.07,TXN232615820
PAY501300,ORD101211,2025-03-02,UPI,Paid,494.26,TXN585584571
PAY501301,ORD101212,2025-02-21,Cash on Delivery,Paid,7988.18,TXN391757310
PAY501302,ORD101213,2025-11-12,UPI,Failed,0.0,TXN148464794
PAY501303,ORD101213,2025-11-09,UPI,Paid,2470.17,TXN125183085
PAY501304,ORD101214,2026-01-22,Debit Card,Paid,1127.51,TXN224892676
PAY501305,ORD101215,2026-02-22,Credit Card,Paid,1326.48,TXN388803121
PAY501306,ORD101216,2025-02-22,Credit Card,Paid,494.26,TXN781935576
PAY501307,ORD101217,2025-07-04,Debit Card,Paid,235.33,TXN870413820
PAY501308,ORD101218,2026-04-15,Credit Card,Paid,1082.04,TXN411961685
PAY501309,ORD101219,2026-04-28,Credit Card,Paid,1398.68,TXN196031445
PAY501310,ORD101220,2025-07-26,UPI,Paid,1398.68,TXN769108298
PAY501311,ORD101221,2025-09-22,UPI,Paid,1639.26,TXN425515145
PAY501312,ORD101222,2025-08-20,UPI,Paid,3780.48,TXN369949497
PAY501313,ORD101223,2026-01-31,UPI,Paid,11982.27,TXN899765438
PAY501314,ORD101224,2025-08-28,Cash on Delivery,Paid,517.66,TXN233038963
PAY501315,ORD101225,2026-02-05,Cash on Delivery,Paid,3994.09,TXN299330442
PAY501316,ORD101226,2025-11-16,Debit Card,Paid,3394.98,TXN563917256
PAY501317,ORD101227,2025-09-01,UPI,Paid,3594.68,TXN395490906
PAY501318,ORD101228,2025-04-15,UPI,Failed,0.0,TXN858467227
PAY501319,ORD101229,2025-11-09,PayPal,Paid,575.18,TXN331637158
PAY501320,ORD101230,2025-11-26,Credit Card,Paid,356.33,TXN921613267
PAY501321,ORD101231,2026-01-30,Credit Card,Pending,10292.8,TXN998783693
PAY501322,ORD101232,2026-06-10,UPI,Paid,2387.66,TXN400370728
PAY501323,ORD101233,2025-11-13,PayPal,Paid,1246.88,TXN914539023
PAY501324,ORD101234,2025-12-26,Cash on Delivery,Paid,700.76,TXN801885471
PAY501325,ORD101235,2025-10-22,Credit Card,Paid,1514.4,TXN501353072
PAY501326,ORD101236,2026-06-11,UPI,Paid,1324.39,TXN185444821
PAY501327,ORD101237,2025-11-14,Cash on Delivery,Refunded,-176.71,TXN278145054
PAY501328,ORD101238,2026-04-02,UPI,Failed,0.0,TXN663672350
PAY501329,ORD101239,2025-06-18,UPI,Paid,5214.8,TXN203603154
PAY501330,ORD101240,2026-03-18,UPI,Paid,1386.36,TXN659677346
PAY501331,ORD101241,2025-03-20,Credit Card,Paid,1482.04,TXN615739972
PAY501332,ORD101242,2025-01-22,Cash on Delivery,Paid,541.02,TXN750628819
PAY501333,ORD101243,2025-03-04,Credit Card,Refunded,-1877.93,TXN623629020
PAY501334,ORD101244,2025-09-30,Debit Card,Pending,244.01,TXN169503459
PAY501335,ORD101245,2025-07-26,UPI,Paid,459.87,TXN508358673
PAY501336,ORD101246,2025-06-06,Net Banking,Paid,186.01,TXN521703722
PAY501337,ORD101247,2026-06-02,Debit Card,Paid,494.26,TXN611050386
PAY501338,ORD101248,2025-10-31,UPI,Paid,2744.63,TXN134487398
PAY501339,ORD101249,2025-08-15,Credit Card,Paid,1386.36,TXN325125430
PAY501340,ORD101250,2025-10-21,UPI,Paid,3794.39,TXN319947905
PAY501341,ORD101251,2025-12-20,Net Banking,Paid,474.27,TXN728590755
PAY501342,ORD101252,2025-08-14,Cash on Delivery,Failed,0.0,TXN612832747
PAY501343,ORD101253,2025-06-23,UPI,Paid,1258.17,TXN978007956
PAY501344,ORD101254,2026-01-02,Debit Card,Paid,3394.98,TXN683444166
PAY501345,ORD101255,2026-02-28,PayPal,Paid,3543.75,TXN443189998
PAY501346,ORD101256,2025-07-23,Credit Card,Paid,1312.5,TXN411885991
PAY501347,ORD101257,2025-10-19,Net Banking,Failed,0.0,TXN977692644
PAY501348,ORD101257,2025-10-22,Net Banking,Paid,1398.68,TXN983097419
PAY501349,ORD101258,2025-06-30,UPI,Paid,693.18,TXN204977507
PAY501350,ORD101259,2025-08-31,Debit Card,Paid,3635.51,TXN947762098
PAY501351,ORD101260,2026-03-31,UPI,Paid,1466.7,TXN887180520
PAY501352,ORD101261,2026-06-26,UPI,Paid,356.33,TXN358044391
PAY501353,ORD101262,2025-06-07,Net Banking,Paid,700.76,TXN917091599
PAY501354,ORD101263,2025-03-24,Cash on Delivery,Paid,2744.63,TXN476956666
PAY501355,ORD101264,2025-01-05,UPI,Paid,306.22,TXN957051982
PAY501356,ORD101265,2025-06-05,Net Banking,Paid,10292.8,TXN633801892
PAY501357,ORD101266,2025-12-04,Cash on Delivery,Pending,1057.45,TXN452044644
PAY501358,ORD101267,2025-10-18,UPI,Pending,3090.18,TXN206525541
PAY501359,ORD101268,2025-08-10,UPI,Partially Refunded,237.14,TXN151097573
PAY501360,ORD101269,2025-12-30,Net Banking,Pending,244.01,TXN633952686
PAY501361,ORD101270,2025-10-21,Net Banking,Paid,1312.5,TXN558863643
PAY501362,ORD101271,2025-03-04,PayPal,Partially Refunded,567.07,TXN431903947
PAY501363,ORD101272,2025-01-20,Debit Card,Paid,3228.95,TXN345434196
PAY501364,ORD101273,2025-11-05,UPI,Paid,1181.25,TXN994313852
PAY501365,ORD101274,2025-03-18,UPI,Paid,7988.18,TXN399611554
PAY501366,ORD101275,2025-07-18,PayPal,Paid,3994.09,TXN131143447
PAY501367,ORD101276,2025-04-28,UPI,Paid,2231.24,TXN705014847
PAY501368,ORD101277,2026-01-14,Credit Card,Paid,542.24,TXN712610419
PAY501369,ORD101278,2025-07-26,PayPal,Paid,2387.66,TXN386022378
PAY501370,ORD101279,2025-11-28,UPI,Paid,578.98,TXN726014835
PAY501371,ORD101280,2025-01-17,Net Banking,Paid,7271.02,TXN477264990
PAY501372,ORD101281,2026-01-11,Credit Card,Paid,494.26,TXN216806824
PAY501373,ORD101282,2025-12-20,Credit Card,Failed,0.0,TXN339988408
PAY501374,ORD101282,2025-12-18,Credit Card,Paid,2062.62,TXN525168721
PAY501375,ORD101283,2026-02-06,UPI,Paid,486.92,TXN177070647
PAY501376,ORD101284,2025-04-07,UPI,Paid,1422.81,TXN761409560
PAY501377,ORD101285,2025-04-08,Net Banking,Paid,6760.56,TXN909468348
PAY501378,ORD101286,2025-05-28,UPI,Failed,0.0,TXN516738322
PAY501379,ORD101286,2025-05-30,UPI,Paid,1312.5,TXN380256334
PAY501380,ORD101287,2025-07-31,UPI,Paid,12108.57,TXN144148472
PAY501381,ORD101288,2025-12-28,Net Banking,Paid,3465.9,TXN871726555
PAY501382,ORD101289,2026-02-27,PayPal,Pending,244.01,TXN583147597
PAY501383,ORD101290,2025-05-24,UPI,Paid,10897.71,TXN694861138
PAY501384,ORD101291,2026-04-18,Credit Card,Paid,11982.27,TXN594031124
PAY501385,ORD101292,2025-02-20,Credit Card,Failed,0.0,TXN424163244
PAY501386,ORD101292,2025-02-20,Credit Card,Paid,1580.91,TXN414865140
PAY501387,ORD101293,2025-05-16,UPI,Paid,700.76,TXN684524700
PAY501388,ORD101294,2026-05-27,Credit Card,Paid,2569.85,TXN144388022
PAY501389,ORD101295,2025-07-24,Credit Card,Paid,396.96,TXN847112872
PAY501390,ORD101296,2026-03-17,PayPal,Paid,500.62,TXN532169541
PAY501391,ORD101297,2025-07-07,Cash on Delivery,Refunded,-526.97,TXN702988954
PAY501392,ORD101298,2026-04-12,Credit Card,Paid,7719.6,TXN864775845
PAY501393,ORD101299,2026-05-28,Credit Card,Paid,186.01,TXN714829414
PAY501394,ORD101300,2025-10-26,UPI,Paid,4036.19,TXN183792277
PAY501395,ORD101301,2025-12-25,Debit Card,Paid,353.42,TXN571088849
PAY501396,ORD101302,2025-07-18,Credit Card,Pending,1326.48,TXN901474447
PAY501397,ORD101303,2025-03-24,Debit Card,Paid,2387.66,TXN956023863
PAY501398,ORD101304,2025-08-07,Net Banking,Paid,712.66,TXN542809216
PAY501399,ORD101305,2025-02-08,CC,Paid,3994.09,TXN162775803
PAY501400,ORD101306,2026-05-07,UPI,Failed,0.0,TXN733889523
PAY501401,ORD101306,2026-05-04,UPI,Paid,186.01,TXN674666837
PAY501402,ORD101307,2026-06-21,Credit Card,Paid,3994.09,TXN439404739
PAY501403,ORD101308,2025-12-24,UPI,Paid,526.97,TXN134947095
PAY501404,ORD101309,2025-12-12,UPI,Paid,3994.09,TXN231929728
PAY501405,ORD101310,2026-02-26,Net Banking,Paid,6907.46,TXN622047303
PAY501406,ORD101311,2026-01-20,UPI,Partially Refunded,566.46,TXN704857267
PAY501407,ORD101312,2025-12-04,UPI,Paid,790.82,TXN991909751
PAY501408,ORD101313,2025-03-27,UPI,Paid,1082.04,TXN975224996
PAY501409,ORD101314,2025-09-12,UPI,Paid,2573.2,TXN611170092
PAY501410,ORD101315,2025-07-31,UPI,Paid,10906.53,TXN917496021
PAY501411,ORD101316,2025-05-22,UPI,Paid,2187.22,TXN704156543
PAY501412,ORD101317,2025-09-22,Credit Card,Paid,10906.53,TXN818468266
PAY501413,ORD101318,2026-06-30,Net Banking,Paid,2978.25,TXN302281732
PAY501414,ORD101319,2026-03-15,UPI,Paid,4889.08,TXN978182316
PAY501415,ORD101320,2025-07-23,Cash on Delivery,Paid,4391.4,TXN791004111
PAY501416,ORD101321,2025-01-14,UPI,Paid,2744.63,TXN864407802
PAY501417,ORD101322,2025-01-17,Debit Card,Failed,0.0,TXN489189048
PAY501418,ORD101323,2025-11-17,UPI,Paid,488.9,TXN233204216
PAY501419,ORD101324,2025-11-19,Cash on Delivery,Paid,1193.83,TXN265971667
PAY501420,ORD101325,2025-06-04,UPI,Failed,0.0,TXN925965488
PAY501421,ORD101325,2025-06-04,UPI,Paid,988.52,TXN104089183
PAY501422,ORD101326,2025-07-25,UPI,Paid,494.26,TXN555943133
PAY501423,ORD101327,2025-11-14,Cash on Delivery,Failed,0.0,TXN341080741
PAY501424,ORD101328,2026-04-12,PayPal,Failed,0.0,TXN699629897
PAY501425,ORD101328,2026-04-13,PayPal,Paid,3794.39,TXN491617216
PAY501426,ORD101329,2025-05-13,Credit Card,Pending,5146.4,TXN487438219
PAY501427,ORD101330,2025-01-28,UPI,Failed,0.0,TXN794881750
PAY501428,ORD101330,2025-01-28,UPI,Paid,1747.36,TXN925883887
PAY501429,ORD101331,2025-02-02,Credit Card,Paid,2652.96,TXN706179549
PAY501430,ORD101332,2026-03-20,UPI,Paid,693.18,TXN327732765
PAY501431,ORD101333,2025-11-17,Credit Card,Pending,186.01,TXN746134981
PAY501432,ORD101334,2025-04-05,UPI,Paid,13814.92,TXN595488097
PAY501433,ORD101335,2025-11-10,Cash on Delivery,Partially Refunded,122.0,TXN534796781
PAY501434,ORD101336,2025-08-05,Cash on Delivery,Paid,1623.06,TXN109780430
PAY501435,ORD101337,2025-08-25,Credit Card,Pending,988.52,TXN402456360
PAY501436,ORD101338,2025-04-08,Net Banking,Paid,1057.45,TXN832981760
PAY501437,ORD101339,2025-08-10,UPI,Failed,0.0,TXN935126595
PAY501438,ORD101339,,UPI,Paid,1386.36,TXN364695796
PAY501439,ORD101340,2025-05-30,Debit Card,Failed,0.0,TXN146908276
PAY501440,ORD101340,2025-05-30,Debit Card,Paid,3994.09,TXN470969112
PAY501441,ORD101341,2025-07-02,Credit Card,Paid,494.26,TXN751944460
PAY501442,ORD101342,2026-04-27,Net Banking,Paid,494.26,TXN163539011
PAY501443,ORD101343,2026-04-20,UPI,Paid,1797.66,TXN318115592
PAY501444,ORD101344,2025-12-23,Net Banking,Paid,5489.26,TXN248544925
PAY501445,ORD101345,2025-09-12,Credit Card,Paid,1386.36,TXN717046851
PAY501446,ORD101346,2025-08-30,CC,Paid,13814.92,TXN801486400
PAY501447,ORD101347,2025-11-29,Credit Card,Paid,2772.72,TXN197485613
PAY501448,ORD101348,2026-04-07,Credit Card,Partially Refunded,280.74,TXN294405513
PAY501449,ORD101349,2025-09-03,Debit Card,Paid,7588.78,TXN131004731
PAY501450,ORD101350,2025-12-23,UPI,Paid,575.18,TXN534616192
PAY501451,ORD101351,2026-01-22,UPI,Paid,1324.39,TXN793086974
PAY501452,ORD101352,2025-06-28,Debit Card,Paid,1686.32,TXN434938822
PAY501453,ORD101353,2025-05-12,Credit Card,Partially Refunded,718.31,TXN787930122
PAY501454,ORD101353,2025-05-13,Credit Card,Refunded,-1596.24,TXN111349441
PAY501455,ORD101354,2026-05-14,Credit Card,Paid,419.02,TXN918758890
PAY501456,ORD101355,09-Jan-2026,UPI,Paid,2300.72,TXN402838414
PAY501457,ORD101356,2026-01-09,Net Banking,Paid,3271.96,TXN664275838
PAY501458,ORD101357,2025-08-15,Debit Card,Paid,494.26,TXN949811930
PAY501459,ORD101358,2026-01-02,Credit Card,Paid,1328.75,TXN111458705
PAY501460,ORD101359,2025-10-03,Cash on Delivery,Refunded,-5146.4,TXN886038607
PAY501461,ORD101359,2025-10-02,Cash on Delivery,Refunded,-5146.4,TXN887701530
PAY501462,ORD101360,2025-03-17,Credit Card,Paid,3195.27,TXN797629925
PAY501463,ORD101361,2025-01-26,Net Banking,Failed,0.0,TXN725480331
PAY501464,ORD101361,2025-01-23,Net Banking,Paid,6175.68,TXN440006317
PAY501465,ORD101362,2025-12-03,Net Banking,Failed,0.0,TXN771841688
PAY501466,ORD101363,2025-06-28,UPI,Paid,444.83,TXN960866986
PAY501467,ORD101364,2026-01-04,Credit Card,Paid,1082.04,TXN647929349
PAY501468,ORD101365,2025-05-31,UPI,Paid,2315.88,TXN476069590
PAY501469,ORD101366,2025-11-15,Cash on Delivery,Failed,0.0,TXN816133160
PAY501470,ORD101366,2025-11-16,Cash on Delivery,Paid,889.66,TXN217223121
PAY501471,ORD101367,2025-11-25,Cash on Delivery,Paid,6561.66,TXN505929006
PAY501472,ORD101368,2026-06-08,UPI,Paid,575.18,TXN801227109
PAY501473,ORD101369,2025-03-21,UPI,Paid,7410.51,TXN970452066
PAY501474,ORD101370,2025-11-29,UPI,Paid,1386.36,TXN402756999
PAY501475,ORD101371,2025-05-29,UPI,Refunded,-474.27,TXN666826241
PAY501476,ORD101372,2025-11-17,Cash on Delivery,Paid,7265.14,TXN771236650
PAY501477,ORD101373,2025-11-20,Credit Card,Paid,693.18,TXN717023539
PAY501478,ORD101374,2026-05-20,Credit Card,Paid,898.83,TXN760238915
PAY501479,ORD101375,2025-11-17,Cash on Delivery,Paid,2164.08,TXN485930336
PAY501480,ORD101376,2025-12-19,Cash on Delivery,Paid,1191.3,TXN761118565
PAY501481,ORD101377,2026-01-23,Credit Card,Paid,703.97,TXN446963297
PAY501482,ORD101378,2025-06-15,Net Banking,Paid,1334.49,TXN667352802
PAY501483,ORD101379,2025-10-27,UPI,Paid,158.11,TXN563248892
PAY501484,ORD101380,2026-05-07,UPI,Paid,176.71,TXN722764713
PAY501485,ORD101380,2026-05-08,UPI,Pending,176.71,TXN670946758
PAY501486,ORD101381,2026-05-30,PayPal,Paid,1747.36,TXN877138265
PAY501487,ORD101382,2025-03-02,credit card,Paid,1246.88,TXN497475097
PAY501488,ORD101383,2025-10-11,UPI,Paid,2520.32,TXN109788156
PAY501489,ORD101384,2025-03-14,Credit Card,Paid,1326.48,TXN468378483
PAY501490,ORD101385,2025-11-11,Net Banking,Paid,5146.4,TXN468568338
PAY501491,ORD101386,2025-06-12,UPI,Paid,526.97,TXN386258705
PAY501492,ORD101387,2025-10-20,Debit Card,Failed,0.0,TXN679063477
PAY501493,ORD101387,2025-10-22,Debit Card,Paid,2387.66,TXN829768217
PAY501494,ORD101388,2025-06-18,Debit Card,Paid,889.66,TXN974178656
PAY501495,ORD101389,2025-12-02,UPI,Paid,444.83,TXN819656743
PAY501496,ORD101390,2025-05-24,UPI,Paid,1747.36,TXN998865742
PAY501497,ORD101391,2025-08-04,Credit Card,Paid,723.73,TXN664680115
PAY501498,ORD101392,2025-08-30,UPI,Paid,2470.17,TXN465260109
PAY501499,ORD101393,2025-11-14,UPI,Paid,3834.38,TXN875461617
PAY501500,ORD101394,2025-02-08,Cash on Delivery,Pending,5214.8,TXN362325499
PAY501501,ORD101395,2025-02-16,UPI,Paid,1328.75,TXN640649514
PAY501502,ORD101396,2026-01-20,Cash on Delivery,Paid,693.18,TXN831172368
PAY501503,ORD101397,2025-11-28,Debit Card,Paid,1181.25,TXN255412078
PAY501504,ORD101398,2025-05-15,Debit Card,Pending,1324.39,TXN195198526
PAY501505,ORD101399,2025-05-31,UPI,Paid,5633.79,TXN277868915
PAY501506,ORD101400,2026-05-25,Credit Card,Paid,,TXN629595704
PAY501507,ORD101401,2025-04-19,UPI,Paid,9270.54,TXN506327409
PAY501508,ORD101402,2025-08-03,PayPal,Failed,0.0,TXN318718849
PAY501509,ORD101402,2025-08-03,PayPal,Paid,5297.56,TXN281923669
PAY501510,ORD101403,2025-07-27,Credit Card,Refunded,-1326.48,TXN923197378
PAY501511,ORD101404,2025-02-08,UPI,Refunded,-898.83,TXN412813164
PAY501512,ORD101405,2026-02-17,Debit Card,Paid,515.12,TXN674463143
PAY501513,ORD101406,2025-05-13,Debit Card,Paid,9389.65,TXN556200979
PAY501514,ORD101407,2025-11-28,Credit Card,Failed,0.0,TXN859977625
PAY501515,ORD101407,2025-11-28,Credit Card,Paid,1386.36,TXN525518744
PAY501516,ORD101408,2025-06-03,Debit Card,Partially Refunded,237.14,TXN846243157
PAY501517,ORD101409,2025-06-07,Credit Card,Paid,474.27,TXN605887652
PAY501518,ORD101410,2025-12-06,Cash on Delivery,Paid,3635.51,TXN413249199
PAY501519,ORD101411,2025-04-04,UPI,Paid,919.74,TXN505147554
PAY501520,ORD101412,2025-02-05,Net Banking,Paid,1261.36,TXN556903168
PAY501521,ORD101413,2026-02-15,Credit Card,Paid,447.92,TXN860332388
PAY501522,ORD101414,2025-10-08,Debit Card,Failed,0.0,TXN145663277
PAY501523,ORD101414,11-Oct-2025,Debit Card,Paid,1580.91,TXN235912561
PAY501524,ORD101415,2025-08-24,UPI,Paid,700.76,TXN231749965
PAY501525,ORD101416,2025-06-19,Debit Card,Paid,470.66,TXN890023749
PAY501526,ORD101417,2025-11-18,Cash on Delivery,Pending,494.26,TXN926437792
PAY501527,ORD101418,2025-12-30,Debit Card,Paid,1260.16,TXN562189160
PAY501528,ORD101418,2025-12-30,Debit Card,Failed,0.0,TXN141126240
PAY501529,ORD101419,2026-01-15,UPI,Paid,3172.35,TXN840579606
PAY501530,ORD101420,2025-03-13,Debit Card,Pending,575.18,TXN455029919
PAY501531,ORD101421,2025-01-04,PayPal,Paid,700.76,TXN830787121
PAY501532,ORD101422,2026-04-06,UPI,Paid,474.27,TXN729973517
PAY501533,ORD101423,10/03/2025,PayPal,Paid,1877.93,TXN258246059
PAY501534,ORD101424,2026-05-29,Debit Card,Refunded,-889.66,TXN281666342
PAY501535,ORD101425,2025-12-04,UPI,Paid,3380.28,TXN109635134
PAY501536,ORD101426,2026-01-16,UPI,Paid,693.18,TXN651401363
PAY501537,ORD101427,2025-08-21,Credit Card,Failed,0.0,TXN781456284
PAY501538,ORD101427,2025-08-18,Credit Card,Paid,494.26,TXN547201891
PAY501539,ORD101428,2025-11-24,UPI,Paid,2171.19,TXN607624620
PAY501540,ORD101429,2025-01-14,Debit Card,Paid,988.52,TXN560753495
PAY501541,ORD101430,2025-05-20,UPI,Paid,741.02,TXN991301728
PAY501542,ORD101431,2026-03-02,UPI,Paid,2520.32,TXN311799973
PAY501543,ORD101432,2025-12-06,Debit Card,Paid,1326.48,TXN883101347
PAY501544,ORD101433,2025-01-30,Debit Card,Paid,517.66,TXN847174355
PAY501545,ORD101434,2026-04-11,Net Banking,Failed,0.0,TXN504036487
PAY501546,ORD101434,2026-04-12,Net Banking,Paid,1326.48,TXN423499065
PAY501547,ORD101435,2025-05-04,UPI,Paid,5489.26,TXN726236410
PAY501548,ORD101436,2025-08-11,Credit Card,Paid,2470.17,TXN123126744
PAY501549,ORD101437,2026-06-25,Cash on Delivery,Paid,161.17,TXN867251473
PAY501550,ORD101438,2026-03-10,Net Banking,Paid,546.42,TXN866116199
PAY501551,ORD101439,2026-01-30,UPI,Paid,2573.2,TXN334106038
PAY501552,ORD101440,2025-07-08,UPI ,Paid,2573.2,TXN704750694
PAY501553,ORD101441,2026-03-28,UPI,Paid,589.2,TXN843870202
PAY501554,ORD101442,2025-02-17,Credit Card,Failed,0.0,TXN280583996
PAY501555,ORD101442,2025-02-17,Credit Card,Pending,1328.75,TXN433524765
PAY501556,ORD101443,2026-01-08,UPI,Paid,2470.17,TXN606390873
PAY501557,ORD101444,2026-06-02,Cash on Delivery,Paid,257.56,TXN348915382
PAY501558,ORD101445,2025-04-24,Cash on Delivery,Refunded,-3986.25,TXN192583946
PAY501559,ORD101446,2025-09-29,Cash on Delivery,Paid,2573.2,TXN404874952
PAY501560,ORD101447,2025-07-11,PayPal,Paid,1663.62,TXN264308692
PAY501561,ORD101448,2025-02-07,PayPal,Failed,0.0,TXN980495732
PAY501562,ORD101449,2025-10-14,Credit Card,Paid,2187.22,TXN127322509
PAY501563,ORD101450,2025-06-28,Credit Card,Refunded,-3632.57,TXN456050102
PAY501564,ORD101451,2026-02-16,UPI,Paid,542.24,TXN804895391
PAY501565,ORD101452,2025-07-31,UPI,Paid,2815.88,TXN702144735
PAY501566,ORD101453,2025-09-08,UPI,Paid,1725.54,TXN952730061
PAY501567,ORD101454,2025-06-28,Credit Card,Pending,1407.94,TXN541674367
PAY501568,ORD101455,2025-07-08,UPI,Paid,14542.04,TXN936160894
PAY501569,ORD101456,2025-10-28,UPI,Paid,2908.41,TXN920598606
PAY501570,ORD101457,2026-01-17,UPI,Paid,4036.19,TXN409301214
PAY501571,ORD101458,2025-01-22,credit card,Failed,0.0,TXN591040477
PAY501572,ORD101458,2025-01-22,CC,Paid,1326.48,TXN485301972
PAY501573,ORD101459,2026-02-15,Net Banking,Paid,1326.48,TXN928153848
PAY501574,ORD101460,2025-10-29,UPI,Paid,3394.98,TXN538602390
PAY501575,ORD101461,2025-12-18,UPI,Paid,1997.16,TXN924136290
PAY501576,ORD101462,2025-04-07,Credit Card,Paid,658.52,TXN128047862
PAY501577,ORD101463,2025-05-31,Debit Card,Failed,0.0,TXN549311779
PAY501578,ORD101463,2025-06-03,Debit Card,Pending,12108.57,TXN287782204
PAY501579,ORD101464,2025-01-18,UPI,Paid,271.12,TXN524550351
PAY501580,ORD101465,2025-03-06,UPI,Paid,2744.63,TXN252060702
PAY501581,ORD101466,2026-04-08,PayPal,Refunded,-211.8,TXN322323923
PAY501582,ORD101467,2025-06-15,UPI,Paid,7511.72,TXN492177987
PAY501583,ORD101468,2025-06-06,Cash on Delivery,Paid,3380.28,TXN880161644
PAY501584,ORD101469,2025-12-28,Debit Card,Paid,469.55,TXN548911446
PAY501585,ORD101470,2025-11-30,UPI,Pending,5214.8,TXN711963717
PAY501586,ORD101471,2026-05-19,Credit Card,Failed,0.0,TXN402028141
PAY501587,ORD101471,2026-05-22,Credit Card,Paid,1193.83,TXN723951809
PAY501588,ORD101472,2026-04-18,UPI,Paid,2573.2,TXN617998967
PAY501589,ORD101473,2025-12-04,Cash on Delivery,Paid,1057.45,TXN480628459
PAY501590,ORD101474,2025-07-08,UPI,Failed,0.0,TXN366720370
PAY501591,ORD101475,2025-11-04,Credit Card,Paid,3356.82,TXN348693560
PAY501592,ORD101476,2026-01-30,UPI,Paid,1747.36,TXN271713479
PAY501593,ORD101477,2026-02-11,UPI,Paid,658.52,TXN922522912
PAY501594,ORD101478,2025-11-05,Cash on Delivery,Paid,6989.44,TXN825018429
PAY501595,ORD101479,2026-06-13,Credit Card,Pending,4940.34,TXN905395151
PAY501596,ORD101480,2026-01-09,PayPal,Failed,0.0,TXN915231667
PAY501597,ORD101481,2026-01-03,PayPal,Paid,3794.39,TXN411120215
PAY501598,ORD101482,2025-04-09,Credit Card,Paid,546.42,TXN890814404
PAY501599,ORD101483,2025-01-24,Net Banking,Paid,513.97,TXN712294208
PAY501600,ORD101484,2026-05-15,Credit Card,Paid,230.45,TXN573608588
PAY501601,ORD101485,2025-11-07,Debit Card,Paid,316.22,TXN823451067
PAY501602,ORD101486,2025-12-27,UPI,Failed,0.0,TXN582510752
PAY501603,ORD101486,2025-12-25,UPI,Paid,1057.45,TXN775152155
PAY501604,ORD101487,2025-01-14,UPI,Pending,10361.19,TXN534470988
PAY501605,ORD101488,2025-11-30,Debit Card,Paid,2652.96,TXN396582556
PAY501606,ORD101489,2025-01-17,Credit Card,Partially Refunded,428.27,TXN918373816
PAY501607,ORD101489,2025-01-18,Credit Card,Refunded,-951.7,TXN910918098
PAY501608,ORD101490,2026-01-01,Debit Card,Pending,1447.46,TXN682618738
PAY501609,ORD101491,2025-05-05,Credit Card,Paid,460.9,TXN408521616
PAY501610,ORD101492,2026-06-26,Credit Card,Paid,5489.26,TXN835065529
PAY501611,ORD101493,2025-11-09,UPI,Failed,0.0,TXN815920319
PAY501612,ORD101494,2026-06-14,UPI,Paid,4036.19,TXN183116011
PAY501613,ORD101495,2025-05-06,Credit Card,Paid,1482.04,TXN980225176
PAY501614,ORD101496,06-Apr-2025,Credit Card,Refunded,-693.18,TXN742107251
PAY501615,ORD101497,2026-05-09,UPI,Paid,723.73,TXN395955981
PAY501616,ORD101498,2026-03-30,UPI,Paid,2300.72,TXN363606314
PAY501617,ORD101499,2025-05-07,Debit Card,Failed,0.0,TXN343769760
PAY501618,ORD101499,2025-05-08,Debit Card,Paid,1247.72,TXN824226528
PAY501619,ORD101500,2025-07-20,UPI,Paid,3394.98,TXN925429832
PAY501620,ORD101501,2025-07-14,UPI,Paid,8072.38,TXN296763390
PAY501621,ORD101502,2025-08-23,UPI,Paid,693.18,TXN346081874
PAY501622,ORD101503,2026-06-07,PayPal,Paid,1150.36,TXN214073067
PAY501623,ORD101504,2026-01-13,Net Banking,Paid,10906.53,TXN268688803
PAY501624,ORD101505,2025-09-27,Debit Card,Paid,1482.78,TXN627203796
PAY501625,ORD101506,2026/05/10,Debit Card,Paid,11383.17,TXN953216833
PAY501626,ORD101507,2025-09-01,UPI,Paid,2573.2,TXN461302890
PAY501627,ORD101508,2026-04-09,UPI,Failed,0.0,TXN857441768
PAY501628,ORD101508,04-09-2026,UPI,Paid,1324.39,TXN579033068
PAY501629,ORD101509,2025-06-26,Credit Card,Paid,2573.2,TXN208896742
PAY501630,ORD101510,2025-11-26,Net Banking,Pending,513.97,TXN453986539
PAY501631,ORD101511,2026-05-05,UPI,Paid,526.97,TXN172220871
PAY501632,ORD101512,2026-03-03,Net Banking,Paid,1326.48,TXN456495577
PAY501633,ORD101513,2025-12-19,UPI,Paid,2652.96,TXN657958787
PAY501634,ORD101514,2025-09-15,Credit Card,Failed,0.0,TXN726764240
PAY501635,ORD101514,2025-09-14,Credit Card,Paid,158.11,TXN678221442
PAY501636,ORD101515,2026-06-18,Cash on Delivery,Paid,3430.76,TXN625878303
PAY501637,ORD101516,2026-05-09,Cash on Delivery,Paid,3494.72,TXN264409001
PAY501638,ORD101517,2025-05-30,UPI,Failed,0.0,TXN700228698
PAY501639,ORD101518,2026-03-21,Credit Card,Paid,2744.63,TXN271839459
PAY501640,ORD101519,2025-05-21,UPI,Pending,3594.68,TXN402566362
PAY501641,ORD101520,2025-01-24,UPI,Paid,554.54,TXN669386670
PAY501642,ORD101520,2025-01-24,CC,Failed,0.0,TXN236645049
PAY501643,ORD101521,2025-08-28,UPI,Paid,3794.39,TXN443746918
PAY501644,ORD101522,2025-06-02,Net Banking,Refunded,2573.2,TXN748144783
PAY501645,ORD101523,2025-02-14,Net Banking,Paid,4036.19,TXN217218375
PAY501646,ORD101524,2025-12-06,UPI,Paid,5214.8,TXN339564852
PAY501647,ORD101525,2025-07-19,UPI,Failed,0.0,TXN355134253
PAY501648,ORD101526,2026-05-20,UPI,Paid,374.91,TXN297286866
PAY501649,ORD101527,2025-02-17,Credit Card,Paid,2744.63,TXN665226359
PAY501650,ORD101528,2025-09-15,Debit Card,Paid,5214.8,TXN345710362
PAY501651,ORD101529,2025-11-21,UPI,Paid,334.82,TXN745264539
PAY501652,ORD101530,2026-02-04,Debit Card,Paid,6543.92,TXN119709895
PAY501653,ORD101531,2025-08-29,UPI,Paid,7189.36,TXN410406231
PAY501654,ORD101532,2025-09-24,UPI,Paid,374.91,TXN614723007
PAY501655,ORD101533,2025-01-06,UPI,Pending,2471.3,TXN663356509
PAY501656,ORD101534,2026-05-10,UPI,Paid,356.33,TXN518314205
PAY501657,ORD101535,2025-03-02,Credit Card,Failed,0.0,TXN836326374
PAY501658,ORD101535,2025-02-28,Credit Card,Paid,2493.76,TXN656136628
PAY501659,ORD101536,2025-10-20,Net Banking,Paid,793.92,TXN843337545
PAY501660,ORD101537,2025-09-11,Debit Card,Paid,5594.72,TXN643166619
PAY501661,ORD101538,2025-09-30,Net Banking,Paid,1797.66,TXN779937593
PAY501662,ORD101539,2025-05-13,Credit Card,Paid,1401.52,TXN295152668
PAY501663,ORD101540,2025-03-09,Credit Card,Paid,469.55,TXN741542634
PAY501664,ORD101541,2025-12-30,Cash on Delivery,Paid,3794.39,TXN873859474
PAY501665,ORD101542,2026-03-02,Net Banking,Paid,541.02,TXN936255513
PAY501666,ORD101543,2026-01-31,UPI,Failed,0.0,TXN471836269
PAY501667,ORD101543,2026-01-31,UPI,Paid,6947.64,TXN780130021
PAY501668,ORD101544,2026-01-25,UPI,Paid,546.42,TXN674876192
PAY501669,ORD101545,2026-02-15,Net Banking,Paid,6789.96,TXN627183412
PAY501670,ORD101546,2025-11-27,UPI,Paid,517.66,TXN501245582
PAY501671,ORD101547,2025-08-15,UPI,Paid,1057.45,TXN355979350
PAY501672,ORD101548,2025-02-24,Debit Card,Paid,693.18,TXN766047637
PAY501673,ORD101549,2025-05-08,Net Banking,Failed,0.0,TXN129300946
PAY501674,ORD101550,2025-07-18,Credit Card,Paid,693.18,TXN409893298
PAY501675,ORD101551,2025-07-23,UPI,Paid,1326.48,TXN266701804
PAY501676,ORD101552,2026-05-13,PayPal,Pending,494.26,TXN746380505
PAY501677,ORD101553,2025-12-26,UPI,Paid,1690.14,TXN284635510
PAY501678,ORD101554,2025-10-14,UPI,Paid,3145.24,TXN437113206
PAY501679,ORD101555,2025-09-22,Credit Card,Paid,235.33,TXN468792721
PAY501680,ORD101556,2025-07-09,Cash on Delivery,Refunded,-1747.36,TXN526558618
PAY501681,ORD101557,2025-09-23,Credit Card,Paid,2625.0,TXN900853614
PAY501682,ORD101558,2025/12/13,Debit Card,Paid,700.76,TXN969396484
PAY501683,ORD101559,2025-02-03,Debit Card,Pending,575.18,TXN680857437
PAY501684,ORD101560,2025-07-20,Debit Card,Paid,1190.88,TXN317401938
PAY501685,ORD101561,2025-09-09,UPI,Paid,1124.73,TXN254783063
PAY501686,ORD101562,2025-06-12,UPI,Paid,1334.49,TXN467193995
PAY501687,ORD101563,2025-08-09,UPI,Paid,988.52,TXN144025697
PAY501688,ORD101564,2025-09-28,Cash on Delivery,Pending,9815.88,TXN621245337
PAY501689,ORD101565,2025-07-24,Debit Card,Paid,3994.09,TXN742692625
PAY501690,ORD101566,2025-08-17,UPI,Paid,4036.19,TXN480318070
PAY501691,ORD101567,2025-09-23,Credit Card,Paid,712.66,TXN243659907
PAY501692,ORD101568,2026-01-24,Cash on Delivery,Paid,3994.09,TXN340508079
PAY501693,ORD101569,2025-08-09,Cash on Delivery,Paid,8072.38,TXN851056009
PAY501694,ORD101570,2025-03-12,Credit Card,Pending,2332.94,TXN347171893
PAY501695,ORD101571,2025-01-23,UPI,Paid,2588.3,TXN919955369
PAY501696,ORD101572,02-16-2025,Net Banking,Paid,396.96,TXN960468680
PAY501697,ORD101573,2026-05-19,Credit Card,Refunded,-1057.45,TXN363405471
PAY501698,ORD101574,2025-10-29,Credit Card,Paid,10784.04,TXN166797191
PAY501699,ORD101575,2025-03-05,Credit Card,Pending,5489.26,TXN881049421
PAY501700,ORD101576,2026-05-01,Debit Card,Paid,7988.18,TXN506831824
PAY501701,ORD101577,2026-06-25,Net Banking,Paid,6621.95,TXN393587666
PAY501702,ORD101578,2025-06-19,Net Banking,Failed,0.0,TXN687571170
PAY501703,ORD101578,2025-06-20,Net Banking,Paid,1246.88,TXN858923389
PAY501704,ORD101579,2026-04-23,UPI,Failed,0.0,TXN390487814
PAY501705,ORD101580,2025-03-01,Credit Card,Paid,2797.36,TXN848881669
PAY501706,ORD101581,2026-02-26,Credit Card,Paid,898.83,TXN797752652
PAY501707,ORD101582,17-Aug-2025,UPI,Paid,1246.88,TXN158111341
PAY501708,ORD101583,2025-08-26,Credit Card,Paid,2347.75,TXN845143956
PAY501709,ORD101584,2026-06-01,UPI,Paid,4196.04,TXN625491727
PAY501710,ORD101585,2025-01-25,UPI,Paid,1401.52,TXN413000813
PAY501711,ORD101586,2025-02-18,UPI,Paid,488.02,TXN409018346
PAY501712,ORD101587,2025-02-14,UPI,Refunded,-1784.03,TXN287480850
PAY501713,ORD101588,2025-11-06,Cash on Delivery,Paid,1193.83,TXN774931535
PAY501714,ORD101589,2025-07-02,Cash on Delivery,Failed,0.0,TXN656282904
PAY501715,ORD101590,2026-04-19,UPI,Pending,372.02,TXN860634803
PAY501716,ORD101591,2025-04-15,CC,Paid,186.01,TXN168059595
PAY501717,ORD101592,2026-04-03,Net Banking,Paid,843.16,TXN877832207
PAY501718,ORD101593,2026-02-06,Debit Card,Failed,0.0,TXN599513473
PAY501719,ORD101594,2026-04-01,UPI,Paid,3394.98,TXN902738323
PAY501720,ORD101595,2025-07-06,UPI,Paid,1784.03,TXN727274972
PAY501721,ORD101596,2026-01-01,Net Banking,Pending,666.92,TXN666590518
PAY501722,ORD101597,2025-06-28,UPI,Paid,526.97,TXN350742662
PAY501723,ORD101598,2026-05-03,Cash on Delivery,Pending,1398.68,TXN113173261
PAY501724,ORD101599,2026-05-07,Net Banking,Failed,0.0,TXN320753559
PAY501725,ORD101600,2026-05-12,UPI,Pending,575.18,TXN972633620
PAY501726,ORD101601,2026-01-11,Debit Card,Failed,0.0,TXN551126675
PAY501727,ORD101601,2026/01/10,Debit Card,Paid,2315.88,TXN853706537
PAY501728,ORD101602,2025-05-22,Credit Card,Paid,2573.2,TXN326761143
PAY501729,ORD101603,2025-03-28,Debit Card,Paid,2573.2,TXN759083744
PAY501730,ORD101604,2025-03-14,Credit Card,Paid,3228.95,TXN689842184
PAY501731,ORD101605,2025-10-15,UPI,Failed,0.0,TXN683937709
PAY501732,ORD101606,2025-09-09,Cash on Delivery,Refunded,-15337.52,TXN817036764
PAY501733,ORD101607,2025-06-01,Credit Card,Paid,1425.32,TXN711772671
PAY501734,ORD101608,2025-11-14,UPI,Paid,488.9,TXN193969202
PAY501735,ORD101609,2025-01-11,Credit Card,Paid,541.02,TXN928785461
PAY501736,ORD101610,2025-06-18,UPI,Paid,999999.0,TXN203873555
PAY501737,ORD101611,2025-07-08,UPI,Paid,338.51,TXN258315640
PAY501738,ORD101612,2025-03-21,Credit Card,Paid,988.52,TXN994410596
PAY501739,ORD101613,2025-04-16,Debit Card,Paid,1580.91,TXN656145611
PAY501740,ORD101614,2025-06-08,UPI,Failed,0.0,TXN337986994
PAY501741,ORD101614,2025-06-07,UPI,Paid,235.33,TXN288934831
PAY501742,ORD101615,2026-03-15,Debit Card,Pending,1333.84,TXN885914159
PAY501743,ORD101616,2025-03-27,UPI,Paid,3635.51,TXN995019222
PAY501744,ORD101617,2025-08-04,Credit Card,Paid,474.27,TXN895271583
PAY501745,ORD101618,2025-04-01,UPI,Paid,1386.36,TXN668066486
PAY501746,ORD101619,2025-03-28,Debit Card,Paid,3635.51,TXN536116493
PAY501747,ORD101620,2026-03-10,Debit Card,Paid,1326.48,TXN506186913
PAY501748,ORD101621,2025-06-21,Cash on Delivery,Paid,1401.52,TXN331547396
PAY501749,ORD101622,2026-02-18,Cash on Delivery,Paid,7988.18,TXN576640183
PAY501750,ORD101623,2025-05-17,Net Banking,Paid,420.12,TXN735613263
PAY501751,ORD101624,2025-11-19,UPI,Paid,1596.24,TXN151249805
PAY501752,ORD101625,2026-03-18,Credit Card,Paid,372.02,TXN817614061
PAY501753,ORD101626,2026-04-23,UPI,Failed,0.0,TXN802751948
PAY501754,ORD101626,2026-04-22,UPI,Paid,1386.36,TXN985549971
PAY501755,ORD101627,2025-09-13,Cash on Delivery,Paid,1317.04,TXN699632575
PAY501756,ORD101628,2025-11-14,upi,Refunded,-4665.88,TXN751996989
PAY501757,ORD101629,2025-01-08,Net Banking,Paid,7988.18,TXN996479858
PAY501758,ORD101630,2026-04-17,Credit Card,Paid,2255.02,TXN563664588
PAY501759,ORD101631,2025-07-12,Cash on Delivery,Paid,2520.32,TXN599236910
PAY501760,ORD101632,2025-09-23,UPI,Paid,693.18,TXN149919113
PAY501761,ORD101633,2025-12-25,PayPal,Paid,3394.98,TXN985527895
PAY501762,ORD101634,2025-07-23,Credit Card,Paid,5489.26,TXN563807663
PAY501763,ORD101635,2026-05-26,Credit Card,Paid,2315.88,TXN326573396
PAY501764,ORD101636,2025-06-27,UPI,Failed,0.0,TXN222770567
PAY501765,ORD101636,2025-06-26,UPI,Paid,3632.57,TXN379465161
PAY501766,ORD101637,2025-12-15,UPI,Paid,2470.17,TXN121082647
PAY501767,ORD101638,2025-05-10,Debit Card,Failed,0.0,TXN970652571
PAY501768,ORD101638,2025-05-07,Debit Card,Paid,302.88,TXN227985707
PAY501769,ORD101639,2025-07-09,Credit Card,Paid,1725.54,TXN499787802
PAY501770,ORD101640,2025-04-24,Net Banking,Paid,1386.36,TXN661697631
PAY501771,ORD101641,2025-10-30,Credit Card,Paid,700.76,TXN515952339
PAY501772,ORD101642,2026-04-22,UPI,Paid,623.86,TXN631884454
PAY501773,ORD101643,2025-01-07,Net Banking,Paid,153.11,TXN739934676
PAY501774,ORD101644,2025-07-21,Net Banking,Paid,176.71,TXN596495816
PAY501775,ORD101645,2025-12-11,Cash on Delivery,Paid,216.9,TXN517811975
PAY501776,ORD101646,2026-03-07,Debit Card,Paid,1333.84,TXN591495507
PAY501777,ORD101647,2025-04-03,Credit Card,Paid,2744.63,TXN337076974
PAY501778,ORD101648,2025-11-19,Cash on Delivery,Failed,0.0,TXN725638740
PAY501779,ORD101648,2025-11-17,Cash on Delivery,Paid,3394.98,TXN232723463
PAY501780,ORD101649,2025-10-15,Debit Card,Paid,4940.34,TXN104661723
PAY501781,ORD101650,2025-07-22,UPI,Paid,623.86,TXN146646454
PAY501782,ORD101651,2025-11-01,UPI,Paid,223.56,TXN547318120
PAY501783,ORD101652,2025-12-09,Cash on Delivery,Paid,2315.88,TXN201192865
PAY501784,ORD101653,2025-09-14,Net Banking,Paid,723.73,TXN218177187
PAY501785,ORD101654,2026-05-14,UPI,Paid,3994.09,TXN256664214
PAY501786,ORD101655,2025-06-10,UPI,Pending,10184.94,TXN732348904
PAY501787,ORD101656,2025-05-06,UPI,Paid,1877.93,TXN650708661
PAY501788,ORD101657,2025-07-31,Credit Card,Paid,1326.48,TXN225173572
PAY501789,ORD101658,2025-08-07,Debit Card,Failed,0.0,TXN471906021
PAY501790,ORD101659,2026-04-11,UPI,Paid,2797.36,TXN335021611
PAY501791,ORD101660,2025-05-28,Cash on Delivery,Paid,3453.73,TXN889615866
PAY501792,ORD101661,2025-01-26,Cash on Delivery,Paid,3994.09,TXN607820063
PAY501793,ORD101662,2026-04-05,Net Banking,Paid,419.02,TXN471504483
PAY501794,ORD101663,2026-02-06,UPI,Failed,0.0,TXN369345278
PAY501795,ORD101663,2026-02-06,UPI,Paid,658.52,TXN960495053
PAY501796,ORD101664,2026-02-08,UPI ,Paid,541.02,TXN146604099
PAY501797,ORD101665,2025-07-10,Credit Card,Paid,1398.68,TXN174574975
PAY501798,ORD101666,2025-03-27,Credit Card,Paid,2171.19,TXN821170799
PAY501799,ORD101667,2025-04-10,UPI,Failed,0.0,TXN717388563
PAY501800,ORD101667,2025-04-11,UPI,Paid,2517.62,TXN181555340
PAY501801,ORD101668,2026-04-18,UPI,Paid,2744.63,TXN583729224
PAY501802,ORD101669,2025-08-05,Debit Card,Paid,693.18,TXN454890658
PAY501803,ORD101670,2025-05-17,PayPal,Paid,666.92,TXN135925367
PAY501804,ORD101671,2025-12-05,Net Banking,Paid,1892.04,TXN473599046
PAY501805,ORD101672,2025-07-01,UPI,Paid,167.41,TXN931751955
PAY501806,ORD101673,2025-01-12,UPI,Pending,3271.96,TXN383077343
PAY501807,ORD101674,2025-02-16,Cash on Delivery,Paid,526.97,TXN288723352
PAY501808,ORD101675,2025-08-11,UPI,Pending,1323.21,TXN312829959
PAY501809,ORD101676,2025-04-22,Net Banking,Failed,1260.16,TXN272623870
PAY501810,ORD101677,2025-11-20,Cash on Delivery,Refunded,-2102.28,TXN312138187
PAY501811,ORD101678,2025-10-27,Cash on Delivery,Refunded,-2444.54,TXN205302572
PAY501812,ORD101679,2025-11-30,Credit Card,Partially Refunded,3594.68,TXN608187860
PAY501813,ORD101680,2025-08-28,Cash on Delivery,Paid,3145.24,TXN691410276
PAY501814,ORD101681,2025-06-04,Net Banking,Paid,320.7,TXN115337963
PAY501815,ORD101682,2026-04-14,Net Banking,Paid,7271.02,TXN552758116
PAY501816,ORD101683,2025-08-18,Credit Card,Failed,0.0,TXN589081941
PAY501817,ORD101683,2025-08-19,Credit Card,Paid,1572.62,TXN897914242
PAY501818,ORD101684,2025-10-04,Credit Card,Paid,575.18,TXN712817354
PAY501819,ORD101685,2026-04-12,UPI,Paid,1015.53,TXN246229923
PAY501820,ORD101686,2026-03-19,Cash on Delivery,Paid,541.02,TXN870663379
PAY501821,ORD101687,2025-10-10,Net Banking,Paid,575.18,TXN631937943
PAY501822,ORD101688,2026-05-02,Debit Card,Refunded,-459.87,TXN335950551
PAY501823,ORD101689,2025-11-29,Net Banking,Failed,0.0,TXN634573242
PAY501824,ORD101689,2025-11-29,Net Banking,Paid,2470.17,TXN896357764
PAY501825,ORD101690,2025-05-01,Cash on Delivery,Paid,5489.26,TXN160737063
PAY501826,ORD101691,2026-03-19,UPI,Paid,2797.36,TXN402751417
PAY501827,ORD101692,2025-06-20,Cash on Delivery,Paid,1057.45,TXN712919718
PAY501828,ORD101693,2026-07-01,UPI,Paid,1092.84,TXN315967664
PAY501829,ORD101694,2025-02-19,Credit Card,Paid,7988.18,TXN349743945
PAY501830,ORD101695,2025-05-12,UPI,Paid,230.45,TXN603031974
PAY501831,ORD101696,2025-06-26,Cash on Delivery,Paid,494.26,TXN344349218
PAY501832,ORD101697,2025-03-15,UPI,Paid,1053.94,TXN285068614
PAY501833,ORD101698,2025-04-29,Cash on Delivery,Paid,474.27,TXN634743570
PAY501834,ORD101699,2026-04-02,Credit Card,Paid,2114.9,TXN820533059
PAY501835,ORD101700,2025-08-10,Cash on Delivery,Paid,5146.4,TXN794946663
PAY501836,ORD101701,2025-11-06,UPI,Paid,1317.04,TXN120679387
PAY501837,ORD101702,2025-10-10,UPI,Pending,3575.85,TXN721117964
PAY501838,ORD101703,2025-11-09,Cash on Delivery,Paid,3635.51,TXN599294958
PAY501839,ORD101704,2025-12-15,Debit Card,Paid,148.81,TXN903816363
PAY501840,ORD101705,2025-01-20,PayPal,Paid,1398.68,TXN875174947
PAY501841,ORD101706,2025-09-04,Cash on Delivery,Paid,2744.63,TXN308514926
PAY501842,ORD101707,2026-03-28,UPI,Paid,1580.91,TXN123682393
PAY501843,ORD101708,2025-12-15,Credit Card,Paid,460.14,TXN497973547
PAY501844,ORD101709,2026-03-20,Net Banking,Pending,494.26,TXN879806142
PAY501845,ORD101710,,UPI,Paid,444.83,TXN426078600
PAY501846,ORD101711,2025-03-29,PayPal,Paid,2607.4,TXN603545319
PAY501847,ORD101712,2025-01-10,UPI,Paid,2315.88,TXN448904737
PAY501848,ORD101713,2026-01-01,Credit Card,Failed,0.0,TXN935685937
PAY501849,ORD101714,2025-01-23,Cash on Delivery,Refunded,-7719.6,TXN866074635
PAY501850,ORD101715,2025-03-14,Credit Card,Paid,494.26,TXN216833784
PAY501851,ORD101716,2025-11-11,Cash on Delivery,Paid,469.55,TXN723094544
PAY501852,ORD101717,2025-03-05,Net Banking,Paid,420.12,TXN941598579
PAY501853,ORD101718,2025-02-28,UPI,Paid,235.33,TXN690302488
PAY501854,ORD101719,,Cash on Delivery,Paid,3494.72,TXN358413507
PAY501855,ORD101720,2026-04-24,PayPal,Paid,1422.81,TXN109657559
PAY501856,ORD101721,2025-03-01,Credit Card,Paid,677.02,TXN867820485
PAY501857,ORD101722,2025-03-04,Credit Card,Paid,1580.91,TXN193759135
PAY501858,ORD101723,2025-07-12,Credit Card,Failed,0.0,TXN792454916
PAY501859,ORD101724,2026-05-08,UPI,Paid,1326.48,TXN332509326
PAY501860,ORD101725,2025-11-08,UPI,Paid,517.66,TXN960658315
PAY501861,ORD101726,2025-12-26,Credit Card,Paid,4940.34,TXN433108904
PAY501862,ORD101727,2025-05-29,Debit Card,Paid,2744.63,TXN270381587
PAY501863,ORD101728,2026-06-27,Credit Card,Paid,575.18,TXN163229280
PAY501864,ORD101729,2026-03-15,Net Banking,Failed,0.0,TXN427817874
PAY501865,ORD101730,2026-01-10,Credit Card,Paid,2470.17,TXN167303315
PAY501866,ORD101731,2025-11-07,UPI,Paid,790.82,TXN951133743
PAY501867,ORD101732,2025-11-24,Cash on Delivery,Paid,1246.88,TXN516028818
PAY501868,ORD101733,2025-04-24,Debit Card,Pending,1328.75,TXN319666011
PAY501869,ORD101734,2026-03-21,Cash on Delivery,Paid,4631.76,TXN799196447
PAY501870,ORD101735,2026-06-26,Debit Card,Paid,1572.62,TXN954184710
PAY501871,ORD101736,2026-06-03,UPI,Refunded,-186.01,TXN273953191
PAY501872,ORD101737,2025-06-20,Credit Card,Paid,1092.84,TXN199959595
PAY501873,ORD101738,2025-11-02,Credit Card,Paid,526.97,TXN917201541
PAY501874,ORD101739,2025-09-04,Cash on Delivery,Failed,0.0,TXN481921019
PAY501875,ORD101739,2025-09-04,Cash on Delivery,Paid,1258.81,TXN461640035
PAY501876,ORD101740,03-Feb-2026,Credit Card,Paid,3172.35,TXN224551848
PAY501877,ORD101741,2025-02-12,UPI,Paid,1326.48,TXN152673216
PAY501878,ORD101742,2025-10-27,Cash on Delivery,Paid,3632.57,TXN794024793
PAY501879,ORD101743,2025-09-17,UPI,Paid,988.52,TXN511266858
PAY501880,ORD101744,2025-09-07,UPI,Paid,1312.5,TXN550223690
PAY501881,ORD101745,2025-06-14,Debit Card,Paid,469.55,TXN118759237
PAY501882,ORD101746,2025-12-28,Debit Card,Paid,7668.76,TXN336448326
PAY501883,ORD101747,2025-10-20,UPI,Paid,244.01,TXN467767662
PAY501884,ORD101748,2025-05-20,UPI,Refunded,-1193.83,TXN269474071
PAY501885,ORD101749,2025-06-28,PayPal,Pending,948.54,TXN243302307
PAY501886,ORD101750,2025-06-26,PayPal,Failed,0.0,TXN279848913
PAY501887,ORD101751,2025-08-08,UPI,Paid,4391.4,TXN411717741
PAY501888,ORD101752,2025-08-02,Debit Card,Paid,615.17,TXN764421907
PAY501889,ORD101753,2025-12-03,Credit Card,Paid,1258.81,TXN181843873
PAY501890,ORD101754,2025/07/19,UPI,Failed,0.0,TXN524260654
PAY501891,ORD101754,2025-07-17,UPI,Paid,7822.2,TXN886847683
PAY501892,ORD101755,2026-02-22,Net Banking,Failed,0.0,TXN635766802
PAY501893,ORD101756,2025-03-02,Net Banking,Paid,1150.36,TXN541794437
PAY501894,ORD101757,2026-05-08,Net Banking,Refunded,-5146.4,TXN633499498
PAY501895,ORD101758,2025-04-02,PayPal,Paid,3834.38,TXN248220438
PAY501896,ORD101759,2026-05-04,UPI,Refunded,-4018.32,TXN308735768
PAY501897,ORD101760,2025-12-13,Debit Card,Pending,517.66,TXN613368987
PAY501898,ORD101761,2026-02-04,Debit Card,Paid,1193.83,TXN532403626
PAY501899,ORD101762,2025-11-05,Credit Card,Partially Refunded,889.0,TXN369899021
PAY501900,ORD101763,2025-09-26,UPI,Paid,3319.98,TXN157006056
PAY501901,ORD101764,2025-06-15,UPI,Paid,1877.93,TXN785644328
PAY501902,ORD101765,2025-08-16,Credit Card,Paid,4036.19,TXN918216036
PAY501903,ORD101766,2025-08-27,UPI,Paid,1312.5,TXN612695732
PAY501904,ORD101767,2025-08-20,Cash on Delivery,Paid,1302.72,TXN402903308
PAY501905,ORD101768,2026-06-23,Debit Card,Paid,700.76,TXN994421046
PAY501906,ORD101769,2025-08-02,UPI,Paid,693.18,TXN790261230
PAY501907,ORD101770,2025-04-20,UPI,Paid,2187.22,TXN235327054
PAY501908,ORD101771,2025-10-21,Debit Card,Paid,2908.41,TXN970921766
PAY501909,ORD101772,2025-01-05,Cash on Delivery,Paid,712.66,TXN252773213
PAY501910,ORD101773,2025-10-04,Credit Card,Paid,3394.98,TXN771393287
PAY501911,ORD101774,2025-02-22,Net Banking,Paid,1333.84,TXN932846809
PAY501912,ORD101775,2025-06-05,UPI,Paid,2470.17,TXN759871486
PAY501913,ORD101776,2025-09-02,Net Banking,Paid,1784.03,TXN632049579
PAY501914,ORD101777,2025-03-08,PayPal,Paid,2444.54,TXN215093501
PAY501915,ORD101778,2026-01-23,UPI,Failed,0.0,TXN960918870
PAY501916,ORD101779,10-24-2025,UPI,Failed,0.0,TXN658663884
PAY501917,ORD101780,2025-01-22,Debit Card,Paid,11503.14,TXN510763192
PAY501918,ORD101781,2025-08-25,Cash on Delivery,Paid,1398.68,TXN636549015
PAY501919,ORD101782,2025/07/14,PayPal,Paid,186.01,TXN781686447
PAY501920,ORD101783,2026-03-06,Credit Card,Refunded,-11982.27,TXN160125847
PAY501921,ORD101784,2025-12-06,Debit Card,Paid,421.58,TXN520840857
PAY501922,ORD101785,2025-05-11,Credit Card,Paid,257.56,TXN206901609
PAY501923,ORD101786,2025-12-31,Debit Card,Paid,2517.62,TXN214246309
PAY501924,ORD101787,2025-07-09,Debit Card,Paid,1408.65,TXN714799945
PAY501925,ORD101788,2026-01-08,Debit Card,Paid,2315.88,TXN723352405
PAY501926,ORD101789,2026-05-29,Credit Card,Paid,216.9,TXN783376035
PAY501927,ORD101790,2026/06/20,UPI,Partially Refunded,756.22,TXN918110039
PAY501928,ORD101791,2025-08-05,PayPal,Paid,372.02,TXN374571249
PAY501929,ORD101792,2025-04-29,Debit Card,Paid,3994.09,TXN459770162
PAY501930,ORD101793,2025-11-03,Debit Card,Paid,3632.57,TXN864819344
PAY501931,ORD101794,2025-01-22,Debit Card,Paid,1747.36,TXN590868449
PAY501932,ORD101795,2025-04-06,Credit Card,Paid,1181.25,TXN203856403
PAY501933,ORD101796,2026-06-13,Net Banking,Paid,1877.93,TXN984473775
PAY501934,ORD101797,2025-04-15,Credit Card,Paid,2652.96,TXN594006590
PAY501935,ORD101798,2025-01-31,Cash on Delivery,Paid,1572.62,TXN857616962
PAY501936,ORD101799,2026-04-24,UPI,Refunded,-3994.09,TXN421875488
PAY501937,ORD101800,2025-01-16,Credit Card,Paid,988.52,TXN443152850
PAY501938,ORD101801,2026-06-23,Debit Card,Paid,3465.9,TXN230966517
PAY501939,ORD101802,2025-12-10,UPI,Pending,2493.76,TXN162896578
PAY501940,ORD101803,2025-09-22,UPI,Refunded,-460.14,TXN462299818
PAY501941,ORD101804,2026-03-13,Credit Card,Paid,700.76,TXN122641818
PAY501942,ORD101805,2025-06-13,Debit Card,Paid,1246.88,TXN410074829
PAY501943,ORD101806,2025-12-25,Credit Card,Paid,6180.36,TXN909680411
PAY501944,ORD101807,2025-01-10,Credit Card,Paid,1260.16,TXN546990897
PAY501945,ORD101808,2026-05-13,Credit Card,Paid,3319.98,TXN169775097
PAY501946,ORD101809,2025-09-19,UPI,Paid,7189.36,TXN688604886
PAY501947,ORD101810,2025-10-31,PayPal,Paid,7588.78,TXN241347944
PAY501948,ORD101811,2025-12-11,UPI,Paid,3581.49,TXN755216434
PAY501949,ORD101812,2025-04-18,Debit Card,Paid,2517.62,TXN403087803
PAY501950,ORD101813,2025-03-05,Cash on Delivery,Failed,0.0,TXN499589391
PAY501951,ORD101813,2025-03-03,Cash on Delivery,Paid,3635.51,TXN716066860
PAY501952,ORD101814,2025-12-30,Credit Card,Paid,513.97,TXN815123119
PAY501953,ORD101815,2026-03-27,UPI,Paid,2573.2,TXN725122013
PAY501954,ORD101816,,Credit Card,Paid,1057.45,TXN387269288
PAY501955,ORD101817,2026-05-21,Cash on Delivery,Failed,0.0,TXN519892820
PAY501956,ORD101817,2026-05-22,Cash on Delivery,Paid,2573.2,TXN252560401
PAY501957,ORD101818,2025-10-06,UPI,Paid,494.26,TXN959709104
PAY501958,ORD101819,2026-04-29,Credit Card,Paid,176.71,TXN189494058
PAY501959,ORD101820,2026-05-11,Credit Card,Paid,7511.72,TXN211244313
PAY501960,ORD101821,2025-07-22,Net Banking,Paid,3195.27,TXN355921963
PAY501961,ORD989513,2026-03-30,Net Banking,Paid,691.35,TXN203040938
PAY501962,ORD101823,2026-03-19,UPI,Pending,2187.22,TXN108606021
PAY501963,ORD101824,2025-07-13,UPI,Paid,494.26,TXN819358418
PAY501964,ORD101825,2025-02-16,UPI,Paid,3635.51,TXN199081798
PAY501965,ORD101826,2025-01-20,Debit Card,Refunded,-605.76,TXN810596267
PAY501966,ORD101827,05/04/2025,UPI,Paid,693.18,TXN783622089
PAY501967,ORD101828,2025-04-29,Credit Card,Paid,3453.73,TXN128555887
PAY501968,ORD101829,2025-03-07,UPI,Paid,3755.86,TXN925616232
PAY501969,ORD101830,2025-10-21,Debit Card,Partially Refunded,2223.15,TXN424629992
PAY501970,ORD101831,2025-06-27,Cash on Delivery,Paid,2387.66,TXN757524430
PAY501971,ORD101832,2025-07-03,Net Banking,Paid,4036.19,TXN650988813
PAY501972,ORD101833,2025-10-25,PayPal,Paid,1260.16,TXN621034616
PAY501973,ORD101834,2026-04-21,Debit Card,Paid,541.02,TXN473697756
PAY501974,ORD101835,2025-11-29,Net Banking,Paid,2573.2,TXN990133686
PAY501975,ORD101836,2025-03-19,Credit Card,Paid,1623.06,TXN367995225
PAY501976,ORD101837,2025-05-11,Net Banking,Pending,4455.78,TXN983377356
PAY501977,ORD101837,2025-05-11,Net Banking,Paid,4455.78,TXN117068261
PAY501978,ORD101838,2025-11-23,Net Banking,Paid,494.26,TXN652071409
PAY501979,ORD101839,2025-04-02,Debit Card,Paid,526.97,TXN551495023
PAY501980,ORD101840,2025-11-24,Net Banking,Paid,1181.25,TXN961358840
PAY501981,ORD101841,2026-06-13,UPI,Paid,1059.51,TXN663815393
PAY501982,ORD101842,,Net Banking,Paid,5594.72,TXN629169231
PAY501983,ORD101843,2025-08-23,UPI,Paid,356.33,TXN776348568
PAY501984,ORD101844,2026-03-25,Cash on Delivery,Paid,1193.83,TXN709938722
PAY501985,ORD101845,2025-10-18,Net Banking,Pending,1398.68,TXN672884051
PAY501986,ORD101846,2025-03-06,Debit Card,Paid,1447.46,TXN729293439
PAY501987,ORD101847,2026-04-22,Net Banking,Paid,4631.76,TXN820845394
PAY501988,ORD101848,2025-12-19,UPI,Paid,1328.75,TXN499818953
PAY501989,ORD101849,2025-06-14,Debit Card,Paid,1398.68,TXN737382992
PAY501990,ORD101850,2025-03-08,Net Banking,Paid,1312.5,TXN902362924
PAY501991,ORD101851,2025-10-19,Cash on Delivery,Failed,0.0,TXN635020833
PAY501992,ORD101852,2025-05-13,Debit Card,Paid,470.66,TXN165215022
PAY501993,ORD101853,2025-07-26,Credit Card,Partially Refunded,1390.58,TXN493644293
PAY501994,ORD101854,2025-05-15,UPI,Paid,693.18,TXN369239215
PAY501995,ORD101855,2026-05-22,UPI,Paid,1482.04,TXN897687739
PAY501996,ORD101856,2025-05-01,Net Banking,Paid,973.84,TXN625088919
PAY501997,ORD101857,2025-12-31,Cash on Delivery,Paid,883.55,TXN797082328
PAY501998,ORD101858,2025-06-21,Credit Card,Paid,10784.04,TXN851763330
PAY501999,ORD101859,2026-02-27,Cash on Delivery,Failed,0.0,TXN899811303
PAY502000,ORD101859,2026-02-26,Cash on Delivery,Paid,703.97,TXN358547015
PAY502001,ORD101860,2025-05-24,UPI,Paid,13814.92,TXN584164496
PAY502002,ORD101861,2025-06-20,UPI,Paid,723.73,TXN930569603
PAY502003,ORD101862,2026-04-30,Credit Card,Paid,2573.2,TXN174997147
PAY502004,ORD101863,2025-11-12,Cash on Delivery,Paid,1193.83,TXN853896092
PAY502005,ORD920475,2026-06-06,UPI,Paid,486.92,TXN956279551
PAY502006,ORD101865,2026-03-29,Net Banking,Paid,1747.36,TXN850168134
PAY502007,ORD101866,2025-08-08,Debit Card,Paid,6643.75,TXN250523415
PAY502008,ORD101867,2025-11-20,UPI,Failed,0.0,TXN205023492
PAY502009,ORD101867,2025-11-22,UPI,Paid,1690.14,TXN279875046
PAY502010,ORD101868,2026-04-01,UPI,Failed,0.0,TXN637526628
PAY502011,ORD101869,2026-03-23,UPI,Paid,1312.5,TXN794673612
PAY502012,ORD101870,2025-06-23,credit card,Failed,0.0,TXN300808435
PAY502013,ORD101870,2025-06-24,Net Banking,Paid,3430.76,TXN812994814
PAY502014,ORD101871,2026-02-13,Debit Card,Paid,2444.54,TXN467727254
PAY502015,ORD101872,2025-12-25,Net Banking,Paid,723.73,TXN701739100
PAY502016,ORD101873,2025-02-13,Cash on Delivery,Paid,1747.36,TXN282371047
PAY502017,ORD101874,2025-07-30,Net Banking,Paid,257.56,TXN402543391
PAY502018,ORD101875,2025-06-11,Net Banking,Pending,1422.81,TXN427114641
PAY502019,ORD101876,2025-10-31,PayPal,Failed,0.0,TXN442920858
PAY502020,ORD101876,2025-11-02,PayPal,Paid,3594.68,TXN410871917
PAY502021,ORD101877,2026-06-20,Net Banking,Paid,1176.65,TXN555469870
PAY502022,ORD101878,2026-06-14,COD,Paid,1386.36,TXN714965111
PAY502023,ORD101879,2025-01-25,UPI,Paid,2573.2,TXN133568576
PAY502024,ORD101880,2026-03-29,UPI,Paid,2079.54,TXN638295028
PAY502025,ORD101881,2025-08-18,Cash on Delivery,Paid,630.68,TXN312748225
PAY502026,ORD101882,2025-11-11,Cash on Delivery,Paid,741.02,TXN305013276
PAY502027,ORD101883,2025-04-21,PayPal,Failed,0.0,TXN561591219
PAY502028,ORD101883,2025-04-22,PayPal,Paid,517.66,TXN391753793
PAY502029,ORD101884,2026-01-20,Credit Card,Paid,356.33,TXN666134368
PAY502030,ORD101885,2026-01-29,Credit Card,Paid,2744.63,TXN848343489
PAY502031,ORD101886,2025-12-17,Cash on Delivery,Paid,1312.5,TXN361343600
PAY502032,ORD101887,2026-05-19,Credit Card,Refunded,-542.24,TXN568926475
PAY502033,ORD101888,2025-01-23,UPI,Paid,3994.09,TXN335427331
PAY502034,ORD101889,2025-01-05,UPI,Paid,7719.6,TXN650203476
PAY502035,ORD101890,2025-06-08,UPI,Paid,8072.38,TXN168624207
PAY502036,ORD101891,2025-07-26,Cash on Delivery,Paid,1398.68,TXN274441166
PAY502037,ORD101892,,UPI,Pending,2573.2,TXN499336160
PAY502038,ORD101893,2026-01-24,UPI,Paid,1725.54,TXN643927820
PAY502039,ORD101894,2025-11-30,Credit Card,Paid,948.54,TXN941880868
PAY502040,ORD101895,2025-07-25,UPI,Paid,1747.36,TXN450650192
PAY502041,ORD101896,2026-06-13,UPI,Paid,1181.25,TXN341991134
PAY502042,ORD101897,2026-04-10,Debit Card,Paid,1460.76,TXN111521835
PAY502043,ORD101898,2025-07-31,Cash on Delivery,Paid,1871.58,TXN957991027
PAY502044,ORD101899,2025-11-12,Credit Card,Paid,1302.72,TXN476693255
PAY502045,ORD101900,13-Apr-2026,Credit Card,Pending,4036.19,TXN246777260
PAY502046,ORD101901,2025-11-13,UPI,Paid,7333.62,TXN368688476
PAY502047,ORD101902,2025-09-15,UPI,Paid,2744.63,TXN917342492
PAY502048,ORD101903,2025-11-08,UPI,Paid,3594.68,TXN315042926
PAY502049,ORD101904,2025-10-16,Credit Card,Paid,2652.96,TXN904010798
PAY502050,ORD101905,2025-04-27,UPI,Paid,1398.68,TXN557307134
PAY502051,ORD101906,2025-06-18,UPI,Paid,4036.19,TXN414199598
PAY502052,ORD101907,15/11/2025,Credit Card,Paid,772.68,TXN362590558
PAY502053,ORD101908,2025-02-18,UPI,Paid,2573.2,TXN292159230
PAY502054,ORD101909,2025-04-01,UPI ,Paid,11383.17,TXN267854924
PAY502055,ORD101910,2025-09-22,Credit Card,Paid,1326.48,TXN776290447
PAY502056,ORD101911,2025-12-07,Credit Card,Paid,469.55,TXN475048250
PAY502057,ORD101912,2025-11-19,Credit Card,Paid,211.8,TXN930233489
PAY502058,ORD101913,2026-05-30,Credit Card,Partially Refunded,1611.67,TXN286700271
PAY502059,ORD101914,2025-06-14,UPI,Pending,4036.19,TXN436433924
PAY502060,ORD101915,2025-06-01,Credit Card,Paid,4889.08,TXN152394028
PAY502061,ORD101916,2026-02-26,Credit Card,Paid,3319.98,TXN282477059
PAY502062,ORD101917,2026-01-30,Cash on Delivery,Paid,2652.96,TXN347955713
PAY502063,ORD101918,2026-03-07,UPI,Failed,0.0,TXN796467775
PAY502064,ORD101918,2026-03-08,UPI,Paid,257.56,TXN226565845
PAY502065,ORD101919,2025-10-08,UPI,Paid,459.87,TXN870004278
PAY502066,ORD101920,2026-06-16,Debit Card,Paid,988.52,TXN766642844
PAY502067,ORD101921,2026-04-02,Credit Card,Paid,1877.93,TXN871710360
PAY502068,ORD101922,2025-05-18,Cash on Delivery,Failed,0.0,TXN494173180
PAY502069,ORD101922,2025-05-18,Cash on Delivery,Paid,1260.16,TXN924216914
PAY502070,ORD101923,2025-02-06,Cash on Delivery,Failed,0.0,TXN865063020
PAY502071,ORD101923,2025-02-06,Cash on Delivery,Paid,1247.72,TXN583451798
PAY502072,ORD101924,2026-04-17,Credit Card,Paid,1193.83,TXN164669542
PAY502073,ORD101925,2025-11-09,Debit Card,Paid,3430.76,TXN260044879
PAY502074,ORD101926,2025-05-15,PayPal,Failed,0.0,TXN664144443
PAY502075,ORD101926,2025-05-16,PayPal,Paid,1057.45,TXN397039206
PAY502076,ORD101927,2025-01-25,Cash on Delivery,Paid,658.52,TXN543574160
PAY502077,ORD101928,2025-03-11,Cash on Delivery,Refunded,-1324.39,TXN657272327
PAY502078,ORD101929,2025-12-18,Cash on Delivery,Paid,658.52,TXN393136578
PAY502079,ORD101930,2026-02-07,UPI,Refunded,-400.06,TXN724062661
PAY502080,ORD101931,2026-01-05,UPI,Paid,988.52,TXN860100132
PAY502081,ORD101932,2025-09-09,UPI,Paid,4229.8,TXN352669256
PAY502082,ORD101933,2025-07-15,Debit Card,Paid,693.18,TXN970317823
PAY502083,ORD101934,2025-02-12,Debit Card,Paid,615.17,TXN155191943
PAY502084,ORD101935,2025-08-28,Credit Card,Paid,3794.39,TXN129860519
PAY502085,ORD101936,2025-10-21,Cash on Delivery,Paid,9263.52,TXN377948326
PAY502086,ORD101937,2025-06-16,UPI,Pending,5489.26,TXN132511431
PAY502087,ORD101938,2025-02-26,Cash on Delivery,Partially Refunded,3632.57,TXN796317022
PAY502088,ORD101939,2026-01-16,Cash on Delivery,Paid,5633.79,TXN561524005
PAY502089,ORD101940,2025-04-27,UPI,Paid,2744.63,TXN965301502
PAY502090,ORD101941,2026-05-11,Cash on Delivery,Paid,6543.92,TXN131379786
PAY502091,ORD101942,2026-03-14,UPI,Paid,1053.94,TXN584789085
PAY502092,ORD101943,2025-01-30,Credit Card,Partially Refunded,222.42,TXN426442936
PAY502093,ORD101944,2025-04-26,Cash on Delivery,Pending,5146.4,TXN459247052
PAY502094,ORD101945,2026-02-27,Cash on Delivery,Pending,1326.48,TXN358074041
PAY502095,ORD101946,2025-11-18,Debit Card,Paid,2187.22,TXN520402967
PAY502096,ORD101947,2026-01-03,PayPal,Failed,0.0,TXN803350518
PAY502097,ORD101947,2026-01-03,COD,Paid,2058.56,TXN455820314
PAY502098,ORD101948,2026-05-02,Cash on Delivery,Paid,1082.04,TXN205898606
PAY502099,ORD101949,2025-12-26,Debit Card,Paid,693.18,TXN794737381
PAY502100,ORD101950,2025-07-10,UPI,Pending,4229.8,TXN492015906
PAY502101,ORD101951,2025-10-08,Credit Card,Paid,1659.99,TXN382344305
PAY502102,ORD101952,2025-10-03,Credit Card,Paid,1057.45,TXN690064321
PAY502103,ORD101953,2025-12-24,UPI,Paid,420.12,TXN116873228
PAY502104,ORD101954,2025-10-04,Debit Card,Failed,0.0,TXN938452006
PAY502105,ORD101954,2025-10-03,Debit Card,Paid,1401.52,TXN566366924
PAY502106,ORD101955,2026-04-02,Cash on Delivery,Paid,447.92,TXN656519131
PAY502107,ORD101956,2025-06-10,Debit Card,Pending,2444.54,TXN808999719
PAY502108,ORD101957,2025-12-03,Credit Card,Paid,517.66,TXN714776515
PAY502109,ORD101958,2026-05-31,Net Banking,Failed,0.0,TXN534788121
PAY502110,ORD101958,2026-05-31,Net Banking,Paid,3994.09,TXN815548244
PAY502111,ORD101959,2026-06-11,PayPal,Paid,3937.5,TXN993639688
PAY502112,ORD101960,2025-10-29,UPI,Paid,5250.0,TXN330961843
PAY502113,ORD101961,2026-06-05,Net Banking,Paid,2058.56,TXN470854430
PAY502114,ORD101962,2026-02-04,Debit Card,Pending,1127.51,TXN255810198
PAY502115,ORD101963,2025-10-04,Cash on Delivery,Paid,793.92,TXN882925084
PAY502116,ORD101964,2025-07-10,Debit Card,Failed,0.0,TXN292839958
PAY502117,ORD101964,2025-07-10,Debit Card,Paid,447.12,TXN307326665
PAY502118,ORD101965,2025-05-26,PayPal,Paid,1541.91,TXN943494425
PAY502119,ORD101966,2025-12-20,PayPal,Paid,2362.5,TXN571522037
PAY502120,ORD101967,2025-11-01,UPI,Paid,3994.09,TXN583337867
PAY502121,ORD101968,2025-12-20,Debit Card,Paid,554.54,TXN461171573
PAY502122,ORD101969,2025/10/08,Debit Card,Paid,2444.54,TXN922577254
PAY502123,ORD101970,2026-05-22,UPI,Paid,1784.03,TXN207969073
PAY502124,ORD101971,2025-11-21,Net Banking,Paid,7988.18,TXN461450408
PAY502125,ORD101972,2025-11-13,UPI,Paid,1725.54,TXN646672882
PAY502126,ORD101973,2026-03-14,UPI,Paid,3994.09,TXN324424436
PAY502127,ORD101974,2025-12-31,UPI,Paid,1061.18,TXN209511385
PAY502128,ORD101975,2025-10-18,UPI,Paid,665.72,TXN537095598
PAY502129,ORD101976,2025-02-02,Cash on Delivery,Pending,356.33,TXN400681882
PAY502130,ORD101977,2026-04-01,Credit Card,Paid,1312.5,TXN592511150
PAY502131,ORD101978,2025-06-22,UPI,Paid,7588.78,TXN797078658
PAY502132,ORD101979,2026-04-18,Net Banking,Paid,161.17,TXN317315640
PAY502133,ORD101980,2026-05-12,Net Banking,Paid,2772.72,TXN797583645
PAY502134,ORD101981,2025-10-05,Debit Card,Refunded,-1004.58,TXN583561317
PAY502135,ORD101982,2025-03-04,Net Banking,Paid,1312.5,TXN319817648
PAY502136,ORD101983,2025-03-12,UPI,Partially Refunded,935.79,TXN117373216
PAY502137,ORD101984,2026-01-10,Net Banking,Paid,3494.72,TXN729812742
PAY502138,ORD101985,2025-08-29,Net Banking,Paid,494.26,TXN222246418
PAY502139,ORD101986,2026-06-08,Net Banking,Paid,1260.16,TXN810680802
PAY502140,ORD101987,2025-04-27,Credit Card,Failed,0.0,TXN895979865
PAY502141,ORD101987,2025-04-29,Credit Card,Paid,5305.92,TXN769367898
PAY502142,ORD101988,2026-01-11,UPI,Paid,1326.48,TXN957216968
PAY502143,ORD101989,2025-06-10,Net Banking,Paid,2520.32,TXN538792915
PAY502144,ORD101990,2025-11-29,UPI,Paid,419.02,TXN156008101
PAY502145,ORD101991,2025-09-22,Net Banking,Paid,5594.72,TXN289583687
PAY502146,ORD101992,2025-06-05,Net Banking,Paid,1398.68,TXN513868434
PAY502147,ORD101993,2026/02/13,Cash on Delivery,Paid,1587.84,TXN489641015
PAY502148,ORD101994,2025-06-09,UPI,Paid,3635.51,TXN886022618
PAY502149,ORD101995,2025-02-22,Credit Card,Refunded,-6989.44,TXN491009877
PAY502150,ORD101996,08-Mar-2026,Net Banking,Paid,2164.08,TXN242314198
PAY502151,ORD101997,2025-04-29,Credit Card,Paid,2114.9,TXN503977911
PAY502152,ORD101998,2025-11-06,Cash on Delivery,Paid,421.58,TXN563920322
PAY502153,ORD101999,25-Nov-2025,Net Banking,Paid,3794.39,TXN790284747
PAY502154,ORD102000,2025-06-07,UPI,Paid,494.26,TXN831652342
PAY502155,ORD102001,2025-11-16,Cash on Delivery,Failed,0.0,TXN138565283
PAY502156,ORD102001,2025-11-17,Cash on Delivery,Paid,741.02,TXN168772081
PAY502157,ORD102002,2026-04-07,Debit Card,Paid,186.01,TXN714939156
PAY502158,ORD102003,2026-01-06,UPI,Paid,5489.26,TXN574964515
PAY502159,ORD102004,2025-08-03,Cash on Delivery,Paid,2171.19,TXN264762373
PAY502160,ORD102005,2025-05-25,Credit Card,Paid,271.12,TXN292000950
PAY502161,ORD102006,2026-06-15,UPI,Paid,5146.4,TXN244835643
PAY502162,ORD102007,2025-07-11,Cash on Delivery,Paid,666.92,TXN143582792
PAY502163,ORD102008,2026-01-03,Debit Card,Paid,575.18,TXN291086346
PAY502164,ORD102009,2025-07-04,UPI,Failed,0.0,TXN684973093
PAY502165,ORD102010,2026-02-23,Cash on Delivery,Paid,712.66,TXN575450265
PAY502166,ORD102011,2026-01-18,UPI,Pending,575.18,TXN485583598
PAY502167,ORD102012,2026-06-04,Credit Card,Paid,651.36,TXN700092569
PAY502168,ORD102013,2025-02-21,Debit Card,Paid,1053.94,TXN563901523
PAY502169,ORD102014,2026-03-18,UPI,Failed,0.0,TXN643562897
PAY502170,ORD102015,2025-03-08,UPI,Paid,444.83,TXN414119464
PAY502171,ORD102016,2025-04-02,UPI,Paid,558.03,TXN964513495
PAY502172,ORD102017,2025-01-22,Credit Card,Paid,2573.2,TXN197370513
PAY502173,ORD102018,2025-09-01,Cash on Delivery,Paid,723.73,TXN614652902
PAY502174,ORD102019,2025-08-09,PayPal,Paid,2573.2,TXN934550175
PAY502175,ORD102020,2025-01-04,Credit Card,Pending,1193.83,TXN776738860
PAY502176,ORD102021,2026-05-15,Debit Card,Paid,517.66,TXN321824131
PAY502177,ORD102022,2026-03-17,Cash on Delivery,Pending,444.83,TXN439363837
PAY502178,ORD102023,2026-01-10,UPI,Failed,0.0,TXN189939391
PAY502179,ORD102024,2026-06-25,UPI,Paid,12866.0,TXN619973491
PAY502180,ORD102025,2025-10-30,Debit Card,Paid,12108.57,TXN687633114
PAY502181,ORD102026,2026-06-29,Debit Card,Failed,0.0,TXN311250939
PAY502182,ORD102026,2026-06-27,Debit Card,Paid,3635.51,TXN851526538
PAY502183,ORD102027,2026-04-11,UPI,Paid,5633.79,TXN736118225
PAY502184,ORD102028,2026-05-12,Credit Card,Pending,2744.63,TXN924487541
PAY502185,ORD102029,2026-03-04,Cash on Delivery,Paid,3172.35,TXN241794128
PAY502186,ORD102030,2025-09-02,PayPal,Failed,0.0,TXN299458568
PAY502187,ORD102030,2025-08-31,PayPal,Paid,693.18,TXN990783814
PAY502188,ORD102031,2026-02-19,Cash on Delivery,Refunded,-526.97,TXN186240673
PAY502189,ORD102032,2025-05-28,UPI,Paid,1326.48,TXN372390734
PAY502190,ORD102033,2025-06-21,Net Banking,Paid,2607.4,TXN151189344
PAY502191,ORD102034,2026-03-05,Credit Card,Paid,3632.57,TXN638237460
PAY502192,ORD102035,2025-11-08,Net Banking,Refunded,-2114.9,TXN207489335
PAY502193,ORD102036,2025-12-27,Net Banking,Paid,2573.2,TXN814402061
PAY502194,ORD102037,2026-05-01,Debit Card,Failed,0.0,TXN998783681
PAY502195,ORD102038,2026-03-06,UPI,Refunded,-1312.5,TXN459376994
PAY502196,ORD102039,2026-01-29,PayPal,Failed,0.0,TXN795947180
PAY502197,ORD102039,2026-01-29,PayPal,Paid,5489.26,TXN254844448
PAY502198,ORD102040,2025-12-28,Debit Card,Paid,1326.48,TXN137978369
PAY502199,ORD102041,2026-03-23,UPI,Paid,2517.62,TXN336514766
PAY502200,ORD102042,2025-04-24,UPI,Failed,0.0,
PAY502201,ORD102042,2025-04-24,UPI,Paid,658.52,TXN581696059
PAY502202,ORD102043,2026-05-26,UPI,Paid,2242.44,TXN221138784
PAY502203,ORD102044,2025-06-16,Credit Card,Failed,0.0,TXN200169740
PAY502204,ORD102044,2025-06-16,Credit Card,Paid,723.73,TXN661551217
PAY502205,ORD102045,2025-11-01,Debit Card,Paid,1422.81,TXN443906078
PAY502206,ORD102046,2025-10-31,PayPal,Paid,2573.2,TXN126920267
PAY502207,ORD102047,2026-04-10,Cash on Delivery,Paid,889.66,TXN918552112
PAY502208,ORD102048,2026-03-09,Credit Card,Paid,4036.19,TXN569009578
PAY502209,ORD102049,2026-03-30,UPI,Paid,338.51,TXN223138295
PAY502210,ORD102050,2025-10-28,Cash on Delivery,Paid,1877.93,TXN855343652
PAY502211,ORD102051,2025-01-03,Cash on Delivery,Paid,2315.88,TXN757269684
PAY502212,ORD102052,2025-11-05,UPI,Paid,1326.48,TXN563087621
PAY502213,ORD102053,2025-07-26,Cash on Delivery,Paid,1326.48,TXN420673218
PAY502214,ORD102054,2025-02-03,Cash on Delivery,Refunded,-693.18,TXN185865521
PAY502215,ORD102054,2025-02-06,Cash on Delivery,Refunded,-693.18,TXN442433079
PAY502216,ORD102055,2026-01-05,UPI,Paid,666.92,TXN575061736
PAY502217,ORD102056,2025-02-21,Credit Card,Paid,1057.45,TXN900944870
PAY502218,ORD102057,2025-09-01,UPI,Failed,0.0,TXN595522074
PAY502219,ORD102058,2025-08-22,Net Banking,Paid,9815.88,TXN602019929
PAY502220,ORD102059,2025-11-12,Cash on Delivery,Paid,843.16,TXN997942773
PAY502221,ORD102060,2025-12-07,Credit Card,Paid,589.2,TXN863065927
PAY502222,ORD102061,2026-05-03,Net Banking,Partially Refunded,1042.15,TXN750328384
PAY502223,ORD102062,2025-07-07,Debit Card,Pending,2102.28,TXN834045119
PAY502224,ORD102063,2025-07-17,UPI,Paid,5146.4,TXN516287974
PAY502225,ORD102064,2025-02-12,Cash on Delivery,Paid,2315.88,TXN855266187
PAY502226,ORD102065,2025-03-26,Cash on Delivery,Paid,3794.39,TXN898564165
PAY502227,ORD102066,2026-04-01,UPI,Refunded,-575.18,TXN986526011
PAY502228,ORD102067,2025-09-19,UPI,Paid,494.26,TXN593139336
PAY502229,ORD102068,2026-04-11,Credit Card,Paid,2205.35,TXN661460620
PAY502230,ORD102069,2025-02-12,Debit Card,Failed,0.0,TXN201457513
PAY502231,ORD102070,11-Sep-2025,Cash on Delivery,Paid,630.68,TXN245065789
PAY502232,ORD102071,2026-04-16,Credit Card,Paid,3994.09,TXN478368280
PAY502233,ORD102072,2025-03-29,UPI,Paid,2079.54,TXN721512791
PAY502234,ORD102073,2025-12-16,Credit Card,Paid,8072.38,TXN795533538
PAY502235,ORD102074,2025-11-27,UPI,Paid,1260.16,TXN654039774
PAY502236,ORD102075,2025-10-29,Cash on Delivery,Paid,338.51,TXN151980257
PAY502237,ORD102076,,Debit Card,Paid,1057.45,TXN386474832
PAY502238,ORD102077,2025-08-19,UPI,Paid,1057.45,TXN961445348
PAY502239,ORD102078,2025-09-01,Debit Card,Refunded,1260.16,TXN632572542
PAY502240,ORD102079,2026-02-16,Cash on Delivery,Paid,666.92,TXN987449364
PAY502241,ORD102080,2025-10-23,Cash on Delivery,Paid,2362.5,TXN516710093
PAY502242,ORD102081,2025-02-17,Credit Card,Failed,0.0,TXN482927716
PAY502243,ORD102081,2025-02-17,Credit Card,Paid,988.52,TXN489257833
PAY502244,ORD102082,2025-10-17,Cash on Delivery,Paid,211.8,TXN147082823
PAY502245,ORD102083,2025-02-05,UPI,Paid,693.18,TXN450836028
PAY502246,ORD102084,2026-06-30,Credit Card,Paid,15976.36,TXN198816067
PAY502247,ORD102085,2025-09-14,Cash on Delivery,Paid,1057.45,TXN299241997
PAY502248,ORD102086,2026-01-11,Credit Card,Refunded,-2744.63,TXN342528590
PAY502249,ORD102087,2025-11-12,UPI,Paid,474.27,TXN569063419
PAY502250,ORD102088,09-07-2025,Cash on Delivery,Paid,4036.19,TXN636289399
PAY502251,ORD102089,2025-11-05,Debit Card,Paid,3394.98,TXN514631523
PAY502252,ORD102090,2025-07-30,Credit Card,Paid,693.18,TXN371089999
PAY502253,ORD102091,2025-12-17,Net Banking,Refunded,-356.33,TXN489495114
PAY502254,ORD102091,2025-12-19,Net Banking,Partially Refunded,160.35,
PAY502255,ORD102092,2025-04-08,Debit Card,Paid,10906.53,TXN223289754
PAY502256,ORD102093,2025-11-24,Cash on Delivery,Paid,2332.94,TXN768496332
PAY502257,ORD102094,2026-05-24,UPI,Paid,1447.46,TXN750688016
PAY502258,ORD102095,2025-09-11,Net Banking,Paid,1053.94,TXN801413667
PAY502259,ORD102096,2025-07-29,Credit Card,Paid,3994.09,TXN115401136
PAY502260,ORD102097,2025-02-28,UPI,Paid,1596.24,TXN697831007
PAY502261,ORD102098,2025-04-30,UPI,Paid,2573.2,TXN451851734
PAY502262,ORD102099,2025-10-07,Net Banking,Paid,2187.22,TXN414059323
PAY502263,ORD102100,2026-05-07,Net Banking,Paid,13037.0,TXN490764600
PAY502264,ORD102101,2026-01-13,Debit Card,Paid,494.26,TXN214647667
PAY502265,ORD102102,2026-01-19,Net Banking,Failed,0.0,TXN944782317
PAY502266,ORD102103,2025-07-02,Net Banking,Paid,1326.48,TXN647731887
PAY502267,ORD102104,2026-04-09,Net Banking,Paid,1061.18,TXN687274472
PAY502268,ORD102105,2025-11-29,Cash on Delivery,Paid,167.41,TXN461881392
PAY502269,ORD102106,2025-02-02,Debit Card,Refunded,-1398.68,TXN933609505
PAY502270,ORD102107,2025-11-19,Net Banking,Paid,459.87,TXN254378611
PAY502271,ORD102108,2026-02-12,Cash on Delivery,Paid,2744.63,TXN176472563
PAY502272,ORD102109,2025-02-16,Credit Card,Paid,575.18,TXN952648958
PAY502273,ORD102110,2026-05-09,Debit Card,Paid,546.42,TXN575636567
PAY502274,ORD102111,2025-12-29,UPI,Paid,1482.78,TXN976732269
PAY502275,ORD102112,2025-07-23,Net Banking,Paid,2607.4,TXN473869142
PAY502276,ORD102113,2025-09-20,Credit Card,Paid,1386.36,TXN193007437
PAY502277,ORD102114,11/06/2025,UPI,Paid,2315.88,TXN777280881
PAY502278,ORD102115,2025-12-01,Cash on Delivery,Paid,3394.98,TXN488659934
PAY502279,ORD102116,2025-10-30,PayPal,Paid,2652.96,TXN356178981
PAY502280,ORD102117,2025-09-27,Credit Card,Paid,494.26,TXN674463463
PAY502281,ORD102118,,Credit Card,Paid,1001.24,TXN423710618
PAY502282,ORD102119,2026-03-19,Credit Card,Paid,3994.09,TXN637242598
PAY502283,ORD102120,2025-07-24,Cash on Delivery,Paid,1326.48,TXN639141210
PAY502284,ORD102121,2025-01-20,Credit Card,Paid,1260.16,TXN191820369
PAY502285,ORD102122,2025-06-01,UPI,Paid,1398.68,TXN192672480
PAY502286,ORD102123,2025-07-31,PayPal,Paid,3090.18,TXN828959977
PAY502287,ORD102124,2025-08-21,Credit Card,Paid,494.26,TXN675544905
PAY502288,ORD102125,2026-02-26,UPI,Paid,5489.26,TXN908238094
PAY502289,ORD102126,2025-12-08,UPI,Paid,629.87,TXN337229178
PAY502290,ORD102127,2025-12-30,Cash on Delivery,Paid,3994.09,TXN512092100
PAY502291,ORD102128,2025-11-16,Cash on Delivery,Paid,840.24,TXN993308375
PAY502292,ORD102129,2025-10-05,Cash on Delivery,Failed,0.0,TXN237578513
PAY502293,ORD102130,2025-05-21,COD,Paid,2185.68,TXN269148781
PAY502294,ORD102131,2025-10-26,Cash on Delivery,Paid,8233.89,TXN704664182
PAY502295,ORD102132,2026-02-17,Credit Card,Paid,1193.83,TXN366454391
PAY502296,ORD102133,2025-07-12,Debit Card,Pending,546.42,TXN953625130
PAY502297,ORD102134,2025-05-27,UPI,Paid,2573.2,TXN203558843
PAY502298,ORD102135,2025-10-17,Debit Card,Paid,542.24,TXN886067498
PAY502299,ORD102136,2026-01-13,UPI,Refunded,-2185.68,TXN192557949
PAY502300,ORD102136,2026-01-14,UPI,Paid,2185.68,TXN858697645
PAY502301,ORD102137,2026-05-21,Cash on Delivery,Paid,651.36,TXN910471029
PAY502302,ORD102138,2025-08-21,Credit Card,Paid,895.84,TXN303177854
PAY502303,ORD102139,2026-05-05,UPI,Paid,3994.09,TXN900609822
PAY502304,ORD102140,2026-01-05,UPI,Paid,3494.72,TXN775503015
PAY502305,ORD102141,2025-06-11,Credit Card,Paid,271.12,TXN493247385
PAY502306,ORD102142,2026-05-20,UPI,Paid,1152.25,TXN572340585
PAY502307,ORD102143,2026-06-26,Credit Card,Paid,1057.45,TXN505274554
PAY502308,ORD102144,2025-06-27,Debit Card,Paid,1181.25,TXN641108059
PAY502309,ORD102145,2026-04-28,UPI,Paid,7988.18,TXN852726453
PAY502310,ORD102146,2025-09-14,Debit Card,Paid,658.52,TXN416442401
PAY502311,ORD102147,2025-03-06,Debit Card,Paid,2744.63,TXN392424815
PAY502312,ORD102148,2025-12-31,Credit Card,Pending,136.99,TXN671201884
PAY502313,ORD102149,2026-05-13,PayPal,Paid,6543.92,TXN566034701
PAY502314,ORD102150,2025-04-01,UPI,Paid,2573.2,TXN854041950
PAY502315,ORD102151,2025-12-13,UPI,Paid,741.02,TXN984949898
PAY502316,ORD102152,2025-07-01,COD,Failed,0.0,TXN287513719
PAY502317,ORD102153,2026-01-10,Credit Card,Paid,526.97,TXN220700496
PAY502318,ORD102154,2026-06-09,UPI,Failed,0.0,TXN846179338
PAY502319,ORD102154,2026-06-06,UPI,Paid,693.18,TXN216138427
PAY502320,ORD102155,2025-10-16,UPI,Paid,11982.27,TXN809166879
PAY502321,ORD102156,2025-02-23,Cash on Delivery,Paid,2493.76,TXN645172567
PAY502322,ORD102157,2026-04-24,Debit Card,Paid,469.55,TXN732373847
PAY502323,ORD102158,2026-04-13,Cash on Delivery,Paid,1326.48,TXN551649515
PAY502324,ORD102159,2025-09-23,Net Banking,Paid,9686.85,TXN626535217
PAY502325,ORD102160,2026-04-12,Cash on Delivery,Paid,1725.54,TXN922390133
PAY502326,ORD102161,2025-12-06,UPI,Paid,2362.5,TXN730269056
PAY502327,ORD102162,2026-01-12,Cash on Delivery,Paid,575.18,TXN674811150
PAY502328,ORD102163,2025-10-01,Debit Card,Paid,6947.64,TXN248843075
PAY502329,ORD102164,2025-11-16,Cash on Delivery,Paid,554.54,TXN674137679
PAY502330,ORD102165,2026-01-04,UPI,Paid,3465.9,TXN259664060
PAY502331,ORD102166,2025-08-14,Net Banking,Failed,0.0,TXN395097798
PAY502332,ORD102166,2025-08-15,Net Banking,Paid,575.18,TXN270661929
PAY502333,ORD102167,2025-02-05,UPI,Paid,10906.53,TXN853113032
PAY502334,ORD102168,2025-12-01,UPI,Failed,0.0,TXN702065169
PAY502335,ORD102168,2025-12-01,UPI,Paid,1552.98,TXN237617319
PAY502336,ORD102169,2025-04-11,UPI,Paid,1623.06,TXN880580573
PAY502337,ORD102170,2026-06-17,UPI,Paid,2573.2,TXN697139355
PAY502338,ORD102171,2026-03-11,Cash on Delivery,Paid,2573.2,TXN274769544
PAY502339,ORD102172,2025-09-27,UPI,Refunded,-1092.84,TXN519743757
PAY502340,ORD102173,2025-04-18,UPI,Paid,693.18,TXN612146779
PAY502341,ORD102174,2025-01-06,UPI,Paid,2444.54,TXN797685348
PAY502342,ORD102175,2025-07-06,Net Banking,Paid,2171.19,TXN894128734
PAY502343,ORD102176,2026-02-07,UPI,Paid,3271.96,TXN889390512
PAY502344,ORD102177,2025-12-10,UPI,Paid,1572.62,TXN887977273
PAY502345,ORD102178,2026-01-02,Credit Card,Paid,1260.16,TXN665957862
PAY502346,ORD102179,2025-01-11,Net Banking,Paid,542.24,TXN345664546
PAY502347,ORD102180,2025-05-08,Credit Card,Paid,1623.06,TXN949103287
PAY502348,ORD102181,2026-04-27,Cash on Delivery,Paid,3430.76,TXN588614485
PAY502349,ORD102182,2025-01-14,Credit Card,Failed,0.0,TXN383630029
PAY502350,ORD102183,2026-07-03,Debit Card,Paid,1877.93,TXN526654480
PAY502351,ORD102184,2025-02-21,Credit Card,Paid,988.52,TXN893495413
PAY502352,ORD102185,2025-12-28,UPI,Paid,700.76,TXN913422506
PAY502353,ORD102186,2025-08-19,Cash on Delivery,Paid,2383.9,TXN844227104
PAY502354,ORD102187,2026-04-02,UPI,Paid,2107.88,TXN105778878
PAY502355,ORD102188,2025-08-17,UPI,Paid,1747.36,TXN411400332
PAY502356,ORD102189,2026-06-02,Cash on Delivery,Paid,1623.06,TXN161706328
PAY502357,ORD102190,2025-08-31,Debit Card,Paid,7719.6,TXN953519515
PAY502358,ORD102191,2025-11-02,Net Banking,Paid,526.97,TXN191124634
PAY502359,ORD102192,2025-08-09,Credit Card,Paid,630.68,TXN301661195
PAY502360,ORD102193,2025-08-24,Cash on Delivery,Paid,554.54,TXN827464497
PAY502361,ORD102194,2025-03-26,CC,Paid,5214.8,TXN716680137
PAY502362,ORD102195,2025-11-09,UPI,Failed,0.0,TXN188198160
PAY502363,ORD102195,2025-11-09,UPI,Paid,5242.08,TXN222239408
PAY502364,ORD102196,2026-01-21,PayPal,Paid,2517.62,TXN774396972
PAY502365,ORD102197,2025-02-28,Credit Card,Paid,1127.51,TXN577545191
PAY502366,ORD102198,2025-12-14,UPI,Paid,9815.88,TXN845433203
PAY502367,ORD102199,2025-12-19,Debit Card,Paid,8233.89,TXN702375070
PAY502368,ORD102200,2025-06-30,UPI,Paid,741.02,TXN441394286
PAY502369,ORD102201,2026-03-20,UPI,Paid,1326.48,TXN200089719
PAY502370,ORD102201,2026-03-19,UPI,Paid,1326.48,TXN870373280
PAY502371,ORD102202,2025-12-05,UPI,Paid,,TXN934191717
PAY502372,ORD102203,2025-11-18,UPI,Refunded,-3453.73,TXN712123211
PAY502373,ORD102203,2025-11-17,UPI,Paid,3453.73,TXN361958143
PAY502374,ORD102204,2025-05-26,UPI,Paid,494.26,TXN735261584
PAY502375,ORD102205,2026-01-10,Net Banking,Paid,889.66,TXN977502866
PAY502376,ORD102206,2025-05-24,Credit Card,Paid,513.97,TXN920968114
PAY502377,ORD102207,2025-12-01,Net Banking,Paid,651.36,TXN860290611
PAY502378,ORD102208,2025-05-14,UPI,Paid,575.18,TXN491052283
PAY502379,ORD102209,2025-01-22,UPI,Paid,2652.96,TXN763604370
PAY502380,ORD102210,2026-02-15,Debit Card,Failed,0.0,TXN509998489
PAY502381,ORD102211,2026-06-07,UPI,Paid,1082.04,TXN269312493
PAY502382,ORD102212,2025-06-12,UPI,Paid,2495.44,TXN687950470
PAY502383,ORD102213,2025-10-28,UPI,Paid,2573.2,TXN822777133
PAY502384,ORD102214,2025-03-14,Credit Card,Failed,0.0,TXN113984442
PAY502385,ORD102215,2026-02-26,Credit Card,Paid,1328.75,TXN265594808
PAY502386,ORD102216,2025-01-28,Debit Card,Paid,3794.39,TXN936318253
PAY502387,ORD102217,2025-08-17,UPI,Paid,11982.27,TXN874255568
PAY502388,ORD102218,2026-05-14,Net Banking,Paid,651.36,TXN488451178
PAY502389,ORD102219,20/07/2025,Net Banking,Paid,494.26,TXN472221345
PAY502390,ORD102220,2026-06-27,Debit Card,Paid,693.18,TXN505576692
PAY502391,ORD102221,2025-06-29,UPI,Paid,3994.09,TXN536402820
PAY502392,ORD102222,2025-09-29,UPI,Refunded,-7271.02,TXN544372061
PAY502393,ORD102223,2026-01-29,Cash on Delivery,Partially Refunded,189.05,TXN414046823
PAY502394,ORD102224,2026-01-26,UPI,Paid,526.97,TXN854289733
PAY502395,ORD102225,2025-06-16,Cash on Delivery,Pending,494.26,TXN326749561
PAY502396,ORD102226,2025-12-09,Credit Card,Paid,3195.27,TXN611539697
PAY502397,ORD102227,2025-04-24,PayPal,Paid,1057.45,TXN585815043
PAY502398,ORD102228,2025-12-12,Credit Card,Paid,1326.48,TXN892610967
PAY502399,ORD102229,2026-01-03,Cash on Delivery,Paid,1386.36,TXN588746347
PAY502400,ORD102230,2025-04-13,UPI,Paid,1977.04,TXN903861432
PAY502401,ORD102231,2025-11-22,Cash on Delivery,Failed,0.0,TXN374489545
PAY502402,ORD102232,2026-01-13,Net Banking,Paid,1398.68,TXN816225166
PAY502403,ORD102233,2025-07-08,UPI,Pending,1247.72,TXN815341954
PAY502404,ORD102234,2025-04-17,UPI,Paid,1312.5,TXN366579858
PAY502405,ORD102235,2025/12/22,Debit Card,Failed,0.0,TXN601589987
PAY502406,ORD102236,2025-11-17,Net Banking,Paid,1623.06,TXN899443222
PAY502407,ORD102237,2026-04-18,Debit Card,Paid,1326.48,TXN133360119
PAY502408,ORD102238,2025-11-25,upi,Paid,3153.4,TXN667534445
PAY502409,ORD102239,2025-02-12,Credit Card,Paid,271.12,TXN552995691
PAY502410,ORD102239,2025-02-10,Credit Card,Paid,271.12,TXN131337385
PAY502411,ORD102240,2026-03-06,UPI,Paid,10784.04,TXN586580711
PAY502412,ORD102241,2025-06-28,UPI,Paid,1877.93,TXN817506175
PAY502413,ORD102242,2026-04-15,UPI,Paid,1482.04,TXN688535458
PAY502414,ORD102243,2025-09-19,UPI,Paid,161.17,TXN519715337
PAY502415,ORD102244,2025-01-06,UPI,Paid,271.12,TXN149896186
PAY502416,ORD102245,2025-11-06,UPI,Paid,2607.4,TXN804328041
PAY502417,ORD102246,13-Jul-2025,UPI,Paid,4196.04,TXN645494615
PAY502418,ORD102247,2025-12-14,Credit Card,Paid,1258.81,TXN377508058
PAY502419,ORD102248,2025-10-24,Credit Card,Paid,1690.14,TXN752482850
PAY502420,ORD102249,2026-01-17,UPI,Paid,541.02,TXN465968153
PAY502421,ORD102250,2025-06-17,PayPal,Paid,4036.19,TXN647783738
PAY502422,ORD102251,2026-04-29,Cash on Delivery,Paid,7265.14,TXN312261269
PAY502423,ORD102252,2025-07-02,Cash on Delivery,Paid,1298.46,TXN430746689
PAY502424,ORD102253,2025-01-09,Net Banking,Paid,1258.81,TXN754901402
PAY502425,ORD102254,2026-05-20,UPI,Paid,1690.14,TXN174606775
PAY502426,ORD102255,2026-05-08,PayPal,Paid,7988.18,TXN734963999
PAY502427,ORD102256,2026-03-12,UPI,Paid,4631.76,TXN783756790
PAY502428,ORD102257,2026-03-05,Credit Card,Paid,666.92,TXN424775722
PAY502429,ORD102258,2025-03-20,UPI,Paid,4196.04,TXN533836947
PAY502430,ORD102259,2026-03-06,PayPal,Pending,494.26,TXN330223085
PAY502431,ORD102260,2025-07-15,UPI,Paid,526.97,TXN426678986
PAY502432,ORD102261,2025-05-16,UPI,Paid,2625.0,TXN798757365
PAY502433,ORD102262,2026-03-04,UPI,Paid,541.02,TXN966876767
PAY502434,ORD102263,2025-08-19,UPI,Paid,658.52,TXN190493573
PAY502435,ORD102264,2025-10-19,Credit Card,Paid,3635.51,TXN775866694
PAY502436,ORD102265,2025-04-26,Net Banking,Paid,8736.8,TXN270899284
PAY502437,ORD102266,2026-01-27,Credit Card,Paid,7588.78,TXN754180261
PAY502438,ORD102267,2025-12-11,UPI,Paid,976.04,TXN474369798
PAY502439,ORD102268,2026-06-27,Net Banking,Paid,372.02,TXN574626870
PAY502440,ORD102269,2026-01-31,UPI,Failed,0.0,TXN836164060
PAY502441,ORD102270,02-07-2025,UPI,Paid,3494.72,TXN416178067
PAY502442,ORD102271,2025-02-12,UPI,Paid,3090.18,TXN726788194
PAY502443,ORD102272,2025-07-12,Cash on Delivery,Paid,2573.2,TXN999934422
PAY502444,ORD102273,2025-12-12,Cash on Delivery,Paid,5146.4,TXN873536217
PAY502445,ORD102274,2025-09-19,PayPal,Failed,0.0,TXN920755159
PAY502446,ORD102274,2025-09-19,PayPal,Paid,1082.04,TXN366798580
PAY502447,ORD102275,2025-12-16,Net Banking,Failed,0.0,TXN280159294
PAY502448,ORD102275,2025-12-15,Net Banking,Paid,186.01,TXN493408159
PAY502449,ORD102276,2025-08-18,PayPal,Paid,700.76,TXN403778714
PAY502450,ORD102277,2025-11-06,Net Banking,Paid,5633.79,TXN832360089
PAY502451,ORD102278,2025-03-15,Credit Card,Paid,772.68,TXN248678496
PAY502452,ORD102279,2025-12-04,UPI,Paid,3271.96,TXN183352453
PAY502453,ORD102280,2026-02-20,Debit Card,Paid,1053.94,TXN798774966
PAY502454,ORD102281,2025-04-06,UPI,Paid,741.02,TXN860138863
PAY502455,ORD102282,2026-04-30,Cash on Delivery,Paid,459.87,TXN946171978
PAY502456,ORD102283,2026-01-29,Credit Card,Paid,723.73,TXN559283106
PAY502457,ORD102284,2026-04-25,PayPal,Paid,2114.9,TXN302946978
PAY502458,ORD102285,2025-12-12,Net Banking,Paid,6294.05,TXN928879073
PAY502459,ORD102286,2025/07/01,Credit Card,Failed,0.0,TXN995186010
PAY502460,ORD102286,2025-07-01,Credit Card,Paid,546.42,TXN702822608
PAY502461,ORD102287,2025-04-17,Net Banking,Paid,6789.96,TXN708798773
PAY502462,ORD102288,2026-05-29,Credit Card,Paid,813.36,TXN389400371
PAY502463,ORD102289,2025-01-21,Credit Card,Paid,1178.4,TXN863058580
PAY502464,ORD102290,2025-02-02,Cash on Delivery,Paid,2744.63,TXN868032977
PAY502465,ORD947286,2025-10-15,Credit Card,Paid,4979.97,TXN346424367
PAY502466,ORD102292,2026-03-26,Debit Card,Paid,1482.78,TXN984750825
PAY502467,ORD102293,2025-08-30,UPI,Refunded,-1398.68,TXN326757751
PAY502468,ORD102294,2025-12-05,PayPal,Failed,0.0,TXN137244258
PAY502469,ORD102294,2025-12-02,PayPal,Paid,1596.24,TXN934836859
PAY502470,ORD102295,2026-05-13,Debit Card,Paid,1247.72,TXN431779786
PAY502471,ORD102296,2025-11-12,Net Banking,Pending,1053.94,TXN347354762
PAY502472,ORD102297,2025-05-25,UPI,Paid,1659.99,TXN441809990
PAY502473,ORD102298,09-Jun-2025,Credit Card,Paid,3568.06,TXN363587484
PAY502474,ORD102299,2025-12-03,UPI,Failed,0.0,TXN607542941
PAY502475,ORD102299,2025-12-05,UPI,Paid,1690.14,TXN677939771
PAY502476,ORD102300,22-Mar-2026,Cash on Delivery,Paid,3994.09,TXN654684709
PAY502477,ORD102301,2026-07-01,Cash on Delivery,Paid,176.71,TXN343711961
PAY502478,ORD102302,2026-01-22,UPI,Paid,4229.8,TXN552494279
PAY502479,ORD102303,2025-05-29,Credit Card,Paid,1150.36,TXN131319021
PAY502480,ORD102304,2025-07-24,PayPal,Paid,1331.44,TXN323716743
PAY502481,ORD102305,2025-11-20,Net Banking,Refunded,-433.8,TXN397311499
PAY502482,ORD102306,2025-09-10,Cash on Delivery,Pending,2744.63,TXN122598154
PAY502483,ORD102307,2025-10-20,UPI,Paid,1659.99,TXN658449684
PAY502484,ORD102308,2025-07-18,Debit Card,Failed,0.0,TXN349931395
PAY502485,ORD102309,2025-09-17,UPI,Paid,1004.58,TXN788862850
PAY502486,ORD102310,2025-02-10,PayPal,Paid,1124.73,TXN694440840
PAY502487,ORD102311,2025-11-30,Credit Card,Paid,244.01,TXN902019250
PAY502488,ORD102312,2025-08-22,Cash on Delivery,Paid,712.66,TXN526441266
PAY502489,ORD102313,2025/02/03,upi,Paid,693.18,TXN897234598
PAY502490,ORD102314,2025-06-06,UPI,Pending,530.13,TXN634810381
PAY502491,ORD102315,2025-05-03,Net Banking,Pending,1246.88,TXN571400635
PAY502492,ORD102316,2025-10-05,Credit Card,Paid,629.87,TXN701441028
PAY502493,ORD102317,2025-08-10,Debit Card,Paid,2315.88,TXN703519875
PAY502494,ORD102318,2025-12-01,Credit Card,Paid,459.87,TXN389304984
PAY502495,ORD102319,2026-05-24,UPI,Paid,1541.91,TXN594367284
PAY502496,ORD102320,2025-06-06,UPI,Paid,1386.36,TXN116475999
PAY502497,ORD102321,2025-12-13,Credit Card,Paid,420.12,TXN478427357
PAY502498,ORD102322,2026-06-08,Net Banking,Paid,793.92,TXN852293340
PAY502499,ORD102323,2025-05-22,Credit Card,Paid,741.02,TXN911213746
PAY502500,ORD102324,2025-01-21,Credit Card,Paid,5594.72,TXN185910057
PAY502501,ORD102325,2025-01-26,UPI,Pending,3979.44,TXN470797589
PAY502502,ORD102326,2025-11-08,credit card,Failed,0.0,TXN935937341
PAY502503,ORD102327,2026-03-02,PayPal,Failed,0.0,TXN437142577
PAY502504,ORD102328,2025-10-19,Debit Card,Paid,541.02,TXN662515398
PAY502505,ORD102329,2025-10-01,PayPal,Paid,2573.2,TXN928772619
PAY502506,ORD102330,2026-04-27,UPI,Paid,1084.48,TXN790749927
PAY502507,ORD102331,2026-02-12,UPI,Paid,3794.39,TXN930531544
PAY502508,ORD102332,2025-04-02,UPI,Paid,526.97,TXN787865544
PAY502509,ORD102333,2025-10-11,Credit Card,Paid,4510.04,TXN915554318
PAY502510,ORD102334,2025-12-12,Cash on Delivery,Paid,790.82,TXN458794322
PAY502511,ORD102335,2025-09-16,UPI,Paid,623.86,TXN848625667
PAY502512,ORD102336,2025-01-04,UPI,Paid,513.97,TXN345481527
PAY502513,ORD102337,,Cash on Delivery,Refunded,-5489.26,TXN783129846
PAY502514,ORD102338,2026-02-11,Credit Card,Paid,3635.51,TXN987909960
PAY502515,ORD102339,2025-06-11,Credit Card,Paid,1324.39,TXN110062320
PAY502516,ORD102340,2025-07-08,Cash on Delivery,Paid,898.83,TXN911429105
PAY502517,ORD102341,2025-03-23,UPI,Paid,2573.2,TXN655569335
PAY502518,ORD102342,2025-08-27,UPI,Paid,176.71,TXN116160704
PAY502519,ORD102343,2026-04-17,Cash on Delivery,Paid,494.26,TXN867400285
PAY502520,ORD102344,2025-08-06,Credit Card,Paid,3566.64,TXN742243839
PAY502521,ORD102345,2026-03-09,UPI,Refunded,-3635.51,TXN984215788
PAY502522,ORD102346,2025-04-14,UPI,Paid,1784.03,TXN379013628
PAY502523,ORD102347,2026-01-15,UPI,Paid,3994.09,TXN607774537
PAY502524,ORD102348,2025-03-08,UPI,Paid,3780.48,TXN831127933
PAY502525,ORD102349,2025-01-27,Cash on Delivery,Paid,2744.63,TXN872385740
PAY502526,ORD102350,2025-04-22,Debit Card,Paid,1725.54,TXN804988953
PAY502527,ORD102351,2025-01-02,UPI,Paid,1331.44,TXN338536739
PAY502528,ORD102352,2026-01-12,Net Banking,Paid,517.66,TXN119796373
PAY502529,ORD102353,2026-02-26,UPI,Paid,1326.48,TXN235108579
PAY502530,ORD102354,2025-10-18,Credit Card,Paid,444.83,TXN847049075
PAY502531,ORD102355,2025-04-21,UPI,Paid,575.18,TXN241395148
PAY502532,ORD102356,,PayPal,Paid,10906.53,TXN639879599
PAY502533,ORD102357,2025-01-02,Net Banking,Paid,1312.5,TXN942365387
PAY502534,ORD102358,2025-07-07,UPI,Refunded,-447.92,TXN878296065
PAY502535,ORD102359,2025-02-18,UPI,Refunded,-1328.75,TXN115873796
PAY502536,ORD102360,2025-06-22,PayPal,Paid,1460.76,TXN479423487
PAY502537,ORD102361,2025-08-31,PayPal,Paid,1326.48,TXN364258330
PAY502538,ORD102362,2025-06-01,UPI,Paid,3994.09,TXN678542931
PAY502539,ORD102363,2025-02-09,PayPal,Paid,11982.27,TXN664276598
PAY502540,ORD102364,2025-08-31,Net Banking,Paid,575.18,TXN335913906
PAY502541,ORD102365,04-05-2026,Debit Card,Pending,677.02,TXN830220811
PAY502542,ORD102366,2025-07-04,Net Banking,Refunded,-3319.98,TXN559834643
PAY502543,ORD102367,2025-09-12,Cash on Delivery,Paid,541.02,TXN490474147
PAY502544,ORD102368,2025-04-05,UPI,Paid,2573.2,TXN129599432
PAY502545,ORD102369,2026-05-27,Cash on Delivery,Paid,459.87,TXN285655776
PAY502546,ORD102370,2025-06-03,UPI,Paid,271.12,TXN103261556
PAY502547,ORD102371,2026-06-19,UPI,Paid,1057.45,TXN620639457
PAY502548,ORD102372,2026-05-14,UPI,Paid,1324.39,TXN878889187
PAY502549,ORD102373,2025-05-30,UPI,Paid,2520.32,TXN233725359
PAY502550,ORD102374,2025-11-18,UPI,Failed,0.0,TXN248518303
PAY502551,ORD102375,2025-02-05,UPI,Paid,700.76,TXN755381055
PAY502552,ORD102376,2025-12-04,Net Banking,Paid,687.54,TXN690189811
PAY502553,ORD102377,2025-05-01,UPI,Paid,374.91,TXN294774730
PAY502554,ORD102378,2025-01-28,Credit Card,Paid,3635.51,TXN809869680
PAY502555,ORD102379,2025-02-12,UPI,Paid,2797.36,TXN297301369
PAY502556,ORD102380,2025-03-30,Debit Card,Refunded,-1004.58,TXN613206277
PAY502557,ORD102381,2026-02-01,UPI,Paid,2573.2,TXN335219119
PAY502558,ORD102382,2026-04-30,UPI,Refunded,-1659.99,TXN613859492
PAY502559,ORD102383,2025-09-26,Cash on Delivery,Paid,1977.04,TXN588303261
PAY502560,ORD102384,2026-04-24,Debit Card,Paid,575.18,TXN305564273
PAY502561,ORD102385,2026-03-26,UPI,Paid,1767.6,TXN481540880
PAY502562,ORD102386,2026-02-03,Credit Card,Paid,1398.68,TXN746922083
PAY502563,ORD102387,2026-05-09,Credit Card,Paid,1482.78,TXN320411400
PAY502564,ORD102388,2026-03-24,UPI,Paid,395.41,TXN120452358
PAY502565,ORD102389,2025-07-30,Debit Card,Failed,0.0,TXN668974421
PAY502566,ORD102389,2025-07-31,Debit Card,Paid,5633.79,TXN605059488
PAY502567,ORD102390,2025-06-14,UPI,Paid,700.76,TXN408309644
PAY502568,ORD102391,2025-04-24,Credit Card,Paid,474.27,TXN988963457
PAY502569,ORD102392,2026-06-24,Credit Card,Pending,1398.68,TXN888205523
PAY502570,ORD102393,2025-08-02,UPI,Paid,3635.51,TXN496614937
PAY502571,ORD102394,2026-01-02,PayPal,Paid,2332.94,TXN723513698
PAY502572,ORD102395,2025-08-12,Cash on Delivery,Paid,3090.18,TXN208331757
PAY502573,ORD102396,2026-04-11,UPI,Pending,948.54,TXN314468876
PAY502574,ORD102397,2025-07-19,UPI,Paid,474.33,TXN995508293
PAY502575,ORD102398,2026-05-03,UPI,Paid,3994.09,TXN293241168
PAY502576,ORD102399,2026-03-12,Debit Card,Paid,895.84,TXN117887676
PAY502577,ORD102400,2025-10-25,UPI,Paid,1343.76,TXN434960633
PAY502578,ORD102401,2026-05-21,Cash on Delivery,Paid,3382.53,TXN868129092
PAY502579,ORD102402,2026-05-18,Credit Card,Paid,211.8,TXN648571703
PAY502580,ORD102403,2026-04-13,Credit Card,Paid,700.76,TXN385001822
PAY502581,ORD102404,2025-10-19,UPI,Paid,1061.18,TXN570629562
PAY502582,ORD102405,2025-08-31,Net Banking,Pending,3994.09,TXN156341037
PAY502583,ORD102406,2026-03-30,Credit Card,Paid,1258.81,TXN482219928
PAY502584,ORD102407,2026-03-01,UPI,Paid,1053.94,TXN917054562
PAY502585,ORD102408,2025-09-06,Credit Card,Paid,7719.6,TXN673348948
PAY502586,ORD102409,2026-04-04,Net Banking,Paid,1877.93,TXN226236799
PAY502587,ORD102410,2026-03-26,Net Banking,Paid,6907.46,TXN959976042
PAY502588,ORD102411,2025-03-14,Debit Card,Paid,2231.24,TXN492486894
PAY502589,ORD102412,2025-04-11,UPI,Paid,723.73,TXN222715958
PAY502590,ORD102413,2026-04-27,Debit Card,Failed,0.0,TXN920060718
PAY502591,ORD102414,2025-09-28,Credit Card,Partially Refunded,1132.35,TXN579311783
PAY502592,ORD102415,2025-02-28,Debit Card,Paid,12360.72,TXN650569185
PAY502593,ORD102416,2026-05-30,Net Banking,Paid,419.02,TXN259876433
PAY502594,ORD102417,2025-04-07,UPI,Refunded,-271.12,TXN676487770
PAY502595,ORD102418,2025-10-26,Credit Card,Paid,1326.48,TXN777154318
PAY502596,ORD102419,2026-02-19,Cash on Delivery,Refunded,-1877.93,TXN454011879
PAY502597,ORD102420,2025-09-30,Cash on Delivery,Pending,665.72,TXN903512950
PAY502598,ORD102421,2025-12-18,Credit Card,Paid,419.02,TXN199805269
PAY502599,ORD102422,2025-08-27,Cash on Delivery,Paid,3794.39,TXN462916411
PAY502600,ORD102423,2025-01-18,Debit Card,Paid,1328.75,TXN697518462
PAY502601,ORD102424,2025-09-01,Credit Card,Paid,575.18,TXN203785970
PAY502602,ORD102425,2026-02-10,Debit Card,Paid,1386.36,TXN974460326
PAY502603,ORD102426,2025-11-08,Credit Card,Paid,9270.54,TXN688520227
PAY502604,ORD102427,2026-01-03,Cash on Delivery,Paid,2797.36,TXN274938714
PAY502605,ORD102428,2025-02-13,UPI,Paid,526.97,TXN936866272
PAY502606,ORD102429,2025-10-18,UPI,Paid,3794.39,TXN539526432
PAY502607,ORD102430,2025-11-20,Credit Card,Failed,0.0,TXN353291561
PAY502608,ORD102431,2025-01-19,Cash on Delivery,Paid,8233.89,TXN488285572
PAY502609,ORD102432,2025-12-18,Cash on Delivery,Paid,3594.68,TXN422934515
PAY502610,ORD102433,2025-10-18,Credit Card,Paid,1004.58,TXN557047717
PAY502611,ORD102434,2025-01-28,UPI,Paid,2058.56,TXN902521551
PAY502612,ORD102435,2026-01-05,UPI,Paid,3494.72,TXN239223895
PAY502613,ORD102436,2026-01-11,Cash on Delivery,Refunded,-6632.4,TXN210402346
PAY502614,ORD102437,2025-08-16,UPI,Paid,526.97,TXN292798610
PAY502615,ORD102438,2025-12-12,Net Banking,Paid,3594.68,TXN997987932
PAY502616,ORD102439,2025-02-21,PayPal,Paid,494.26,TXN984148673
PAY502617,ORD102440,2025-09-11,Debit Card,Paid,444.83,TXN832712723
PAY502618,ORD102441,2025-06-16,UPI,Paid,1053.94,TXN436321807
PAY502619,ORD102442,2025-03-17,Net Banking,Paid,1326.48,TXN958258210
PAY502620,ORD102443,2026-03-16,UPI,Failed,0.0,TXN334201479
PAY502621,ORD102443,2026-03-15,UPI,Paid,136.99,TXN148351534
PAY502622,ORD102444,2025-01-19,Credit Card,Paid,889.66,TXN769069367
PAY502623,ORD102445,2026-01-10,UPI,Paid,1747.36,TXN931156686
PAY502624,ORD102446,2025-05-10,Credit Card,Paid,541.02,TXN495820306
PAY502625,ORD102447,2026-01-17,Cash on Delivery,Paid,1312.5,TXN913998731
PAY502626,ORD102448,2025-11-03,UPI,Paid,4200.0,TXN687692314
PAY502627,ORD102449,2025-02-25,UPI,Paid,7333.62,TXN648599362
PAY502628,ORD102450,2025-10-03,Cash on Delivery,Failed,0.0,TXN154128418
PAY502629,ORD102450,2025-09-30,Cash on Delivery,Paid,1257.06,TXN880030779
PAY502630,ORD102451,2025-03-28,Cash on Delivery,Refunded,-4196.04,TXN963750386
PAY502631,ORD102452,2026-05-27,Cash on Delivery,Pending,186.01,TXN442823652
PAY502632,ORD102453,2025-09-14,Net Banking,Paid,469.55,TXN295392851
PAY502633,ORD102454,2025-11-16,Net Banking,Paid,666.92,TXN583061784
PAY502634,ORD102455,2025-11-03,Cash on Delivery,Paid,1127.51,TXN125986126
PAY502635,ORD102456,2025-06-23,Cash on Delivery,Paid,10184.94,TXN314010047
PAY502636,ORD102457,2025-02-26,Credit Card,Paid,666.92,TXN894950705
PAY502637,ORD102458,2025-09-07,Debit Card,Failed,0.0,TXN886606789
PAY502638,ORD102459,2025-03-16,UPI,Paid,1725.54,TXN980549120
PAY502639,ORD102460,2025-03-02,Debit Card,Failed,0.0,TXN488055767
PAY502640,ORD102461,2025-12-25,Net Banking,Paid,441.07,TXN671225444
PAY502641,ORD102462,2025-11-20,Credit Card,Paid,1157.96,TXN324852828
PAY502642,ORD102463,2025-12-13,UPI,Paid,1260.16,TXN381990016
PAY502643,ORD102464,2026-02-17,Cash on Delivery,Failed,0.0,TXN407473628
PAY502644,ORD102464,2026-02-18,Cash on Delivery,Paid,4196.04,TXN543710323
PAY502645,ORD102465,2025-04-19,UPI,Paid,3228.95,TXN271540647
PAY502646,ORD102466,2025-08-27,PayPal,Pending,1398.68,TXN164111547
PAY502647,ORD102467,2026-01-23,Net Banking,Failed,0.0,TXN297324367
PAY502648,ORD102467,2026-01-23,Net Banking,Paid,3594.68,TXN552369164
PAY502649,ORD102468,2025-12-23,Credit Card,Failed,0.0,TXN341891521
PAY502650,ORD102469,2025-05-30,Credit Card,Paid,9815.88,TXN859649538
PAY502651,ORD102470,2026-06-17,PayPal,Paid,1191.95,TXN863650718
PAY502652,ORD102471,2026-06-01,Credit Card,Paid,176.71,TXN487265133
PAY502653,ORD102472,2025-08-23,Debit Card,Paid,1057.45,TXN888730295
PAY502654,ORD102473,2025-08-27,UPI,Paid,1317.04,TXN967274568
PAY502655,ORD102474,2026-04-15,Cash on Delivery,Paid,3994.09,TXN653810310
PAY502656,ORD102475,2026-04-18,UPI,Paid,7333.62,TXN202504535
PAY502657,ORD102476,2025-04-16,Net Banking,Paid,589.2,TXN564282454
PAY502658,ORD102477,2026-04-14,UPI,Failed,0.0,TXN915468200
PAY502659,ORD102477,2026-04-13,UPI,Paid,687.54,TXN814510913
PAY502660,ORD102478,2026-04-21,Credit Card,Paid,469.55,TXN783605589
PAY502661,ORD102479,09-04-2025,Credit Card,Paid,595.65,TXN983535359
PAY502662,ORD102480,2025-08-31,Credit Card,Failed,0.0,TXN505191543
PAY502663,ORD102481,2025-07-17,Net Banking,Paid,2315.88,TXN142439821
PAY502664,ORD102482,2025-06-19,Net Banking,Paid,1877.93,TXN554606409
PAY502665,ORD102483,2025-11-28,Net Banking,Paid,3453.73,TXN163015186
PAY502666,ORD102484,2026-04-27,Credit Card,Paid,1485.26,TXN417738598
PAY502667,ORD102485,2026-06-05,Cash on Delivery,Paid,2569.85,TXN874607713
PAY502668,ORD102486,2025-01-08,UPI,Paid,494.26,TXN322205595
PAY502669,ORD102487,2025-07-02,UPI,Failed,0.0,
PAY502670,ORD102487,2025-07-02,UPI,Paid,2744.63,TXN587648498
PAY502671,ORD102488,2026-03-14,UPI ,Paid,541.02,TXN894946217
PAY502672,ORD102489,2026-05-29,UPI,Paid,2648.78,TXN751259973
PAY502673,ORD102490,2025-10-24,Cash on Delivery,Pending,2648.78,TXN112803705
PAY502674,ORD102491,2026-05-24,PayPal,Paid,2444.54,TXN703603725
PAY502675,ORD102492,2025-07-31,UPI,Paid,575.18,TXN366228782
PAY502676,ORD102493,2025-04-15,Credit Card,Paid,4374.44,TXN351446987
PAY502677,ORD102494,2025-09-08,Debit Card,Paid,2744.63,TXN381688495
PAY502678,ORD102495,2025-09-27,Credit Card,Paid,666.92,TXN827434821
PAY502679,ORD102496,2026-01-18,Debit Card,Paid,186.01,TXN546526996
PAY502680,ORD102497,2025-03-12,Net Banking,Paid,322.34,TXN723996279
PAY502681,ORD102498,2025-04-04,Net Banking,Refunded,-420.12,TXN806015918
PAY502682,ORD102499,2025-01-24,UPI,Paid,6989.44,TXN185885404
PAY502683,ORD102500,2025-01-17,Net Banking,Paid,1663.62,TXN299769349
PAY502684,ORD102501,2025-12-19,Cash on Delivery,Paid,3994.09,TXN684554710
PAY502685,ORD102502,2025-07-06,PayPal,Failed,0.0,TXN376185890
PAY502686,ORD102503,2025-11-14,Credit Card,Failed,0.0,TXN413943451
PAY502687,ORD102503,2025-11-13,Credit Card,Paid,2444.54,TXN453891911
PAY502688,ORD102504,2025-03-01,UPI,Failed,0.0,TXN930425712
PAY502689,ORD102505,2025-12-11,Net Banking,Paid,1185.64,TXN689884622
PAY502690,ORD102506,2025-04-12,Cash on Delivery,Paid,948.54,TXN859038372
PAY502691,ORD102507,2025-11-10,Cash on Delivery,Paid,356.33,TXN417125820
PAY502692,ORD102508,2025-06-02,Debit Card,Paid,2744.63,TXN692595506
PAY502693,ORD102509,26/11/2025,Debit Card,Paid,589.2,TXN768918910
PAY502694,ORD102510,2025-11-02,UPI,Paid,15976.36,TXN420705476
PAY502695,ORD102511,2025-12-22,UPI,Paid,2607.4,TXN745386535
PAY502696,ORD102512,2025-01-13,Cash on Delivery,Paid,723.73,TXN604054304
PAY502697,ORD102513,2025-06-21,Cash on Delivery,Pending,1781.65,TXN706765244
PAY502698,ORD102514,2025-11-17,PayPal,Refunded,-4036.19,TXN143858640
PAY502699,ORD102515,2025-01-06,Cash on Delivery,Partially Refunded,1699.39,TXN174903868
PAY502700,ORD102515,2025-01-07,Cash on Delivery,Refunded,-3776.43,TXN738814307
PAY502701,ORD102516,2026-03-28,Credit Card,Paid,9263.52,TXN716467244
PAY502702,ORD102517,2025-06-05,Credit Card,Paid,3632.57,TXN929988022
PAY502703,ORD102518,2025-06-27,UPI,Paid,12108.57,TXN260020886
PAY502704,ORD102519,2025-10-26,UPI,Pending,889.66,TXN479813844
PAY502705,ORD102520,2026-06-28,Net Banking,Paid,1784.03,TXN801218492
PAY502706,ORD102521,2025-09-14,UPI,Paid,1326.48,TXN734720346
PAY502707,ORD102522,2026-02-28,credit card,Failed,0.0,TXN551098158
PAY502708,ORD102523,2025-12-14,Cash on Delivery,Paid,244.01,TXN872888744
PAY502709,ORD102524,2025-11-12,UPI,Paid,2009.16,TXN875712246
PAY502710,ORD102525,2025-09-25,Debit Card,Paid,494.26,TXN885633199
PAY502711,ORD102526,2025-09-20,UPI,Paid,5489.26,TXN209045863
PAY502712,ORD102527,2025-02-18,UPI,Paid,2522.72,TXN802060522
PAY502713,ORD102528,2025-09-21,UPI,Failed,0.0,TXN265003531
PAY502714,ORD102528,2025-09-21,UPI,Paid,447.12,TXN954705571
PAY502715,ORD102529,2026-06-21,UPI,Paid,11982.27,TXN644800680
PAY502716,ORD102530,2026-04-03,UPI,Refunded,-8233.89,TXN467872265
PAY502717,ORD102531,2025-04-30,Cash on Delivery,Paid,623.86,TXN814590662
PAY502718,ORD102532,2025-11-26,Credit Card,Paid,2652.96,TXN262940580
PAY502719,ORD102533,2025-12-16,UPI,Paid,2607.4,TXN204167767
PAY502720,ORD102534,2025-11-13,Debit Card,Paid,693.18,TXN817007315
PAY502721,ORD102535,2025-08-16,Net Banking,Paid,1326.48,TXN695314837
PAY502722,ORD102536,2026-01-03,Credit Card,Paid,1447.46,TXN976454118
PAY502723,ORD102537,2025-05-12,Debit Card,Paid,1188.88,TXN961427339
PAY502724,ORD102538,2025-07-22,Credit Card,Failed,0.0,TXN510602967
PAY502725,ORD102538,2025-07-23,Credit Card,Paid,3994.09,TXN650083577
PAY502726,ORD102539,05/02/2025,UPI,Paid,5633.79,TXN148078751
PAY502727,ORD102540,2025-03-20,Debit Card,Paid,372.02,TXN908531342
PAY502728,ORD102541,2025-05-19,Cash on Delivery,Paid,741.02,TXN593327753
PAY502729,ORD102542,2025-04-18,Credit Card,Paid,1326.48,TXN272121015
PAY502730,ORD102543,2025-11-27,UPI,Paid,623.86,TXN323097537
PAY502731,ORD102544,2026-04-30,UPI,Paid,2772.72,TXN959558031
PAY502732,ORD102545,2026-06-03,Credit Card,Paid,167.41,TXN445393402
PAY502733,ORD102546,2026-01-22,Credit Card,Paid,494.26,TXN295799512
PAY502734,ORD102547,2026-04-18,PayPal,Paid,5594.72,TXN152798588
PAY502735,ORD102548,02-10-2025,Net Banking,Paid,705.99,TXN346685851
PAY502736,ORD102549,2026-03-16,UPI,Paid,4036.19,TXN491674508
PAY502737,ORD102550,2025-01-14,Net Banking,Refunded,-2079.54,TXN275128316
PAY502738,ORD102550,2025-01-16,Net Banking,Partially Refunded,935.79,TXN934954924
PAY502739,ORD102551,2026-04-26,Debit Card,Paid,6290.85,TXN880038419
PAY502740,ORD102552,2025-08-10,Cash on Delivery,Paid,3794.39,TXN457587290
PAY502741,ORD102553,2025-07-19,Cash on Delivery,Paid,5242.08,TXN760877730
PAY502742,ORD102554,2026-05-09,UPI,Paid,2652.96,TXN321578049
PAY502743,ORD102555,2025-11-15,UPI,Paid,693.18,TXN136285073
PAY502744,ORD102556,2026-05-24,UPI,Paid,2444.54,TXN472895547
PAY502745,ORD102557,2026-03-28,UPI,Failed,0.0,TXN765643824
PAY502746,ORD102557,2026-03-26,UPI,Paid,999999.0,TXN729872165
PAY502747,ORD102558,2026-06-21,Net Banking,Paid,700.76,TXN963110517
PAY502748,ORD102559,2025-01-07,Cash on Delivery,Paid,494.26,TXN625929978
PAY502749,ORD102560,2025-01-23,Credit Card,Paid,2744.63,TXN825635060
PAY502750,ORD102561,2026-05-30,Credit Card,Failed,0.0,TXN339390440
PAY502751,ORD102561,2026-05-30,Credit Card,Paid,882.14,TXN934130893
PAY502752,ORD102562,2025-09-04,Credit Card,Pending,3172.35,TXN566583178
PAY502753,ORD102563,2025-06-17,UPI,Paid,7988.18,TXN960874324
PAY502754,ORD102564,2025-02-13,Net Banking,Paid,2648.78,TXN370401333
PAY502755,ORD102565,2025-08-13,UPI,Refunded,-2315.88,TXN901183557
PAY502756,ORD102566,2026-05-15,Cash on Delivery,Paid,772.68,TXN906803879
PAY502757,ORD102567,2026-01-05,UPI,Paid,1398.68,TXN796973607
PAY502758,ORD102568,2026-02-24,UPI,Pending,271.12,TXN699458223
PAY502759,ORD102569,2025-08-15,Cash on Delivery,Paid,2573.2,TXN341822549
PAY502760,ORD102570,2025-01-10,UPI,Paid,161.17,TXN752962055
PAY502761,ORD102571,28/06/2025,Cash on Delivery,Paid,1317.04,TXN359000864
PAY502762,ORD102572,2025-08-02,Cash on Delivery,Partially Refunded,629.41,TXN816633207
PAY502763,ORD102573,2025-06-09,UPI,Paid,2573.2,TXN615990217
PAY502764,ORD102574,2025-06-08,UPI,Paid,4889.08,TXN389300715
PAY502765,ORD102575,2025-09-10,UPI,Pending,-1659.99,TXN106490598
PAY502766,ORD102576,2026-03-10,Net Banking,Refunded,-7988.18,TXN142040211
PAY502767,ORD102577,2026-05-03,UPI,Paid,3994.09,TXN262026483
PAY502768,ORD102578,2025-03-26,UPI,Paid,18177.55,TXN485922901
PAY502769,ORD102579,2025-12-05,Debit Card,Paid,396.96,TXN541769949
PAY502770,ORD102580,2026-05-01,UPI,Paid,723.73,TXN407849719
PAY502771,ORD102581,2025-05-10,UPI,Pending,1057.45,TXN705446795
PAY502772,ORD102582,2025-09-24,PayPal,Paid,1312.5,TXN107728590
PAY502773,ORD102583,2025-04-28,Debit Card,Paid,1246.88,TXN589965599
PAY502774,ORD102584,2025-10-17,Cash on Delivery,Paid,2079.54,TXN824726388
PAY502775,ORD102585,2025-11-26,Credit Card,Paid,3994.09,TXN818605659
PAY502776,ORD102586,2026-01-11,Cash on Delivery,Failed,0.0,TXN568268580
PAY502777,ORD102586,2026-01-12,Cash on Delivery,Paid,526.97,TXN922945361
PAY502778,ORD102587,2025-07-08,PayPal,Paid,1877.93,TXN304675564
PAY502779,ORD102588,2025-05-27,Cash on Delivery,Paid,2185.68,TXN883620524
PAY502780,ORD102589,2025-02-15,Cash on Delivery,Paid,2744.63,TXN512688297
PAY502781,ORD102590,2025-11-20,Cash on Delivery,Paid,1312.5,TXN265221531
PAY502782,ORD102591,2025-04-10,Credit Card,Refunded,-988.52,TXN134085753
PAY502783,ORD102592,11/11/2025,UPI,Paid,589.2,TXN370795571
PAY502784,ORD102593,2026-04-07,Debit Card,Paid,8072.38,TXN176019078
PAY502785,ORD102594,2025-11-22,Credit Card,Paid,488.02,TXN219445176
PAY502786,ORD102595,2025-09-22,UPI,Paid,271.12,TXN235087642
PAY502787,ORD102596,2025-11-20,PayPal,Paid,6907.46,TXN332777542
PAY502788,ORD102597,2025-08-21,UPI,Paid,1398.68,TXN426101214
PAY502789,ORD102598,2025-12-28,Credit Card,Paid,7719.6,TXN841690171
PAY502790,ORD102599,2025-09-12,PayPal,Paid,3635.51,TXN141028362
PAY502791,ORD102600,2025-06-08,Cash on Delivery,Paid,693.18,TXN881385353
PAY502792,ORD102601,2025-04-28,Net Banking,Paid,693.18,TXN531625370
PAY502793,ORD102602,2026-01-22,UPI,Refunded,-12108.57,TXN277328141
PAY502794,ORD102602,2026-01-21,UPI,Partially Refunded,5448.86,TXN977972620
PAY502795,ORD102603,2025-09-06,Debit Card,Paid,575.18,TXN663824516
PAY502796,ORD102604,2025-11-21,UPI,Failed,0.0,TXN754850099
PAY502797,ORD102604,2025-11-20,UPI,Paid,338.51,TXN778292421
PAY502798,ORD102605,2026-03-01,Cash on Delivery,Paid,3568.06,TXN654416463
PAY502799,ORD102606,2026-04-26,Net Banking,Paid,741.02,TXN839302290
PAY502800,ORD102607,2025-03-03,Debit Card,Failed,0.0,TXN736099955
PAY502801,ORD102608,2025-12-21,UPI,Paid,3994.09,TXN636920337
PAY502802,ORD102609,2025-11-15,UPI,Paid,693.18,TXN101076934
PAY502803,ORD102610,2025-11-14,UPI,Failed,0.0,TXN813399075
PAY502804,ORD102610,11-16-2025,UPI,Paid,1127.51,TXN895614537
PAY502805,ORD102611,2025-11-08,UPI,Paid,2797.36,TXN667188578
PAY502806,ORD102612,2025-08-31,Debit Card,Paid,494.26,TXN609355001
PAY502807,ORD102613,2025-07-07,Net Banking,Paid,2444.54,TXN694244657
PAY502808,ORD102614,2025-05-22,UPI,Paid,1298.46,TXN540218329
PAY502809,ORD102615,2025-07-19,Cash on Delivery,Paid,1326.48,TXN788637315
PAY502810,ORD102616,2025-01-11,Debit Card,Paid,693.18,TXN114837471
PAY502811,ORD102617,2026-02-18,UPI,Paid,703.97,TXN349371866
PAY502812,ORD102618,2025-08-21,Cash on Delivery,Paid,444.83,TXN148541727
PAY502813,ORD102619,2026-04-14,Net Banking,Paid,1398.68,TXN624728558
PAY502814,ORD102620,2026-05-30,UPI,Paid,2573.2,TXN573372074
PAY502815,ORD102621,2025-03-29,Net Banking,Paid,658.52,TXN331031238
PAY502816,ORD102622,2025-05-17,UPI,Paid,1035.32,TXN814598116
PAY502817,ORD102623,2025-07-28,Cash on Delivery,Paid,10784.04,TXN605823125
PAY502818,ORD102624,2025-08-15,UPI,Paid,1422.81,TXN432576733
PAY502819,ORD102625,2026-03-25,UPI,Paid,7719.6,TXN815048404
PAY502820,ORD102626,2026-02-02,Cash on Delivery,Paid,3994.09,TXN343804212
PAY502821,ORD102627,2025-07-05,UPI,Paid,10978.52,TXN129549077
PAY502822,ORD102628,2025-12-29,Net Banking,Paid,7719.6,TXN296890673
PAY502823,ORD102629,2025-06-05,UPI,Paid,658.52,TXN344201821
PAY502824,ORD102630,2025-02-11,Credit Card,Pending,7988.18,TXN551096980
PAY502825,ORD102631,2025-02-20,UPI,Pending,7988.18,TXN218241968
PAY502826,ORD102632,2025-08-03,Debit Card,Paid,589.2,TXN724117907
PAY502827,ORD102633,2025-06-28,UPI,Paid,687.54,TXN229687560
PAY502828,ORD102634,2026-01-03,Net Banking,Paid,211.8,TXN658959105
PAY502829,ORD102635,2025-12-16,UPI,Failed,0.0,TXN809546586
PAY502830,ORD102635,2025-12-16,UPI,Paid,211.8,TXN107145397
PAY502831,ORD102636,2025-03-07,UPI,Failed,0.0,TXN348566676
PAY502832,ORD102636,2025-03-09,UPI,Paid,5146.4,TXN644416796
PAY502833,ORD102637,2025-05-13,UPI,Failed,0.0,TXN433233382
PAY502834,ORD102638,2025-11-11,Debit Card,Paid,0.0,TXN140452790
PAY502835,ORD102639,2025-10-19,Cash on Delivery,Paid,2573.2,TXN813066169
PAY502836,ORD102640,2025-08-13,UPI,Failed,0.0,TXN950905561
PAY502837,ORD102640,2025-08-15,UPI,Paid,2079.54,TXN884346175
PAY502838,ORD102641,2026-06-24,UPI,Paid,421.58,TXN744388032
PAY502839,ORD908511,2025-10-19,Credit Card,Paid,3319.98,TXN739359201
PAY502840,ORD102643,2026-06-05,PayPal,Paid,700.76,TXN776663412
PAY502841,ORD102644,2025-12-16,UPI,Paid,2362.5,TXN470705926
PAY502842,ORD102645,2026-04-15,PayPal,Refunded,-3566.64,TXN468156612
PAY502843,ORD102646,2025-05-17,Cash on Delivery,Paid,316.22,TXN203402741
PAY502844,ORD102647,2025-10-23,Debit Card,Paid,526.97,TXN381939847
PAY502845,ORD102648,2026-01-11,UPI,Paid,2573.2,TXN719406298
PAY502846,ORD102649,2025-11-15,Debit Card,Paid,541.02,TXN906666736
PAY502847,ORD102650,2026-06-01,UPI,Paid,546.42,TXN663352382
PAY502848,ORD102651,2025-11-19,Net Banking,Paid,513.97,TXN682677765
PAY502849,ORD102652,2026-04-05,UPI,Paid,5489.26,TXN123342013
PAY502850,ORD102653,2025-07-24,UPI,Paid,500.62,TXN535933638
PAY502851,ORD102654,2025-10-10,UPI,Paid,494.26,TXN459952908
PAY502852,ORD102655,2025-09-28,UPI,Paid,575.18,TXN979443239
PAY502853,ORD102656,2025-01-09,UPI,Paid,1485.26,TXN793160758
PAY502854,ORD102657,2025-10-15,Net Banking,Refunded,-176.71,TXN768894299
PAY502855,ORD102657,2025-10-14,Net Banking,Refunded,-176.71,TXN695774348
PAY502856,ORD102658,2025-04-08,Net Banking,Paid,1326.48,TXN704335527
PAY502857,ORD102659,2025-06-21,UPI,Partially Refunded,3519.99,TXN347637076
PAY502858,ORD102660,2025-04-07,Credit Card,Paid,5305.92,TXN418406328
PAY502859,ORD102661,2025-07-13,Debit Card,Paid,297.62,TXN657478043
PAY502860,ORD102662,2026-06-08,Net Banking,Paid,575.18,TXN325303560
PAY502861,ORD102663,2025-10-02,UPI,Paid,2652.96,TXN567325888
PAY502862,ORD102664,2026-02-02,Cash on Delivery,Paid,3994.09,
PAY502863,ORD102665,2025-12-23,UPI,Refunded,-2387.66,TXN888865067
PAY502864,ORD102666,2025-02-16,UPI,Paid,1680.48,TXN302237878
PAY502865,ORD102667,2025-05-15,PayPal,Paid,3994.09,TXN400792387
PAY502866,ORD102668,2025-05-12,Net Banking,Paid,623.86,TXN824636091
PAY502867,ORD102669,2025-12-13,Debit Card,Failed,0.0,TXN556277462
PAY502868,ORD102670,2025-05-20,UPI,Paid,1747.36,TXN692969899
PAY502869,ORD102671,2025-03-24,Cash on Delivery,Refunded,-5941.04,TXN135440107
PAY502870,ORD102671,2025-03-25,Cash on Delivery,Refunded,-5941.04,TXN329937021
PAY502871,ORD102672,2026-02-27,Debit Card,Paid,2079.54,TXN965636885
PAY502872,ORD102673,2025-08-06,UPI,Failed,0.0,TXN174264692
PAY502873,ORD102674,2025-12-12,Cash on Delivery,Paid,840.24,TXN328929401
PAY502874,ORD102675,2025-11-01,UPI,Failed,0.0,TXN416108111
PAY502875,ORD102675,2025-11-01,UPI,Paid,700.76,TXN243200189
PAY502876,ORD102676,2026-02-14,Net Banking,Paid,3145.24,TXN970377785
PAY502877,ORD102677,2025-06-22,Debit Card,Partially Refunded,237.14,TXN669662092
PAY502878,ORD102678,2025-08-28,UPI,Paid,2652.96,TXN142907813
PAY502879,ORD102679,2025-09-07,Net Banking,Paid,486.92,TXN901754550
PAY502880,ORD102680,2025-07-16,PayPal,Pending,7271.02,TXN323194894
PAY502881,ORD102681,2025-07-12,Cash on Delivery,Paid,1247.72,TXN743833157
PAY502882,ORD102682,2025-11-06,Credit Card,Paid,1324.39,TXN471289801
PAY502883,ORD102683,2025-12-02,UPI,Paid,546.42,TXN899927015
PAY502884,ORD102684,2025-05-06,UPI,Paid,494.26,TXN656174317
PAY502885,ORD102685,2026-04-12,Debit Card,Paid,2520.32,TXN833365261
PAY502886,ORD102686,2026-02-07,Cash on Delivery,Paid,3271.96,TXN741055993
PAY502887,ORD102687,2026-05-13,Credit Card,Paid,2652.96,TXN740988036
PAY502888,ORD102688,2026-04-18,Net Banking,Paid,5594.72,TXN857168636
PAY502889,ORD102689,2026-05-10,Cash on Delivery,Paid,1747.36,TXN751174630
PAY502890,ORD102690,2025-12-23,PayPal,Partially Refunded,299.57,TXN272073185
PAY502891,ORD102691,2025-12-05,Cash on Delivery,Paid,7588.78,TXN595741643
PAY502892,ORD102692,2025-05-23,Credit Card,Paid,575.18,TXN706658794
PAY502893,ORD102693,2026-06-06,Net Banking,Paid,2573.2,TXN602449976
PAY502894,ORD102694,2025-07-29,Cash on Delivery,Pending,441.07,TXN759063693
PAY502895,ORD102695,2025-11-04,Credit Card,Paid,2171.19,TXN318682095
PAY502896,ORD102696,2026-01-09,Credit Card,Pending,1326.48,TXN245294221
PAY502897,ORD102697,2026-04-07,Debit Card,Paid,629.87,TXN723432581
PAY502898,ORD102698,2025-05-13,Debit Card,Paid,1639.26,
PAY502899,ORD102699,2025-05-11,UPI,Paid,1747.36,TXN993757112
PAY502900,ORD102700,2025-09-28,Debit Card,Paid,2573.2,TXN261699389
PAY502901,ORD102701,2025-04-23,UPI,Paid,3145.24,TXN158663607
PAY502902,ORD102702,2025-07-15,Net Banking,Paid,2744.63,TXN376616287
PAY502903,ORD102703,2025-11-15,Credit Card,Paid,1092.84,TXN637533641
PAY502904,ORD102704,2026-03-10,Net Banking,Paid,486.92,TXN884317973
PAY502905,ORD102705,2025-11-23,Cash on Delivery,Paid,15177.56,TXN231550397
PAY502906,ORD102706,2025-04-02,PayPal,Paid,1328.75,TXN573223077
PAY502907,ORD102707,2026-03-20,Debit Card,Paid,4036.19,TXN554341603
PAY502908,ORD102708,2025-07-31,Cash on Delivery,Paid,2470.17,TXN502297939
PAY502909,ORD102709,2025-03-26,PayPal,Paid,158.11,TXN333426023
PAY502910,ORD102710,2025-05-31,Net Banking,Failed,0.0,TXN521981525
PAY502911,ORD102710,2025-05-31,Net Banking,Paid,2224.15,TXN260487774
PAY502912,ORD102711,2025-03-07,UPI,Paid,1572.62,TXN304409878
PAY502913,ORD102712,2026-01-28,UPI,Paid,623.86,TXN444063219
PAY502914,ORD102713,2025-09-24,UPI,Pending,230.45,TXN217268328
PAY502915,ORD102714,2026-04-23,UPI,Paid,2300.72,TXN944827983
PAY502916,ORD102715,2025-08-20,Debit Card,Paid,2517.62,TXN702859498
PAY502917,ORD102716,2025-10-12,UPI,Paid,1580.91,TXN982339818
PAY502918,ORD102717,2025-11-25,UPI,Paid,2607.4,TXN308735301
PAY502919,ORD102718,2025-06-08,Net Banking,Paid,2744.63,TXN164980735
PAY502920,ORD102719,2025-02-05,UPI,Paid,3172.35,TXN488442948
PAY502921,ORD102720,2025-09-13,Debit Card,Failed,0.0,TXN409923495
PAY502922,ORD102721,2025-01-11,Debit Card,Paid,3380.28,TXN139049647
PAY502923,ORD102722,2025-11-12,Debit Card,Paid,7588.78,TXN480012162
PAY502924,ORD102723,2025-12-19,UPI,Paid,3430.76,TXN500609904
PAY502925,ORD102724,2025-06-16,UPI,Pending,5214.8,TXN411902720
PAY502926,ORD102725,2025-12-04,UPI,Failed,0.0,TXN527143799
PAY502927,ORD102726,2026-06-08,UPI,Paid,526.97,TXN977090978
PAY502928,ORD102727,2025-11-21,Credit Card,Paid,2696.49,TXN996569481
PAY502929,ORD102728,2025-05-02,UPI,Failed,0.0,TXN857642085
PAY502930,ORD102729,2025-12-20,Debit Card,Paid,1947.68,TXN863985444
PAY502931,ORD102730,2025-10-23,Cash on Delivery,Partially Refunded,83.7,TXN762052307
PAY502932,ORD102731,2025-08-17,Net Banking,Refunded,-3994.09,TXN796632320
PAY502933,ORD102732,2026-04-17,UPI,Paid,3994.09,TXN867596538
PAY502934,ORD102733,2025/03/07,Debit Card,Paid,1260.16,TXN806850640
PAY502935,ORD102734,2026-06-28,PayPal,Paid,5250.0,TXN730089231
PAY502936,ORD102735,24/08/2025,Cash on Delivery,Paid,1191.95,TXN388914492
PAY502937,ORD102736,2025-02-01,UPI,Paid,7988.18,TXN542600377
PAY502938,ORD102737,2025-05-10,Debit Card,Failed,0.0,TXN419827431
PAY502939,ORD102738,2025-09-03,Cash on Delivery,Paid,4117.12,TXN690248288
PAY502940,ORD102739,2025-01-14,UPI,Paid,3994.09,TXN638939938
PAY502941,ORD102740,2025-11-02,Credit Card,Failed,0.0,TXN249770691
PAY502942,ORD102740,2025-11-02,Credit Card,Paid,542.24,TXN905184933
PAY502943,ORD102741,2026-06-04,Credit Card,Paid,11982.27,TXN694359407
PAY502944,ORD102742,2025-03-12,Credit Card,Paid,469.55,TXN101132916
PAY502945,ORD102743,2026-05-01,Net Banking,Paid,2573.2,TXN909323206
PAY502946,ORD102744,2026-06-05,UPI,Paid,7271.02,TXN289696448
PAY502947,ORD102745,2026-05-20,Net Banking,Paid,1482.78,TXN757628938
PAY502948,ORD102746,16/11/2025,UPI,Paid,589.2,TXN616632998
PAY502949,ORD102747,2025-02-17,PayPal,Paid,687.54,TXN420819720
PAY502950,ORD102748,2025-02-26,Net Banking,Paid,1386.36,TXN166429321
PAY502951,ORD102749,2025-09-12,PayPal,Paid,1193.83,TXN658295442
PAY502952,ORD102750,2025-11-27,Net Banking,Pending,285.06,TXN983451860
PAY502953,ORD102751,2025-12-26,Credit Card,Paid,623.86,TXN726010304
PAY502954,ORD102752,2025-12-13,Cash on Delivery,Paid,2332.94,TXN829250897
PAY502955,ORD102753,2026-02-27,UPI,Paid,2470.17,TXN639604717
PAY502956,ORD102754,2025-05-31,Cash on Delivery,Paid,2387.66,TXN315165345
PAY502957,ORD102755,2025-10-14,UPI,Paid,372.02,TXN186976463
PAY502958,ORD102756,2026-06-29,UPI,Failed,0.0,TXN499185866
PAY502959,ORD102756,2026-06-29,UPI ,Paid,2744.63,TXN445226794
PAY502960,ORD102757,2025-12-05,UPI,Paid,1398.68,TXN116772790
PAY502961,ORD102758,2025-09-05,UPI,Paid,396.96,TXN489978052
PAY502962,ORD102759,2025-11-09,Credit Card,Paid,474.27,TXN969754481
PAY502963,ORD102760,2025-01-17,UPI,Paid,973.84,TXN406330494
PAY502964,ORD102761,2026-04-09,UPI,Paid,1317.04,TXN930236403
PAY502965,ORD102762,2026-05-12,Debit Card,Paid,541.02,TXN732364807
PAY502966,ORD102763,2026-01-21,UPI,Paid,1747.36,TXN673312901
PAY502967,ORD102764,2025-09-12,UPI,Paid,723.73,TXN522905799
PAY502968,ORD102765,2025-03-07,Cash on Delivery,Paid,5352.09,TXN350508811
PAY502969,ORD102766,2025-02-07,UPI,Paid,494.26,TXN754384085
PAY502970,ORD102767,2026-04-11,Cash on Delivery,Paid,2772.72,TXN783165386
PAY502971,ORD102768,2025-07-12,Credit Card,Partially Refunded,167.41,TXN778415804
PAY502972,ORD102769,2025-07-21,UPI,Paid,470.66,TXN525616259
PAY502973,ORD102770,2026-03-02,UPI,Paid,7988.18,TXN445088549
PAY502974,ORD102771,2025-04-09,UPI,Paid,1580.91,TXN721567939
PAY502975,ORD102772,2025-06-14,Credit Card,Paid,5352.09,TXN152006941
PAY502976,ORD102773,2025-05-05,UPI,Paid,1068.99,TXN675481050
PAY502977,ORD102774,2026-06-03,Cash on Delivery,Paid,12866.0,TXN314454023
PAY502978,ORD102775,2025-12-26,Net Banking,Paid,3453.73,TXN107363782
PAY502979,ORD102776,2026-06-25,Debit Card,Paid,2744.63,TXN652438184
PAY502980,ORD102777,2025-10-27,UPI,Paid,1447.46,TXN765585506
PAY502981,ORD102778,2025-10-14,PayPal,Failed,0.0,TXN562678718
PAY502982,ORD102779,,Debit Card,Failed,0.0,TXN295059612
PAY502983,ORD102779,2025-08-29,Debit Card,Paid,494.26,TXN245884524
PAY502984,ORD102780,2025-08-15,Net Banking,Pending,595.65,TXN188115785
PAY502985,ORD102781,2025-01-17,Net Banking,Paid,5297.56,TXN273529577
PAY502986,ORD102782,2026-04-01,Debit Card,Paid,3979.44,TXN612978059
PAY502987,ORD102783,2025-12-10,Credit Card,Failed,0.0,TXN201380915
PAY502988,ORD102784,2026-04-24,UPI,Paid,666.92,TXN201138850
PAY502989,ORD102785,2025-10-16,UPI,Paid,882.14,TXN463417895
PAY502990,ORD102786,2025-05-05,Net Banking,Paid,693.18,TXN131504571
PAY502991,ORD102787,2026-02-23,PayPal,Paid,500.62,TXN875438441
PAY502992,ORD102788,2026-03-17,Cash on Delivery,Paid,2744.63,TXN255158117
PAY502993,ORD102789,2026-05-10,Net Banking,Failed,0.0,TXN121335612
PAY502994,ORD102789,2026-05-07,Net Banking,Paid,623.86,TXN479499624
PAY502995,ORD102790,2025-12-06,Cash on Delivery,Paid,6947.64,TXN715746126
PAY502996,ORD102791,2025-01-10,UPI,Paid,235.33,TXN366747663
PAY502997,ORD102792,2025-02-25,Net Banking,Refunded,-3635.51,TXN508495656
PAY502998,ORD102793,2026-03-14,Cash on Delivery,Paid,334.82,TXN160837364
PAY502999,ORD102794,2025-07-26,Cash on Delivery,Paid,2114.9,TXN336041611
PAY503000,ORD102795,2026-06-16,Net Banking,Pending,2797.36,TXN803066684
PAY503001,ORD102796,2026-01-09,Credit Card,Paid,1326.48,TXN147398605
PAY503002,ORD102797,2025-11-23,Debit Card,Paid,4889.08,TXN125199647
PAY503003,ORD102798,2026-03-24,Debit Card,Paid,3635.51,TXN778899593
PAY503004,ORD102799,2025-07-01,UPI,Paid,2607.4,TXN547373542
PAY503005,ORD102800,2025-12-03,UPI,Partially Refunded,1157.94,TXN958874491
PAY503006,ORD102801,2025-12-10,UPI,Paid,1580.91,TXN301873120
PAY503007,ORD102802,2026-03-24,Cash on Delivery,Paid,665.72,TXN601405280
PAY503008,ORD102803,2025-09-21,Credit Card,Failed,0.0,TXN139773404
PAY503009,ORD102804,2025-07-04,UPI,Paid,1027.94,TXN735213533
PAY503010,ORD102805,2026-06-13,Cash on Delivery,Paid,372.02,TXN935432690
PAY503011,ORD102806,2025-09-10,UPI,Paid,575.18,TXN177771612
PAY503012,ORD102807,2026-03-18,UPI,Paid,2652.96,TXN911716794
PAY503013,ORD102808,2025-03-19,Cash on Delivery,Paid,976.04,TXN682633935
PAY503014,ORD102809,2025-11-15,Debit Card,Paid,2625.0,TXN924115600
PAY503015,ORD102810,2025-06-07,Net Banking,Paid,741.02,TXN156628388
PAY503016,ORD102811,2026-05-05,Net Banking,Paid,693.18,TXN465695991
PAY503017,ORD102812,2025-10-25,Net Banking,Paid,3271.96,TXN223783911
PAY503018,ORD102813,2025-09-05,Net Banking,Paid,1401.52,TXN157982073
PAY503019,ORD102814,2025-08-17,Cash on Delivery,Paid,3794.39,TXN768401516
PAY503020,ORD102815,2025-11-19,UPI,Paid,1324.39,TXN123192798
PAY503021,ORD102816,2025-06-06,Debit Card,Paid,1323.21,TXN629570861
PAY503022,ORD102817,2026-02-22,PayPal,Paid,1747.36,TXN420253764
PAY503023,ORD102818,2025-06-25,UPI,Paid,1877.93,TXN761324797
PAY503024,ORD102819,2026-04-18,Credit Card,Paid,2573.2,TXN567611915
PAY503025,ORD102820,2025-04-01,Debit Card,Paid,1747.36,TXN710008053
PAY503026,ORD102821,2025-03-01,Credit Card,Failed,0.0,TXN426838159
PAY503027,ORD102821,2025-02-28,Credit Card,Paid,2070.64,TXN258005480
PAY503028,ORD102822,2025-10-09,Net Banking,Paid,1247.72,TXN747076613
PAY503029,ORD102823,06-01-2026,Net Banking,Paid,889.66,TXN831173297
PAY503030,ORD102824,2025-06-02,Cash on Delivery,Paid,447.92,TXN606183946
PAY503031,ORD102825,2025-12-15,UPI,Paid,693.18,TXN357392158
PAY503032,ORD102826,2025-03-19,Net Banking,Pending,2444.54,TXN295594180
PAY503033,ORD102827,2025-07-26,UPI,Refunded,-5146.4,TXN346374541
PAY503034,ORD102828,2025-09-23,Net Banking,Failed,0.0,TXN104335678
PAY503035,ORD102828,2025-09-22,Net Banking,Paid,5146.4,TXN999990047
PAY503036,ORD102829,2025-04-09,Debit Card,Paid,2444.54,TXN419146519
PAY503037,ORD102830,2025-05-08,Credit Card,Paid,6989.44,TXN944875197
PAY503038,ORD102831,2025-11-29,Debit Card,Paid,3635.51,TXN465906437
PAY503039,ORD102832,2025-11-28,Net Banking,Paid,1580.91,TXN519970220
PAY503040,ORD102833,2025-10-07,Debit Card,Paid,693.18,TXN792543482
PAY503041,ORD102834,2026-04-02,UPI,Paid,5489.26,TXN975184428
PAY503042,ORD102835,2026-01-08,Net Banking,Paid,1398.68,TXN636655909
PAY503043,ORD102836,2025-03-06,Credit Card,Failed,0.0,TXN143653201
PAY503044,ORD102836,2025-03-05,Credit Card,Paid,1398.68,TXN571912745
PAY503045,ORD102837,2025-06-18,UPI,Paid,12866.0,TXN849464439
PAY503046,ORD102838,2026-01-28,PayPal,Paid,7271.02,TXN338249598
PAY503047,ORD102839,2025-04-09,Debit Card,Paid,15177.56,TXN146682020
PAY503048,ORD102840,11-Apr-2025,UPI,Paid,2744.63,TXN625348643
PAY503049,ORD102841,2025-02-03,Net Banking,Paid,1747.36,TXN591847878
PAY503050,ORD102842,2026-06-24,Cash on Delivery,Paid,5146.4,TXN821925300
PAY503051,ORD102843,2025-11-27,UPI,Refunded,-3632.57,TXN786898822
PAY503052,ORD102844,2025-09-30,Net Banking,Paid,1447.46,TXN263857493
PAY503053,ORD102845,2026-06-15,Net Banking,Partially Refunded,507.38,TXN282807131
PAY503054,ORD102846,2025-08-15,Cash on Delivery,Paid,7588.78,TXN236608453
PAY503055,ORD102847,2025-04-02,Debit Card,Failed,0.0,TXN345251161
PAY503056,ORD102848,2025-11-25,UPI,Paid,4631.76,TXN605226767
PAY503057,ORD102849,2025-07-29,Net Banking,Paid,2797.36,TXN968227830
PAY503058,ORD102850,2025-05-26,UPI,Paid,687.54,TXN782336538
PAY503059,ORD102851,2025-03-03,Net Banking,Paid,334.82,TXN245784587
PAY503060,ORD102852,2026-04-25,Credit Card,Partially Refunded,1790.75,TXN877067599
PAY503061,ORD102853,2025-07-17,Net Banking,Paid,1398.68,TXN460033524
PAY503062,ORD102854,2025-09-05,Debit Card,Failed,0.0,TXN194564930
PAY503063,ORD102855,2025-04-03,UPI,Paid,1639.26,TXN893229343
PAY503064,ORD102856,2026-01-02,Cash on Delivery,Failed,0.0,TXN888861550
PAY503065,ORD102857,2025-05-05,UPI,Paid,1193.83,TXN483930424
PAY503066,ORD102858,2026-05-16,Credit Card,Paid,7588.78,TXN210278794
PAY503067,ORD102859,2025-01-07,UPI,Paid,7410.51,TXN160972567
PAY503068,ORD102860,2025-05-08,Net Banking,Paid,1398.68,TXN874616885
PAY503069,ORD102861,2025-09-03,Credit Card,Refunded,-2362.5,TXN262277134
PAY503070,ORD102862,2025-01-07,UPI,Paid,615.17,TXN393938955
PAY503071,ORD102863,2025-05-11,Cash on Delivery,Failed,0.0,TXN902072534
PAY503072,ORD102864,2025-11-08,UPI,Paid,515.12,TXN678396774
PAY503073,ORD102865,2025-01-18,Cash on Delivery,Paid,951.7,TXN136528450
PAY503074,ORD102866,2025-08-28,Net Banking,Paid,2772.72,TXN983813385
PAY503075,ORD102867,2025-08-30,UPI,Failed,0.0,TXN451966908
PAY503076,ORD102868,2026-04-18,Credit Card,Paid,5906.25,TXN479554915
PAY503077,ORD102869,2026-06-25,Cash on Delivery,Paid,161.17,TXN983369763
PAY503078,ORD102870,2025-08-22,Debit Card,Paid,158.11,TXN198497905
PAY503079,ORD102871,2026-04-19,UPI,Paid,741.02,TXN987072149
PAY503080,ORD102872,2025-07-17,UPI,Paid,700.76,TXN377162036
PAY503081,ORD102873,2025-07-19,Net Banking,Paid,432.82,TXN702778708
PAY503082,ORD102874,2025-10-23,Debit Card,Paid,973.84,TXN901460885
PAY503083,ORD102875,2025-04-28,Net Banking,Paid,223.56,TXN741069005
PAY503084,ORD102876,2025-08-25,Credit Card,Paid,3794.39,TXN153458641
PAY503085,ORD102877,2025-12-06,Cash on Delivery,Paid,517.66,TXN390667950
PAY503086,ORD102878,2025-08-01,Cash on Delivery,Paid,658.52,TXN129203359
PAY503087,ORD102879,2026-05-29,Debit Card,Failed,0.0,TXN187954198
PAY503088,ORD102880,2026-02-10,Cash on Delivery,Paid,1401.52,TXN274216784
PAY503089,ORD102881,2025-10-15,Debit Card,Paid,1260.16,TXN198112773
PAY503090,ORD102882,2026-01-21,Cash on Delivery,Paid,575.18,TXN770890447
PAY503091,ORD102883,2025-02-23,Credit Card,Paid,840.24,TXN339653182
PAY503092,ORD102884,2025-09-13,UPI,Paid,1460.76,TXN482281324
PAY503093,ORD102885,2025-11-11,UPI,Paid,5633.79,TXN959864977
PAY503094,ORD102886,2025-12-02,Debit Card,Failed,0.0,TXN362166634
PAY503095,ORD102886,2025-11-30,Debit Card,Paid,2444.54,TXN670382809
PAY503096,ORD102887,2025-03-13,Credit Card,Paid,749.82,TXN396917557
PAY503097,ORD102888,2025-05-25,UPI,Failed,0.0,TXN769720426
PAY503098,ORD102889,2025-06-26,UPI,Paid,1053.94,TXN521340490
PAY503099,ORD102890,2025-11-02,Credit Card,Paid,2387.66,TXN962557389
PAY503100,ORD102891,2025-04-07,Cash on Delivery,Pending,7988.18,TXN816039164
PAY503101,ORD102892,2026-02-01,UPI,Paid,1877.93,TXN561750980
PAY503102,ORD102893,2025-11-15,Debit Card,Refunded,-526.97,TXN652175234
PAY503103,ORD102894,2025-04-06,UPI,Paid,3172.35,TXN529336964
PAY503104,ORD102895,2025-01-17,Debit Card,Paid,693.18,TXN956004439
PAY503105,ORD102896,2025-01-31,Credit Card,Paid,1004.58,TXN314941972
PAY503106,ORD102897,2026-01-15,UPI,Paid,1312.5,TXN894354347
PAY503107,ORD102898,2026-05-04,UPI,Paid,3635.51,TXN347433667
PAY503108,ORD102899,2025-11-16,UPI,Failed,0.0,TXN582395468
PAY503109,ORD102899,2025-11-16,UPI,Paid,693.18,TXN631511822
PAY503110,ORD102900,2026-03-21,Credit Card,Paid,3834.38,TXN601912440
PAY503111,ORD102901,2025-04-23,UPI,Paid,882.14,TXN652196702
PAY503112,ORD102902,2026-01-05,Cash on Delivery,Paid,744.04,TXN824658817
PAY503113,ORD102903,2025-11-16,UPI,Paid,3632.57,TXN285493442
PAY503114,ORD102904,2025-01-21,Debit Card,Paid,1398.68,TXN223556707
PAY503115,ORD102905,2026-02-20,UPI,Paid,3319.98,TXN756508182
PAY503116,ORD102906,2025-04-25,Debit Card,Paid,517.66,TXN126831942
PAY503117,ORD102907,2026-01-14,UPI,Paid,700.76,TXN750888930
PAY503118,ORD102908,2026-06-15,Cash on Delivery,Pending,7271.02,TXN222377824
PAY503119,ORD102909,2025-12-07,UPI,Paid,1059.51,TXN640129039
PAY503120,ORD102910,2025-11-20,Credit Card,Pending,1082.04,TXN829277561
PAY503121,ORD102911,2025-07-22,Credit Card,Paid,11982.27,TXN409628118
PAY503122,ORD102912,2025-07-07,Net Banking,Failed,0.0,TXN564017423
PAY503123,ORD102913,2025-05-12,UPI,Paid,1386.36,TXN661561671
PAY503124,ORD102914,2025-02-19,Cash on Delivery,Paid,554.54,TXN757473565
PAY503125,ORD102915,2025-12-29,Credit Card,Paid,2255.02,TXN124335037
PAY503126,ORD102916,2025-09-03,Cash on Delivery,Paid,2607.4,TXN329535508
PAY503127,ORD102917,2025-07-17,Net Banking,Paid,271.12,TXN553168485
PAY503128,ORD102918,2025-12-03,UPI,Paid,494.26,TXN627193668
PAY503129,ORD102919,2025-12-30,UPI,Paid,3635.51,TXN142994037
PAY503130,ORD102920,2026-04-22,Cash on Delivery,Paid,356.33,TXN286950261
PAY503131,ORD102921,2025-04-24,UPI,Paid,3994.09,TXN396109600
PAY503132,ORD102922,2025-08-15,Debit Card,Failed,,TXN654218805
PAY503133,ORD102923,2025-06-11,Cash on Delivery,Paid,5489.26,TXN664997793
PAY503134,ORD102924,2025-10-11,Cash on Delivery,Paid,658.52,TXN425258575
PAY503135,ORD102925,2025-01-09,Debit Card,Paid,3145.24,TXN767427804
PAY503136,ORD102926,2025-03-01,UPI,Paid,3937.5,TXN708579060
PAY503137,ORD102927,2025-03-29,Credit Card,Paid,1057.45,TXN655020726
PAY503138,ORD102928,2025-07-23,UPI,Failed,0.0,TXN130651650
PAY503139,ORD102928,2025-07-20,UPI,Failed,0.0,TXN598051055
PAY503140,ORD102929,2025-08-28,Cash on Delivery,Paid,2744.63,TXN177721459
PAY503141,ORD102930,2025-02-14,Debit Card,Paid,700.76,TXN791955991
PAY503142,ORD102931,2025-04-05,Credit Card,Paid,3994.09,TXN473282884
PAY503143,ORD102932,2026-06-10,Net Banking,Paid,575.18,TXN395523884
PAY503144,ORD102933,2025-03-24,UPI,Paid,1082.04,TXN456770492
PAY503145,ORD102934,2025-07-06,UPI,Partially Refunded,475.85,TXN803465036
PAY503146,ORD102935,2025-05-29,UPI,Pending,1343.76,TXN714920497
PAY503147,ORD102936,2026-03-22,UPI,Partially Refunded,232.95,TXN663970537
PAY503148,ORD102936,2026-03-22,UPI,Refunded,-517.66,TXN785908276
PAY503149,ORD102937,2025-06-03,Credit Card,Paid,6543.92,TXN626032196
PAY503150,ORD102938,2026-02-17,Cash on Delivery,Refunded,-474.27,TXN136566849
PAY503151,ORD102939,2026-06-07,Debit Card,Paid,1877.93,TXN455272801
PAY503152,ORD102940,2025-05-25,UPI,Paid,3453.73,TXN590813268
PAY503153,ORD102941,2025-03-13,Net Banking,Paid,541.02,TXN802044397
PAY503154,ORD102942,2026-02-11,UPI,Paid,500.62,TXN645065754
PAY503155,ORD102943,2026-02-21,Cash on Delivery,Paid,494.26,TXN231315370
PAY503156,ORD102944,2025-01-25,Credit Card,Paid,541.02,TXN271502967
PAY503157,ORD102945,2025-08-30,Net Banking,Paid,1398.68,TXN698592327
PAY503158,ORD102946,2025-10-03,Net Banking,Failed,0.0,TXN692809648
PAY503159,ORD102947,2025-11-29,UPI,Paid,1690.14,TXN529673802
PAY503160,ORD102948,2025-04-02,Credit Card,Pending,1623.06,TXN398228580
PAY503161,ORD102948,2025-04-02,Credit Card,Pending,1623.06,TXN785874756
PAY503162,ORD102949,2025-06-21,UPI,Paid,6632.4,TXN673405424
PAY503163,ORD102950,2026-04-30,UPI,Paid,8072.38,TXN936673891
PAY503164,ORD102951,2025-10-06,UPI,Paid,1312.5,TXN433035964
PAY503165,ORD102952,2026-03-06,UPI,Pending,693.18,TXN134392086
PAY503166,ORD102953,2026-02-15,Cash on Delivery,Paid,3394.98,TXN897468777
PAY503167,ORD102954,2025-12-01,Debit Card,Paid,623.86,TXN507198792
PAY503168,ORD102955,2025-09-05,UPI,Paid,2744.63,TXN422937924
PAY503169,ORD102956,2025-06-02,Cash on Delivery,Paid,2657.5,TXN961218606
PAY503170,ORD102957,2026-02-04,Cash on Delivery,Paid,658.52,TXN112672704
PAY503171,ORD102958,2025-07-20,Credit Card,Paid,2187.22,TXN139041196
PAY503172,ORD102959,2025-11-14,Credit Card,Paid,2315.88,TXN322855523
PAY503173,ORD102960,2025-09-19,UPI,Paid,1326.48,TXN197336573
PAY503174,ORD102961,2026-06-13,Credit Card,Failed,0.0,TXN805472513
PAY503175,ORD102961,2026-06-14,Credit Card,Paid,1053.94,TXN956213687
PAY503176,ORD102962,2025-02-07,UPI,Paid,2079.54,TXN804310246
PAY503177,ORD102963,2026-04-14,UPI,Paid,951.7,TXN966644494
PAY503178,ORD102964,2025-11-09,UPI,Paid,1877.93,TXN386454341
PAY503179,ORD102965,2025-06-30,Net Banking,Failed,0.0,TXN638324296
PAY503180,ORD102965,2025-06-30,Net Banking,Paid,1061.18,TXN536836996
PAY503181,ORD102966,2025-09-13,UPI,Paid,1747.36,TXN506041237
PAY503182,ORD102967,2026-02-02,Cash on Delivery,Paid,1317.04,TXN652416219
PAY503183,ORD102968,2026-03-19,Credit Card,Paid,474.27,TXN666318178
PAY503184,ORD102969,2026-03-07,UPI,Failed,0.0,TXN144324140
PAY503185,ORD102970,2026-05-17,Credit Card,Paid,5305.92,TXN850132671
PAY503186,ORD102971,2025-03-13,UPI,Paid,575.18,TXN108168819
PAY503187,ORD102972,2025-08-02,Credit Card,Failed,0.0,TXN562671679
PAY503188,ORD102973,2025-12-07,Credit Card,Paid,10292.8,TXN892229358
PAY503189,ORD102974,2026-02-27,Credit Card,Paid,494.26,TXN819079568
PAY503190,ORD102975,2025-12-10,UPI,Refunded,-4631.76,TXN167175353
PAY503191,ORD102976,2025-06-03,UPI,Paid,356.33,TXN166775821
PAY503192,ORD102977,2026-06-28,UPI,Paid,1877.93,TXN945531215
PAY503193,ORD102978,2025-09-05,UPI,Paid,356.33,TXN781569761
PAY503194,ORD102979,2025-12-24,Cash on Delivery,Paid,2744.63,TXN365771172
PAY503195,ORD102980,2025-04-09,Credit Card,Paid,0.0,TXN806381881
PAY503196,ORD102981,2026-04-16,Cash on Delivery,Paid,2223.06,TXN956588981
PAY503197,ORD102982,2025-03-28,UPI,Paid,2470.17,TXN926666333
PAY503198,ORD102983,2026-04-26,UPI,Paid,186.01,TXN912362808
PAY503199,ORD102984,2025-11-25,Credit Card,Pending,302.88,TXN492463816
PAY503200,ORD102985,2026-03-29,UPI,Paid,447.92,TXN564555852
PAY503201,ORD102986,2025-05-18,Cash on Delivery,Paid,12108.57,TXN312484600
PAY503202,ORD102987,2025-10-12,Credit Card,Pending,1127.51,TXN603195313
PAY503203,ORD102988,2025-09-10,Cash on Delivery,Paid,3635.51,TXN761518328
PAY503204,ORD102989,2025-12-23,Credit Card,Paid,1326.48,TXN437622725
PAY503205,ORD102990,2026-05-26,UPI,Paid,1188.88,TXN949601366
PAY503206,ORD102991,2026-05-15,Net Banking,Failed,0.0,TXN681260605
PAY503207,ORD102991,2026-05-14,Net Banking,Paid,2517.62,TXN178287653
PAY503208,ORD102992,2026-03-15,Credit Card,Paid,641.4,TXN172673934
PAY503209,ORD102993,2025-12-07,UPI,Paid,2470.17,TXN918151141
PAY503210,ORD102994,2026-05-31,Cash on Delivery,Paid,948.54,TXN369631308
PAY503211,ORD102995,2025-06-02,Cash on Delivery,Failed,0.0,TXN966415056
PAY503212,ORD102996,2025-08-24,Cash on Delivery,Failed,0.0,TXN114294289
PAY503213,ORD102997,2025-07-06,Credit Card,Paid,1326.48,TXN123442009
PAY503214,ORD102998,2026-04-04,Debit Card,Paid,693.18,TXN176482546
PAY503215,ORD102999,2025-05-31,Net Banking,Paid,2625.0,TXN440050454
PAY503216,ORD103000,2026-02-02,Debit Card,Paid,4788.72,TXN802675432
PAY503217,ORD103001,2025-12-27,PayPal,Pending,3635.51,TXN244884671
PAY503218,ORD103002,2026-05-15,Net Banking,Paid,2444.54,TXN421860917
PAY503219,ORD103003,2026-06-05,Cash on Delivery,Paid,744.04,TXN958849253
PAY503220,ORD103004,2025-06-18,Debit Card,Paid,,TXN257446645
PAY503221,ORD103005,2026-04-09,UPI,Paid,2744.63,TXN551901883
PAY503222,ORD103006,2025-12-01,UPI,Paid,6947.64,TXN293992296
PAY503223,ORD103007,2025-05-22,Net Banking,Paid,1326.48,TXN325201144
PAY503224,ORD103008,2026-02-05,Cash on Delivery,Paid,1317.04,TXN956450973
PAY503225,ORD103009,2026-03-08,Cash on Delivery,Paid,595.65,TXN546075842
PAY503226,ORD103010,2026-01-14,Debit Card,Paid,1398.68,TXN919520730
PAY503227,ORD103011,2025-04-18,UPI,Failed,0.0,TXN979737713
PAY503228,ORD103011,2025-04-21,UPI,Paid,1053.94,TXN376945176
PAY503229,ORD103012,2026-04-22,Net Banking,Pending,334.82,TXN733628051
PAY503230,ORD103012,2026-04-21,Net Banking,Pending,334.82,TXN796447236
PAY503231,ORD103013,2025-02-20,Net Banking,Paid,474.27,TXN646981225
PAY503232,ORD103014,2025-11-19,Debit Card,Refunded,-338.51,TXN949098603
PAY503233,ORD103015,2025-07-14,Cash on Delivery,Paid,3394.98,TXN638893362
PAY503234,ORD103016,2025-10-23,Debit Card,Paid,3632.57,TXN903398723
PAY503235,ORD103017,2026-05-05,UPI,Paid,176.71,TXN215873733
PAY503236,ORD103018,2025-05-29,Cash on Delivery,Paid,2648.78,TXN480474494
PAY503237,ORD103019,2026-02-05,Credit Card,Paid,470.66,TXN146908276
PAY503238,ORD103020,2026-03-21,Cash on Delivery,Paid,693.18,TXN162154899
PAY503239,ORD103021,,UPI,Paid,705.99,TXN674236811
PAY503240,ORD103022,2025-01-28,PayPal,Paid,7988.18,TXN728848592
PAY503241,ORD103023,2026-04-06,Cash on Delivery,Paid,1398.68,TXN170176885
PAY503242,ORD103024,2025-08-15,UPI,Paid,3994.09,TXN536828388
PAY503243,ORD103025,2026-05-04,Cash on Delivery,Paid,1747.36,TXN764298267
PAY503244,ORD103026,2025-11-24,Cash on Delivery,Paid,693.18,TXN291688758
PAY503245,ORD956894,2025-08-04,Debit Card,Paid,1001.24,TXN922079017
PAY503246,ORD103028,2025-09-12,Credit Card,Paid,423.6,TXN929713631
PAY503247,ORD103029,2025-07-10,UPI,Paid,444.83,TXN271801767
PAY503248,ORD103030,2026-01-02,Debit Card,Failed,0.0,TXN429926421
PAY503249,ORD103031,2025-08-14,UPI,Paid,4117.12,TXN256901792
PAY503250,ORD103032,2026-02-09,Credit Card,Failed,0.0,TXN471139162
PAY503251,ORD103033,2025-01-15,UPI,Paid,988.52,TXN709065780
PAY503252,ORD103034,2025-01-27,Net Banking,Paid,6907.46,TXN139301082
PAY503253,ORD103035,2025-08-16,UPI,Failed,0.0,TXN176307314
PAY503254,ORD103036,2025-06-15,Cash on Delivery,Refunded,-693.18,TXN799580577
PAY503255,ORD103037,2025-08-11,UPI,Paid,8736.8,TXN354939801
PAY503256,ORD103038,2025-07-25,UPI,Paid,5633.79,TXN343680468
PAY503257,ORD103039,2025-08-03,Cash on Delivery,Paid,1057.45,TXN330198564
PAY503258,ORD103040,2025-06-17,Net Banking,Paid,1326.48,TXN375428025
PAY503259,ORD103041,2025-05-30,Cash on Delivery,Paid,353.42,TXN903829613
PAY503260,ORD103042,2025-05-08,UPI,Failed,0.0,TXN294426694
PAY503261,ORD103043,02/12/2025,Cash on Delivery,Paid,1659.99,TXN105052732
PAY503262,ORD103044,2026-01-01,UPI,Paid,2387.66,TXN144815875
PAY503263,ORD103045,2025-07-01,Debit Card,Paid,494.26,TXN882274103
PAY503264,ORD103046,2026-06-18,UPI,Paid,176.71,TXN594950587
PAY503265,ORD103047,2025-08-23,UPI,Failed,0.0,TXN221935799
PAY503266,ORD103047,2025-08-23,UPI,Paid,-100.0,TXN541535908
PAY503267,ORD103048,2025-05-17,UPI,Paid,623.86,TXN332776525
PAY503268,ORD103049,2025-11-28,Cash on Delivery,Paid,3594.68,TXN890897071
PAY503269,ORD103050,2025-04-11,Net Banking,Paid,3192.48,TXN356299680
PAY503270,ORD103051,2026-06-26,UPI,Paid,400.06,TXN847520464
PAY503271,ORD103052,2026-04-02,Credit Card,Paid,546.42,TXN217356597
PAY503272,ORD103053,2026-05-12,Net Banking,Paid,3635.51,TXN243484556
PAY503273,ORD103054,2025-06-04,PayPal,Paid,1258.17,TXN592440170
PAY503274,ORD103055,2025-11-17,Credit Card,Partially Refunded,1816.29,TXN864600468
PAY503275,ORD103056,2025-06-24,Debit Card,Paid,889.66,TXN393594087
PAY503276,ORD103057,2026-06-07,Credit Card,Paid,460.9,TXN727339515
PAY503277,ORD103058,2026-04-26,UPI,Paid,513.97,TXN759956904
PAY503278,ORD103059,2025-04-12,Debit Card,Paid,1057.45,TXN166376335
PAY503279,ORD103060,2025-09-25,UPI,Paid,526.97,TXN731343475
PAY503280,ORD103061,2025-10-20,UPI,Paid,469.55,TXN807080527
PAY503281,ORD103062,2025-12-19,Cash on Delivery,Paid,9263.52,TXN274863880
PAY503282,ORD103063,2025-02-08,Credit Card,Paid,1326.48,TXN821369829
PAY503283,ORD103064,2025-03-29,UPI,Paid,486.92,TXN235087520
PAY503284,ORD103065,2026-04-22,PayPal,Paid,271.12,TXN327076888
PAY503285,ORD103066,2026-01-27,Debit Card,Failed,0.0,TXN627029015
PAY503286,ORD103067,2025-10-12,Cash on Delivery,Paid,723.73,TXN586758408
PAY503287,ORD103068,2026/05/23,UPI,Paid,530.13,TXN570427001
PAY503288,ORD103069,2026-03-14,Cash on Delivery,Paid,1975.56,TXN579015049
PAY503289,ORD103070,2025-11-30,UPI,Paid,5146.4,TXN219432747
PAY503290,ORD103071,2025-06-02,UPI,Paid,302.88,TXN557096020
PAY503291,ORD103072,2025-02-04,Cash on Delivery,Pending,374.91,TXN946571456
PAY503292,ORD103073,2025-04-05,UPI,Partially Refunded,889.0,TXN478736678
PAY503293,ORD103074,2025-06-10,UPI,Paid,589.2,TXN891545915
PAY503294,ORD103075,2025-07-26,Cash on Delivery,Paid,3382.53,TXN370182646
PAY503295,ORD103076,2025-01-16,UPI,Paid,9815.88,TXN818153034
PAY503296,ORD103077,2025-05-06,Cash on Delivery,Paid,1317.04,TXN148476116
PAY503297,ORD103078,2025-03-07,Net Banking,Paid,444.83,TXN293419276
PAY503298,ORD103079,2025-08-13,UPI,Paid,5146.4,TXN202518518
PAY503299,ORD103080,2025-12-24,UPI,Failed,0.0,TXN316929792
PAY503300,ORD103081,2025-09-29,Net Banking,Paid,541.02,TXN851766606
PAY503301,ORD103082,2025-08-07,Cash on Delivery,Paid,356.33,TXN645257253
PAY503302,ORD103083,2026-04-18,UPI,Paid,1004.58,TXN484770146
PAY503303,ORD103084,2025-11-18,Cash on Delivery,Paid,542.24,TXN170335854
PAY503304,ORD103085,2025-07-15,PayPal,Paid,6993.4,TXN937005269
PAY503305,ORD103086,2026-06-16,UPI,Pending,2079.54,TXN699642980
PAY503306,ORD103087,2025-09-19,PayPal,Pending,271.12,TXN871044005
PAY503307,ORD103088,2025-06-06,Net Banking,Paid,526.97,TXN403104582
PAY503308,ORD103089,2026-02-10,Credit Card,Paid,1328.75,TXN727697629
PAY503309,ORD103090,2026-03-22,Cash on Delivery,Paid,3994.09,TXN765432139
PAY503310,ORD103091,2025-10-05,UPI,Refunded,-677.02,TXN582482155
PAY503311,ORD103092,2025-09-14,UPI,Paid,2382.6,TXN460357284
PAY503312,ORD103093,2025-10-25,UPI,Failed,0.0,TXN285321504
PAY503313,ORD103093,2025-10-24,UPI,Paid,2607.4,TXN278677600
PAY503314,ORD103094,2026-05-09,UPI,Failed,0.0,TXN312269717
PAY503315,ORD103095,2025-09-26,Credit Card,Paid,7189.36,TXN214632325
PAY503316,ORD103096,2025-07-30,UPI,Paid,1690.14,TXN289371089
PAY503317,ORD103097,2025-10-21,Credit Card,Paid,1258.81,TXN849874641
PAY503318,ORD103098,2025-09-13,UPI,Paid,7189.36,TXN124657941
PAY503319,ORD103099,2025-08-26,Debit Card,Paid,3986.25,TXN423823693
PAY503320,ORD103100,2025-11-23,UPI,Paid,6632.4,TXN767353459
PAY503321,ORD103101,2025-12-27,Credit Card,Paid,5146.4,TXN386527517
PAY503322,ORD103102,2025-11-15,Cash on Delivery,Paid,3794.39,TXN540546824
PAY503323,ORD103103,2025-04-25,UPI,Paid,1784.03,TXN368320893
PAY503324,ORD103104,2025-11-21,PayPal,Pending,235.33,TXN667882750
PAY503325,ORD103105,2025-04-18,UPI,Paid,1386.36,TXN781066316
PAY503326,ORD103106,2025-02-11,PayPal,Refunded,-3794.39,TXN245563180
PAY503327,ORD103107,2025-07-15,Credit Card,Paid,16144.76,TXN532333567
PAY503328,ORD103108,2026-04-10,PayPal,Paid,2744.63,TXN914794794
PAY503329,ORD103109,2025-11-29,Credit Card,Refunded,-2573.2,TXN411653781
PAY503330,ORD103110,2026-01-12,UPI,Paid,889.66,TXN884291428
PAY503331,ORD103111,2025-04-01,UPI,Paid,723.73,TXN295509005
PAY503332,ORD103112,2025-08-05,Debit Card,Failed,0.0,TXN237053115
PAY503333,ORD103112,2025-08-05,Debit Card,Paid,1784.03,TXN127652802
PAY503334,ORD103113,2025-09-22,UPI,Paid,2470.17,TXN137475594
PAY503335,ORD103114,2025-11-23,Net Banking,Paid,1057.45,TXN999573328
PAY503336,ORD103115,2025-05-02,Credit Card,Paid,939.1,TXN551585664
PAY503337,ORD103116,2025-08-05,Debit Card,Paid,1380.42,TXN974722229
PAY503338,ORD103117,2026-04-07,Cash on Delivery,Paid,623.86,TXN123599823
PAY503339,ORD103118,2025-03-31,Debit Card,Paid,693.18,TXN338263821
PAY503340,ORD103119,2025-08-19,Debit Card,Paid,2470.17,TXN604113867
PAY503341,ORD103120,2025-04-09,Net Banking,Pending,2573.2,TXN740370064
PAY503342,ORD103120,2025-04-08,Net Banking,Paid,2573.2,TXN679612402
PAY503343,ORD103121,2026-05-19,UPI,Paid,666.92,TXN485557495
PAY503344,ORD103122,2026-06-19,Credit Card,Paid,494.26,TXN598610113
PAY503345,ORD103123,2026-01-30,Net Banking,Paid,3635.51,TXN901040093
PAY503346,ORD103124,2025-01-05,UPI,Paid,186.01,TXN357747191
PAY503347,ORD103125,2025-01-26,Debit Card,Paid,2652.96,TXN247368241
PAY503348,ORD103126,2025-06-04,UPI,Paid,1082.04,TXN510947975
PAY503349,ORD103127,2025-01-18,UPI,Failed,0.0,TXN434589078
PAY503350,ORD103128,2026-03-20,UPI,Paid,644.68,TXN146011966
PAY503351,ORD103129,2026-02-15,Credit Card,Paid,2573.2,TXN381209390
PAY503352,ORD103130,2025-03-25,Credit Card,Paid,517.66,TXN134520077
PAY503353,ORD103131,2026-06-08,UPI,Failed,0.0,TXN502372820
PAY503354,ORD103132,2025-11-20,Debit Card,Paid,2470.17,TXN305696221
PAY503355,ORD103133,2025-07-16,UPI,Paid,1623.06,TXN816477961
PAY503356,ORD103134,2025-09-09,Credit Card,Paid,1053.94,TXN928559271
PAY503357,ORD103135,2025-07-05,Credit Card,Paid,1247.72,TXN257058356
PAY503358,ORD103136,2025-04-05,UPI,Paid,11982.27,TXN728874299
PAY503359,ORD103137,2025-10-08,Net Banking,Paid,988.52,TXN316314411
PAY503360,ORD103138,2026-06-23,Debit Card,Failed,0.0,TXN253933111
PAY503361,ORD103139,2025-11-18,Net Banking,Paid,2315.88,TXN824948611
PAY503362,ORD103140,2026-02-06,Credit Card,Paid,700.76,TXN505076972
PAY503363,ORD103141,2025-10-31,Debit Card,Paid,2625.0,TXN195364259
PAY503364,ORD103142,2026-03-19,UPI,Paid,3568.06,TXN435989136
PAY503365,ORD103143,2025-07-13,UPI,Paid,186.01,TXN402832072
PAY503366,ORD103144,2025-12-11,Debit Card,Failed,0.0,TXN902071721
PAY503367,ORD103144,2025-12-11,Debit Card,Paid,741.02,TXN506576163
PAY503368,ORD103145,2025-12-27,Credit Card,Paid,12360.72,TXN823763958
PAY503369,ORD103146,2025-07-04,UPI,Partially Refunded,2470.17,TXN593315085
PAY503370,ORD103146,2025-07-02,UPI,Refunded,-5489.26,TXN845794339
PAY503371,ORD103147,2026-06-19,Debit Card,Paid,1193.83,TXN373763661
PAY503372,ORD103148,2025-12-23,UPI,Pending,615.17,TXN600430857
PAY503373,ORD103149,2026-04-20,Net Banking,Refunded,-5633.79,TXN851778653
PAY503374,ORD103150,2026-05-28,PayPal,Paid,1784.03,TXN600409537
PAY503375,ORD103151,2025-11-13,Cash on Delivery,Paid,2744.63,TXN234552388
PAY503376,ORD103152,2025-11-12,Credit Card,Paid,420.12,TXN371547741
PAY503377,ORD103153,2026-03-08,Cash on Delivery,Failed,0.0,TXN831386262
PAY503378,ORD103154,2025-07-21,Credit Card,Paid,8072.38,TXN379283962
PAY503379,ORD103155,2026-05-18,UPI,Refunded,-1057.45,TXN325719685
PAY503380,ORD103156,2025-01-24,UPI,Paid,4036.19,TXN612556620
PAY503381,ORD103157,2025-03-08,Debit Card,Pending,2744.63,TXN739786165
PAY503382,ORD103158,2026-03-31,Credit Card,Paid,1115.62,TXN311976236
PAY503383,ORD103159,2025-04-10,Credit Card,Refunded,-2079.54,TXN872556066
PAY503384,ORD103160,2025-10-16,COD,Refunded,-665.72,TXN800069268
PAY503385,ORD103161,2025-07-04,PayPal,Paid,474.27,TXN439523106
PAY503386,ORD103162,2025-08-21,UPI,Paid,6993.4,TXN140421069
PAY503387,ORD103163,2025-07-11,UPI,Paid,,TXN628347097
PAY503388,ORD103164,2026-04-28,PayPal,Paid,988.52,TXN448638208
PAY503389,ORD103165,2026-06-21,UPI,Paid,1082.04,TXN584952342
PAY503390,ORD103166,2025/08/30,Credit Card,Failed,0.0,TXN282686197
PAY503391,ORD103167,2026-05-29,PayPal,Paid,3780.48,TXN592625699
PAY503392,ORD103168,2026-03-02,Credit Card,Paid,7265.14,TXN870365819
PAY503393,ORD103169,2025-07-07,UPI,Failed,0.0,TXN899283050
PAY503394,ORD103170,2025-01-31,UPI,Paid,1193.83,TXN457240719
PAY503395,ORD103171,2026-06-18,Cash on Delivery,Paid,615.17,TXN809479332
PAY503396,ORD103172,2025-04-17,UPI,Paid,3794.39,TXN500974799
PAY503397,ORD103173,2025-10-02,Credit Card,Paid,2744.63,TXN571039293
PAY503398,ORD103174,2025-10-14,Cash on Delivery,Refunded,-517.66,TXN384324814
PAY503399,ORD103175,2025-10-01,UPI,Paid,3271.96,TXN119696354
PAY503400,ORD103176,2025-09-11,Credit Card,Paid,1324.39,TXN713032362
PAY503401,ORD103177,2026-06-13,UPI,Paid,4889.08,TXN381584358
PAY503402,ORD103178,2026-04-29,PayPal,Pending,2444.54,TXN437953537
PAY503403,ORD103179,2025-08-21,UPI,Paid,546.42,TXN640818809
PAY503404,ORD103180,2025-09-27,Cash on Delivery,Paid,2573.2,TXN169784347
PAY503405,ORD103181,2026-02-23,Cash on Delivery,Paid,1302.72,TXN756508108
PAY503406,ORD103182,2026-05-07,UPI,Paid,1057.45,TXN576434603
PAY503407,ORD103183,2025-12-01,UPI,Failed,0.0,TXN687569783
PAY503408,ORD103183,2025-11-30,UPI,Failed,3594.68,
PAY503409,ORD103184,2025-10-23,UPI,Refunded,-1178.4,TXN162391410
PAY503410,ORD103185,,UPI,Paid,5242.08,TXN683564283
PAY503411,ORD103186,2025-01-07,UPI,Paid,8072.38,TXN346137924
PAY503412,ORD103187,2025-11-03,UPI,Paid,578.98,TXN908907127
PAY503413,ORD103188,2026-02-10,Credit Card,Paid,1092.84,TXN352186515
PAY503414,ORD103189,2025-03-01,Cash on Delivery,Paid,5633.79,TXN847382146
PAY503415,ORD103190,2025-05-28,Net Banking,Pending,693.18,TXN577634844
PAY503416,ORD103191,2025-07-04,UPI,Failed,0.0,TXN923326637
PAY503417,ORD103191,2025-07-03,UPI,Paid,1328.75,TXN276721154
PAY503418,ORD103192,2026-02-10,Debit Card,Paid,3994.09,TXN418719250
PAY503419,ORD103193,2025-04-01,Credit Card,Paid,1482.04,TXN329929057
PAY503420,ORD103194,2026-04-03,Net Banking,Paid,161.17,TXN489547019
PAY503421,ORD103195,2025-05-16,UPI,Failed,0.0,TXN252371727
PAY503422,ORD103196,2026-05-17,Credit Card,Paid,3090.18,TXN860472849
PAY503423,ORD103197,2025-03-24,Credit Card,Paid,1767.6,TXN779135496
PAY503424,ORD103198,2025-11-08,Net Banking,Paid,7333.62,TXN896493174
PAY503425,ORD103199,2025-01-04,Debit Card,Paid,2607.4,TXN421365369
PAY503426,ORD103200,2025-05-13,UPI,Paid,1312.5,TXN466419311
PAY503427,ORD103201,2026-02-15,Net Banking,Refunded,-1747.36,TXN770186849
PAY503428,ORD103202,2025-05-10,UPI,Paid,1623.06,TXN750981861
PAY503429,ORD103203,03-12-2026,Net Banking,Paid,2648.78,TXN787767906
PAY503430,ORD103204,2025-07-25,UPI,Paid,7988.18,TXN814746864
PAY503431,ORD103205,2026-03-11,UPI,Paid,723.73,TXN506261648
PAY503432,ORD103206,2025-11-27,Debit Card,Paid,1975.56,TXN287911963
PAY503433,ORD103207,2026-05-10,UPI,Paid,1447.46,TXN565243331
PAY503434,ORD103208,2025-09-02,Credit Card,Paid,494.26,TXN513898688
PAY503435,ORD103209,2026-03-08,UPI,Failed,0.0,TXN596543971
PAY503436,ORD103209,2026-03-08,UPI,Paid,4462.48,TXN917018303
PAY503437,ORD103210,2025-12-03,UPI,Paid,1258.81,TXN554751610
PAY503438,ORD103211,2026-02-24,Net Banking,Paid,703.97,TXN671717181
PAY503439,ORD103212,2025-02-04,PayPal,Pending,3979.44,TXN932388757
PAY503440,ORD103213,2025-08-13,UPI,Paid,526.97,TXN399723178
PAY503441,ORD103214,2025-05-30,Credit Card,Partially Refunded,845.07,TXN760391039
PAY503442,ORD103215,2026-06-08,PayPal,Paid,1326.48,TXN413380074
PAY503443,ORD103216,2025-11-21,Net Banking,Paid,494.26,TXN644956322
PAY503444,ORD103217,2025-08-04,Credit Card,Paid,2079.54,TXN422529256
PAY503445,ORD103218,2026-05-07,Cash on Delivery,Paid,988.52,TXN595699391
PAY503446,ORD103219,2025-06-06,Net Banking,Paid,1326.48,TXN400680418
PAY503447,ORD103220,2025-08-30,Net Banking,Paid,1082.04,TXN783577317
PAY503448,ORD103221,2025-06-08,Credit Card,Paid,3635.51,TXN350337710
PAY503449,ORD103222,2026-02-02,UPI,Pending,338.51,TXN570287795
PAY503450,ORD103223,2025-04-04,Net Banking,Paid,1246.88,TXN399179094
PAY503451,ORD103224,2026-03-20,Credit Card,Pending,469.55,TXN769141966
PAY503452,ORD103225,2026-06-18,PayPal,Paid,2744.63,TXN950466005
PAY503453,ORD103226,2025-01-27,Cash on Delivery,Refunded,-1082.04,TXN875177881
PAY503454,ORD103227,2025-08-05,UPI,Paid,3090.18,TXN818670386
PAY503455,ORD103228,2025-10-20,Debit Card,Failed,0.0,TXN728318887
PAY503456,ORD103228,2025-10-19,Debit Card,Paid,322.34,TXN883251588
PAY503457,ORD103229,2025-10-09,Cash on Delivery,Refunded,-575.18,TXN573550694
PAY503458,ORD103230,2026-06-21,Credit Card,Paid,1580.91,TXN409459107
PAY503459,ORD103231,2025-09-20,Debit Card,Paid,7189.36,TXN342683110
PAY503460,ORD103232,2025-02-26,UPI,Paid,589.2,TXN870898210
PAY503461,ORD103233,2025-07-20,Credit Card,Paid,1150.36,TXN641954861
PAY503462,ORD103234,2026-01-30,Credit Card,Paid,3979.44,TXN756301667
PAY503463,ORD103235,2025-09-07,Net Banking,Refunded,-1877.93,TXN884276795
PAY503464,ORD103236,2025-09-06,Credit Card,Paid,356.33,TXN772237131
PAY503465,ORD103237,2025-11-23,Debit Card,Pending,630.68,TXN994742048
PAY503466,ORD103238,2026-01-28,Credit Card,Paid,693.18,TXN451315959
PAY503467,ORD103239,2025-12-20,Cash on Delivery,Paid,,TXN886638992
PAY503468,ORD103240,2025-11-25,Cash on Delivery,Paid,3394.98,TXN297498390
PAY503469,ORD103241,2025-05-12,PayPal,Paid,838.04,TXN972789467
PAY503470,ORD103242,2026-01-16,Net Banking,Paid,2387.66,TXN235666653
PAY503471,ORD103243,2026-05-30,UPI,Failed,0.0,TXN665431510
PAY503472,ORD103243,2026-05-29,UPI,Paid,3994.09,TXN234943075
PAY503473,ORD103244,2025-07-14,Debit Card,Paid,186.01,TXN825613154
PAY503474,ORD103245,2025-02-06,Credit Card,Paid,693.18,TXN834476418
PAY503475,ORD103246,2025-11-12,UPI,Paid,2205.35,TXN147651464
PAY503476,ORD103247,2025-03-11,UPI,Failed,0.0,TXN708789852
PAY503477,ORD103247,2025-03-11,UPI,Paid,7988.18,TXN872495884
PAY503478,ORD103248,2025-04-13,Debit Card,Paid,693.18,TXN192875502
PAY503479,ORD103249,2025-03-20,Debit Card,Paid,6789.96,TXN367814699
PAY503480,ORD103250,2026-01-07,Debit Card,Failed,0.0,TXN858450680
PAY503481,ORD103250,01-06-2026,Debit Card,Paid,526.97,TXN569983737
PAY503482,ORD103251,2025-05-11,Cash on Delivery,Refunded,-3755.86,TXN558648533
PAY503483,ORD103252,2025-07-05,UPI,Paid,5146.4,TXN728935717
PAY503484,ORD103253,2025-08-18,UPI,Paid,1398.68,TXN479242789
PAY503485,ORD103254,2025-03-28,Net Banking,Paid,3635.51,TXN212515059
PAY503486,ORD103255,2026-01-26,UPI,Paid,320.7,TXN239552232
PAY503487,ORD103256,2026-03-03,Debit Card,Paid,395.41,TXN481516578
PAY503488,ORD103257,2025-09-22,UPI,Paid,526.97,TXN422088813
PAY503489,ORD103258,2025-12-16,Cash on Delivery,Paid,459.87,TXN909163616
PAY503490,ORD103259,2026-06-19,UPI,Paid,7719.6,TXN644857638
PAY503491,ORD103260,2025-12-16,Net Banking,Paid,2187.22,TXN825057834
PAY503492,ORD103261,2026-03-09,Credit Card,Paid,2732.1,TXN941482874
PAY503493,ORD103262,2025-01-06,UPI,Paid,1057.45,TXN115492334
PAY503494,ORD103263,2025-12-06,Credit Card,Failed,0.0,TXN244686738
PAY503495,ORD103264,2025-12-07,Credit Card,Paid,433.8,TXN861393613
PAY503496,ORD103265,2025-10-04,UPI,Partially Refunded,254.15,TXN944569476
PAY503497,ORD103266,2025-06-25,Credit Card,Partially Refunded,83.7,TXN151494681
PAY503498,ORD103267,2025-10-12,UPI,Paid,1326.48,TXN225625250
PAY503499,ORD103268,2025-06-02,Cash on Delivery,Paid,1053.94,TXN123867006
PAY503500,ORD103269,2025-12-07,credit card,Paid,3346.86,TXN779185753
PAY503501,ORD103270,2025-08-14,Cash on Delivery,Paid,3973.17,TXN950354442
PAY503502,ORD103271,2026-05-09,UPI,Paid,2744.63,TXN922685964
PAY503503,ORD103272,2026-05-28,UPI,Failed,0.0,TXN760386817
PAY503504,ORD103272,2026-05-29,UPI,Paid,693.18,TXN908769875
PAY503505,ORD103273,2026-05-19,Net Banking,Paid,988.52,TXN409929370
PAY503506,ORD103274,2025-03-29,Credit Card,Paid,4374.44,TXN444912442
PAY503507,ORD103275,2025-09-13,UPI,Paid,161.17,TXN996546026
PAY503508,ORD103276,2026-05-08,Cash on Delivery,Failed,0.0,TXN712318656
PAY503509,ORD103276,2026-05-09,Cash on Delivery,Paid,1747.36,TXN455787145
PAY503510,ORD103277,2025-04-09,UPI,Paid,700.76,TXN157809048
PAY503511,ORD103278,2025-02-15,Net Banking,Failed,0.0,TXN808698215
PAY503512,ORD103279,2026-05-14,UPI,Paid,541.02,TXN771580814
PAY503513,ORD103280,2025-11-11,Credit Card,Paid,2362.5,TXN793224361
PAY503514,ORD103281,2025-09-04,UPI,Pending,741.02,TXN255469607
PAY503515,ORD103282,2025-03-16,Credit Card,Paid,1328.75,TXN677891610
PAY503516,ORD103283,2026-03-09,PayPal,Paid,235.33,TXN454730825
PAY503517,ORD103284,2025-03-03,UPI,Paid,1317.04,TXN497302860
PAY503518,ORD103285,2025-10-29,Net Banking,Paid,7189.36,TXN338248818
PAY503519,ORD103286,2025-06-15,UPI,Paid,2652.96,TXN674348291
PAY503520,ORD103287,2025-12-17,PayPal,Paid,741.02,TXN624442969
PAY503521,ORD103288,2025-08-09,Credit Card,Paid,1587.84,TXN340921733
PAY503522,ORD103289,2025-08-27,UPI,Paid,693.18,TXN620170232
PAY503523,ORD103290,2026-04-17,Cash on Delivery,Paid,705.99,TXN766422404
PAY503524,ORD103291,2025-02-03,Cash on Delivery,Paid,2797.36,TXN649571966
PAY503525,ORD103292,2025-06-20,Credit Card,Paid,1193.83,TXN299978112
PAY503526,ORD103293,2025-10-05,UPI,Paid,488.9,TXN590084819
PAY503527,ORD103294,2026-06-14,Debit Card,Paid,200.03,TXN750921096
PAY503528,ORD103295,2025-08-25,UPI,Paid,1401.52,TXN395457283
PAY503529,ORD103296,2025-08-22,Credit Card,Paid,558.03,TXN467672619
PAY503530,ORD103297,2026-06-18,Cash on Delivery,Failed,0.0,TXN636345232
PAY503531,ORD103298,2026-06-15,UPI,Paid,1193.83,TXN482167153
PAY503532,ORD103299,2026-05-19,Net Banking,Paid,4196.04,TXN866390196
PAY503533,ORD103300,2026-02-07,UPI,Paid,1312.5,TXN469575124
PAY503534,ORD103301,2026-05-23,UPI,Paid,1035.32,TXN853857477
PAY503535,ORD103302,2026-02-15,PayPal,Failed,0.0,TXN272207119
PAY503536,ORD103303,2025-07-27,Credit Card,Failed,0.0,TXN470943559
PAY503537,ORD103303,2025-07-27,Credit Card,Paid,700.76,TXN808839387
PAY503538,ORD103304,2026-06-04,UPI,Paid,12108.57,TXN315686996
PAY503539,ORD103305,2025-12-15,Credit Card,Paid,3780.48,TXN424815954
PAY503540,ORD103306,2026-02-01,Net Banking,Paid,2744.63,TXN959264528
PAY503541,ORD103307,2026-03-24,UPI,Paid,741.02,TXN804889432
PAY503542,ORD103308,2025-12-28,Debit Card,Paid,2387.66,TXN996520905
PAY503543,ORD103309,2025-12-18,Credit Card,Paid,1258.81,TXN386045923
PAY503544,ORD967731,2025-09-28,Credit Card,Refunded,-7410.51,TXN186674105
PAY503545,ORD103311,2025-04-24,Debit Card,Failed,0.0,TXN130456990
PAY503546,ORD103311,2025-04-25,Debit Card,Failed,0.0,TXN275107142
PAY503547,ORD103312,2025-07-24,UPI,Paid,2652.96,
PAY503548,ORD103313,2025-04-01,PayPal,Paid,2164.08,TXN883371626
PAY503549,ORD103314,2025-03-20,UPI,Paid,3494.72,TXN225563739
PAY503550,ORD103315,2025-04-05,UPI,Paid,1027.94,TXN703012958
PAY503551,ORD103316,2025-10-11,Net Banking,Partially Refunded,95.31,TXN180877973
PAY503552,ORD103317,2025-08-28,UPI,Paid,2332.94,TXN885223699
PAY503553,ORD103318,2025-07-23,Net Banking,Paid,1057.45,TXN482204402
PAY503554,ORD103319,2025-03-30,Cash on Delivery,Paid,1326.48,TXN176044809
PAY503555,ORD103320,2026-04-27,UPI,Paid,838.04,TXN221283939
PAY503556,ORD103321,2026-05-31,Credit Card,Paid,4036.19,TXN998098172
PAY503557,ORD103322,2026-03-29,credit card,Paid,3755.86,TXN226891210
PAY503558,ORD103323,2025-09-12,Cash on Delivery,Refunded,-7588.78,TXN900823085
PAY503559,ORD103324,2025-12-30,Credit Card,Paid,2744.63,TXN882860629
PAY503560,ORD103325,2025-03-31,Credit Card,Paid,693.18,TXN964303111
PAY503561,ORD103326,2025-05-09,UPI,Paid,7988.18,TXN932241610
PAY503562,ORD103327,2025-01-07,Credit Card,Paid,3994.09,TXN163111838
PAY503563,ORD103328,2025-08-30,UPI ,Paid,1460.76,TXN912210235
PAY503564,ORD103329,2025-08-25,Credit Card,Paid,1246.88,TXN518166370
PAY503565,ORD103330,2025-05-12,Debit Card,Paid,7271.02,TXN275878104
PAY503566,ORD103331,2025-10-06,Cash on Delivery,Failed,0.0,TXN703703963
PAY503567,ORD103332,2026-04-02,UPI,Refunded,-3994.09,TXN315205458
PAY503568,ORD103333,2025-07-16,Credit Card,Paid,2744.63,TXN546653583
PAY503569,ORD103334,2026-05-10,Cash on Delivery,Paid,3994.09,TXN313807597
PAY503570,ORD103335,2026-03-26,Credit Card,Paid,2652.96,TXN379148608
PAY503571,ORD103336,2025-07-22,UPI,Paid,5242.08,TXN968748136
PAY503572,ORD103337,2025-12-01,Debit Card,Paid,1623.06,TXN970768262
PAY503573,ORD103338,2025-02-10,Credit Card,Paid,2332.94,TXN401411521
PAY503574,ORD103339,2026-06-17,UPI,Paid,658.52,TXN170434714
PAY503575,ORD103340,2026-02-27,Debit Card,Paid,2573.2,TXN456871588
PAY503576,ORD103341,2026-05-02,Cash on Delivery,Paid,6543.92,TXN759329708
PAY503577,ORD103342,2026-02-07,Debit Card,Failed,0.0,TXN521724102
PAY503578,ORD103343,2025-10-19,Cash on Delivery,Paid,3394.98,TXN638177637
PAY503579,ORD103344,2025-12-07,UPI,Paid,1188.88,TXN250630942
PAY503580,ORD103345,2025-10-06,Cash on Delivery,Paid,575.18,TXN997274116
PAY503581,ORD103346,2025-10-30,Net Banking,Paid,999999.0,TXN410389541
PAY503582,ORD103347,2025-07-25,Cash on Delivery,Refunded,-1877.93,TXN961151019
PAY503583,ORD103348,2025-11-16,UPI,Paid,700.76,TXN312462971
PAY503584,ORD103349,2025-09-20,PayPal,Paid,6947.64,TXN584692097
PAY503585,ORD103350,2026-04-20,Credit Card,Paid,7719.6,TXN987907296
PAY503586,ORD103351,2025-02-01,UPI,Paid,7988.18,TXN808644130
PAY503587,ORD103352,2025-12-06,Credit Card,Paid,1057.45,TXN734083910
PAY503588,ORD103353,2026-05-03,Debit Card,Paid,723.73,TXN826986318
PAY503589,ORD103354,2025-12-18,Credit Card,Paid,4391.4,TXN624682640
PAY503590,ORD103355,2025-12-08,UPI,Refunded,-1343.76,TXN240446806
PAY503591,ORD103356,2025-11-16,UPI,Paid,10429.6,TXN413738565
PAY503592,ORD103357,2025-09-05,Cash on Delivery,Failed,0.0,TXN922153992
PAY503593,ORD103358,2025-01-16,Debit Card,Paid,2573.2,TXN742004957
PAY503594,ORD103359,2026-07-02,Credit Card,Paid,1082.04,TXN458692048
PAY503595,ORD103360,2026-03-23,UPI,Paid,4391.4,TXN653939262
PAY503596,ORD103361,2026-04-13,Net Banking,Paid,4036.19,TXN624135488
PAY503597,ORD103362,2025-11-22,CC,Paid,7822.2,TXN660976096
PAY503598,ORD103363,2025-06-26,Debit Card,Paid,693.18,TXN717377510
PAY503599,ORD103364,2025-08-13,Debit Card,Paid,5242.08,TXN243058495
PAY503600,ORD103365,2026/06/05,UPI,Paid,1997.16,TXN579314102
PAY503601,ORD103366,2025-10-10,Debit Card,Pending,423.6,TXN896962201
PAY503602,ORD103367,2025-05-24,PayPal,Paid,271.12,TXN192143923
PAY503603,ORD103368,2025-04-22,Credit Card,Failed,0.0,TXN421148645
PAY503604,ORD103368,2025-04-21,Credit Card,Paid,889.66,TXN653217223
PAY503605,ORD103369,2026-03-03,UPI,Refunded,-447.92,TXN803612300
PAY503606,ORD103370,03/04/2025,Cash on Delivery,Paid,526.97,TXN651604593
PAY503607,ORD103371,2025-03-31,UPI,Paid,1975.56,TXN773035566
PAY503608,ORD103372,2026-03-25,UPI,Failed,0.0,TXN486621856
PAY503609,ORD103372,2026-03-27,UPI,Paid,1193.83,TXN670719328
PAY503610,ORD103373,2026-02-05,Net Banking,Paid,1326.48,TXN753428143
PAY503611,ORD103374,2026-04-16,UPI,Paid,5489.26,TXN610885855
PAY503612,ORD103375,2025-12-22,UPI,Paid,158.11,TXN690717881
PAY503613,ORD103376,2025-02-06,Net Banking,Paid,7988.18,TXN146207898
PAY503614,ORD103377,2025-08-19,UPI,Paid,517.66,TXN643556315
PAY503615,ORD103378,25-Jun-2025,Net Banking,Paid,693.18,TXN687396261
PAY503616,ORD103379,2025-04-06,UPI,Paid,1328.75,TXN593051999
PAY503617,ORD103380,2026-05-04,UPI,Paid,334.82,TXN776095749
PAY503618,ORD103381,2025-09-12,UPI,Paid,1747.36,TXN836912396
PAY503619,ORD103382,2025-12-30,Cash on Delivery,Pending,2744.63,TXN350301746
PAY503620,ORD103383,2025-11-13,UPI,Paid,541.02,TXN572042086
PAY503621,ORD103384,2025-06-03,Net Banking,Paid,2607.4,TXN306155101
PAY503622,ORD103385,2026-03-23,UPI,Paid,1317.04,TXN748144783
PAY503623,ORD103386,2026-05-06,UPI,Paid,2625.0,TXN125842783
PAY503624,ORD103387,2025-02-09,Credit Card,Paid,515.12,TXN340405692
PAY503625,ORD103388,2025-08-20,UPI,Paid,186.01,TXN514899530
PAY503626,ORD103389,2025-09-03,Debit Card,Paid,1784.03,TXN281483282
PAY503627,ORD103390,2025-10-06,Debit Card,Paid,8233.89,TXN537400188
PAY503628,ORD103391,2025-11-14,Debit Card,Failed,0.0,TXN756520967
PAY503629,ORD103391,2025-11-16,Debit Card,Paid,1109.08,TXN298634849
PAY503630,ORD103392,2025-07-20,UPI,Paid,2079.54,TXN576769508
PAY503631,ORD103393,2026-03-27,UPI,Refunded,-700.76,TXN943531482
PAY503632,ORD103394,2025-07-28,Credit Card,Paid,3973.17,TXN318591497
PAY503633,ORD103395,2025-01-13,UPI,Paid,1127.51,TXN231104856
PAY503634,ORD103396,2026-01-20,UPI,Paid,372.02,TXN775586742
PAY503635,ORD103397,2025-03-19,Cash on Delivery,Failed,0.0,
PAY503636,ORD103397,2025-03-18,Cash on Delivery,Paid,11383.17,TXN591997194
PAY503637,ORD103398,2025-07-08,Debit Card,Paid,6543.92,TXN382773230
PAY503638,ORD103399,2026-04-05,UPI,Paid,2772.72,TXN424389529
PAY503639,ORD103400,2025-11-30,UPI,Paid,1323.21,TXN597787944
PAY503640,ORD103401,2025-12-02,Debit Card,Failed,0.0,TXN252097441
PAY503641,ORD103402,2025-02-01,Cash on Delivery,Paid,3635.51,TXN219744313
PAY503642,ORD103403,2026-03-07,UPI,Paid,1877.93,TXN963748781
PAY503643,ORD103404,2025-01-06,Credit Card,Paid,2652.96,TXN119851305
PAY503644,ORD103405,2025-09-17,UPI,Paid,1068.99,TXN946019241
PAY503645,ORD103406,2026-01-07,UPI,Paid,712.66,TXN712607697
PAY503646,ORD103407,2026-04-23,UPI,Paid,7822.2,TXN124235391
PAY503647,ORD103408,2026-03-01,UPI,Paid,9778.16,TXN709119986
PAY503648,ORD103409,2026-06-21,UPI,Paid,186.01,TXN406913316
PAY503649,ORD103410,2026-05-23,Net Banking,Paid,2299.35,TXN811211371
PAY503650,ORD103411,2026-04-20,Cash on Delivery,Paid,1326.48,TXN408963147
PAY503651,ORD103412,2026-03-13,Cash on Delivery,Paid,1482.04,TXN581841680
PAY503652,ORD103413,2025-06-11,UPI,Paid,3465.9,TXN854346797
PAY503653,ORD103414,2025-04-28,Credit Card,Paid,1877.93,TXN257915109
PAY503654,ORD103415,2026-05-10,Cash on Delivery,Failed,0.0,TXN491089992
PAY503655,ORD103415,2026-05-10,Cash on Delivery,Paid,4036.19,TXN110420579
PAY503656,ORD103416,2025-04-29,UPI,Paid,2470.17,TXN756694175
PAY503657,ORD103417,05/06/2026,Credit Card,Paid,1150.36,TXN511332354
PAY503658,ORD103418,2026-06-12,Cash on Delivery,Paid,372.02,TXN728434514
PAY503659,ORD103419,2025-12-05,Credit Card,Failed,0.0,TXN341579543
PAY503660,ORD103419,2025-12-06,Credit Card,Paid,687.54,TXN554628855
PAY503661,ORD103420,2026-05-12,Debit Card,Paid,5146.4,TXN575976584
PAY503662,ORD103421,2025-01-17,UPI,Pending,3780.48,TXN823405501
PAY503663,ORD103422,2025-06-20,Credit Card,Paid,2744.63,TXN803908315
PAY503664,ORD103423,10-May-2025,Debit Card,Refunded,-693.18,TXN343977601
PAY503665,ORD103424,2025-05-25,Credit Card,Failed,0.0,TXN638628327
PAY503666,ORD103425,2025-02-15,UPI,Paid,2772.72,TXN745810545
PAY503667,ORD103426,2025-05-03,Credit Card,Paid,1877.93,TXN116135388
PAY503668,ORD103427,2026-02-04,Net Banking,Pending,1326.48,TXN383819940
PAY503669,ORD103428,2025-07-13,Net Banking,Paid,2744.63,TXN544517560
PAY503670,ORD103429,2025-10-28,UPI,Paid,474.27,TXN687350864
PAY503671,ORD103430,2026-04-19,Credit Card,Paid,889.66,TXN333127736
PAY503672,ORD103431,2025-05-08,Cash on Delivery,Paid,13723.15,TXN241468147
PAY503673,ORD103432,2025-06-11,UPI,Failed,0.0,TXN738185790
PAY503674,ORD103432,2025-06-11,UPI,Paid,2444.54,TXN470763093
PAY503675,ORD103433,2025-08-12,PayPal,Paid,2102.28,TXN337153284
PAY503676,ORD103434,2025-11-07,Cash on Delivery,Paid,526.97,TXN676905568
PAY503677,ORD103435,2026-01-28,Cash on Delivery,Paid,605.76,TXN118215739
PAY503678,ORD993730,2025-11-02,UPI,Paid,1247.72,TXN519571695
PAY503679,ORD103437,2025-07-18,Cash on Delivery,Paid,3594.68,TXN551497639
PAY503680,ORD103438,2025-03-19,Debit Card,Paid,1877.93,TXN448429486
PAY503681,ORD103439,2026-06-24,Cash on Delivery,Failed,0.0,TXN140344229
PAY503682,ORD103439,2026-06-26,Cash on Delivery,Paid,7189.36,TXN360465972
PAY503683,ORD103440,2025-11-25,Credit Card,Paid,2573.2,
PAY503684,ORD103441,2026-06-30,UPI,Failed,0.0,TXN430403126
PAY503685,ORD103441,2026-07-02,UPI,Paid,2573.2,TXN425368269
PAY503686,ORD103442,2025-10-22,UPI,Paid,1230.34,TXN358867312
PAY503687,ORD103443,2025-12-09,UPI,Partially Refunded,2535.21,TXN537606333
PAY503688,ORD103444,2026-04-06,UPI,Paid,338.51,TXN252944139
PAY503689,ORD103445,2026-04-13,UPI,Pending,271.12,TXN794081564
PAY503690,ORD103446,2025-10-25,Credit Card,Failed,0.0,TXN363350414
PAY503691,ORD103446,2025-10-25,Credit Card,Paid,651.36,TXN335862548
PAY503692,ORD103447,2025-10-07,UPI,Paid,1191.95,TXN396007070
PAY503693,ORD103448,2025-02-18,UPI,Paid,2122.36,TXN932281521
PAY503694,ORD103449,2026-06-19,Debit Card,Paid,1690.14,TXN324591444
PAY503695,ORD103450,2025-12-26,Cash on Delivery,Paid,526.97,TXN520086745
PAY503696,ORD103451,2025-07-08,Credit Card,Pending,700.76,TXN733622326
PAY503697,ORD103452,2025-01-28,Net Banking,Paid,530.13,TXN517470977
PAY503698,ORD103453,2026-04-30,Debit Card,Paid,494.26,TXN603395722
PAY503699,ORD103454,2026-05-06,Credit Card,Paid,5146.4,TXN402753347
PAY503700,ORD103455,2025-02-25,UPI ,Refunded,-977.8,TXN209543234
PAY503701,ORD103456,2025-09-11,Cash on Delivery,Paid,1258.81,TXN744377295
PAY503702,ORD103457,2025-11-05,Net Banking,Pending,7988.18,TXN475392024
PAY503703,ORD103458,2026-03-03,Net Banking,Paid,1877.93,TXN691751867
PAY503704,ORD103459,2026-04-17,Credit Card,Paid,651.36,TXN993448934
PAY503705,ORD103460,2025-12-24,UPI,Paid,6290.48,TXN897779184
PAY503706,ORD103461,2025-10-16,Debit Card,Paid,2607.4,TXN810679360
PAY503707,ORD103462,2025-01-16,COD,Paid,1247.72,TXN280415453
PAY503708,ORD103463,2026-01-04,PayPal,Paid,2657.5,TXN645492137
PAY503709,ORD103464,2025-04-14,Credit Card,Refunded,-4631.76,TXN501836609
PAY503710,ORD103465,2026-02-24,Debit Card,Paid,2164.08,TXN361415656
PAY503711,ORD103466,2025-05-28,PayPal,Paid,1092.84,TXN610196840
PAY503712,ORD103467,2025-07-30,Debit Card,Paid,723.73,TXN325298683
PAY503713,ORD103468,2025-10-05,Debit Card,Paid,441.07,TXN538533585
PAY503714,ORD103469,2025-05-08,Cash on Delivery,Paid,1326.48,TXN593085133
PAY503715,ORD103470,2026-03-11,UPI,Failed,0.0,TXN513359346
PAY503716,ORD103470,2026-03-08,upi,Paid,1386.36,TXN829442219
PAY503717,ORD103471,2026-06-19,Net Banking,Failed,0.0,TXN652658433
PAY503718,ORD103472,2025-02-09,UPI,Paid,988.52,TXN338088769
PAY503719,ORD103473,2025-12-21,Credit Card,Failed,0.0,TXN886036262
PAY503720,ORD103474,2026-03-07,Cash on Delivery,Pending,6947.64,TXN620953361
PAY503721,ORD103475,2026-06-20,Net Banking,Refunded,-1082.04,TXN241204797
PAY503722,ORD103476,2025-11-10,UPI,Paid,3594.68,TXN878412530
PAY503723,ORD103477,2025-03-29,Debit Card,Paid,7988.18,TXN536362782
PAY503724,ORD103478,2025-02-01,Credit Card,Refunded,-1053.94,TXN584520688
PAY503725,ORD103479,2025-08-06,UPI,Paid,7668.76,TXN377156070
PAY503726,ORD103480,2026-04-15,Credit Card,Pending,5305.92,TXN785110811
PAY503727,ORD103481,2025-05-31,Cash on Delivery,Paid,494.26,TXN564083241
PAY503728,ORD103482,2025-12-20,Cash on Delivery,Paid,145.05,TXN344868667
PAY503729,ORD103483,2025-11-13,credit card,Paid,1193.83,TXN358887092
PAY503730,ORD103484,2025-12-18,UPI,Paid,5214.8,TXN439127114
PAY503731,ORD103485,2025-10-24,Cash on Delivery,Paid,356.33,TXN740752510
PAY503732,ORD103486,2025-05-31,Cash on Delivery,Paid,486.92,TXN724553033
PAY503733,ORD103487,2025-01-15,UPI,Paid,1115.62,TXN552061919
PAY503734,ORD103488,2025-12-07,Net Banking,Paid,558.03,TXN582906234
PAY503735,ORD103489,2025-09-04,Credit Card,Paid,693.18,TXN649245500
PAY503736,ORD103490,2026-05-29,UPI,Paid,1460.76,TXN150605428
PAY503737,ORD103491,2025-04-27,Credit Card,Paid,3635.51,TXN998084988
PAY503738,ORD103492,2025-01-14,PayPal,Paid,575.18,TXN293247347
PAY503739,ORD103493,2026-03-06,Credit Card,Paid,5146.4,TXN975556388
PAY503740,ORD103494,2025-10-28,PayPal,Paid,517.66,TXN407143248
PAY503741,ORD103495,2025-07-18,UPI,Paid,951.7,TXN354247692
PAY503742,ORD103496,2025-12-21,UPI,Paid,2607.4,TXN384197178
PAY503743,ORD103497,2025-06-20,UPI,Paid,12108.57,TXN204667586
PAY503744,ORD103498,2025-08-29,Debit Card,Paid,973.84,TXN955722980
PAY503745,ORD103499,2025-03-30,Debit Card,Paid,7271.02,TXN467962577
PAY503746,ORD103500,2026-04-14,UPI,Failed,0.0,TXN469397787
PAY503747,ORD103500,2026-04-16,UPI,Paid,18971.95,TXN727041777
PAY503748,ORD103501,2025-08-11,PayPal,Paid,1877.93,TXN542146316
PAY503749,ORD103502,2025-01-21,UPI,Paid,2744.63,TXN571016749
PAY503750,ORD103503,2025-04-25,UPI,Paid,1190.88,TXN491969884
PAY503751,ORD103504,2025-08-13,Net Banking,Paid,1386.36,TXN803096186
PAY503752,ORD103505,2026-07-01,UPI,Failed,0.0,TXN825768293
PAY503753,ORD103506,2026-02-19,UPI,Paid,9263.52,TXN965912589
PAY503754,ORD103507,2025-09-13,UPI,Paid,2573.2,TXN748282940
PAY503755,ORD103508,2025-03-02,Credit Card,Paid,5146.4,TXN465659302
PAY503756,ORD103509,2025-11-06,Cash on Delivery,Paid,882.14,TXN141922355
PAY503757,ORD103510,2025-02-25,UPI,Paid,2470.17,TXN147480097
PAY503758,ORD103511,2025-05-14,Net Banking,Paid,271.12,TXN511776921
PAY503759,ORD103512,2025-06-03,Credit Card,Paid,2573.2,TXN703848722
PAY503760,ORD103513,2026-01-15,UPI,Pending,3594.68,TXN400783895
PAY503761,ORD103513,2026-01-16,UPI,Pending,3594.68,TXN246906305
PAY503762,ORD103514,2025-04-24,Debit Card,Paid,3192.48,TXN226699431
PAY503763,ORD103515,2026-02-11,UPI,Paid,161.17,TXN182002076
PAY503764,ORD103516,2025-12-04,UPI,Paid,2444.54,TXN362615703
PAY503765,ORD103517,2025-03-09,Cash on Delivery,Paid,629.87,TXN223385745
PAY503766,ORD103518,2026-05-08,UPI,Failed,0.0,TXN969578601
PAY503767,ORD103519,03-31-2026,UPI,Paid,,TXN528567735
PAY503768,ORD103520,2025-11-07,Cash on Delivery,Paid,693.18,TXN556462701
PAY503769,ORD103521,2025-12-22,UPI,Paid,3937.5,TXN531458329
PAY503770,ORD103522,2025-02-01,Net Banking,Paid,1082.04,TXN284521011
PAY503771,ORD103523,2025-02-16,UPI,Paid,469.55,TXN686828661
PAY503772,ORD103524,2026-04-06,UPI,Paid,2470.17,TXN157459374
PAY503773,ORD103525,2025-11-15,UPI,Paid,0.0,TXN346576009
PAY503774,ORD103526,2025-08-14,UPI,Failed,0.0,TXN697853742
PAY503775,ORD103526,2025-08-12,UPI,Paid,744.04,TXN929563388
PAY503776,ORD103527,2025-06-23,UPI,Failed,0.0,TXN112640917
PAY503777,ORD103527,2025-06-25,UPI,Paid,5489.26,TXN431817267
PAY503778,ORD103528,2025-05-10,UPI,Paid,3776.43,TXN447452713
PAY503779,ORD103529,2025-06-27,Credit Card,Paid,1482.78,TXN441817788
PAY503780,ORD103530,2026-03-10,Credit Card,Paid,2573.2,TXN256035776
PAY503781,ORD103531,2025-10-08,Credit Card,Paid,693.18,TXN976463080
PAY503782,ORD103532,2025-07-14,UPI,Paid,1386.36,TXN914191718
PAY503783,ORD103533,2025-06-28,UPI,Paid,1784.03,TXN934624815
PAY503784,ORD103534,2025-04-15,Credit Card,Paid,4889.08,TXN520432876
PAY503785,ORD103535,2025-01-17,Debit Card,Paid,575.18,TXN341548401
PAY503786,ORD103536,2025-06-17,Credit Card,Failed,0.0,TXN757541858
PAY503787,ORD103537,2025-04-11,UPI,Paid,592.82,TXN942338896
PAY503788,ORD103538,2026-07-02,Debit Card,Paid,2607.4,TXN483643997
PAY503789,ORD103539,2025-07-07,PayPal,Paid,1312.5,TXN932392265
PAY503790,ORD103540,2025-04-06,Credit Card,Pending,494.26,TXN239757962
PAY503791,ORD103541,2025-09-06,UPI,Paid,541.02,TXN653836434
PAY503792,ORD103542,2026-02-07,UPI,Paid,3635.51,TXN833970353
PAY503793,ORD103543,2026-02-24,Credit Card,Paid,6543.92,TXN250945477
PAY503794,ORD103544,2025-06-19,Cash on Delivery,Paid,541.02,TXN419076857
PAY503795,ORD103545,2025-06-22,Debit Card,Paid,666.92,TXN108356367
PAY503796,ORD103546,2025-10-11,Net Banking,Pending,290.1,TXN172165358
PAY503797,ORD103547,2025-11-18,Credit Card,Paid,7410.51,TXN202927348
PAY503798,ORD103548,2025-11-20,UPI,Paid,1334.49,TXN179886598
PAY503799,ORD103549,2025-10-15,Credit Card,Paid,486.92,TXN673648658
PAY503800,ORD103550,2025-10-23,Debit Card,Paid,3794.39,TXN726199269
PAY503801,ORD103551,2026-04-08,Cash on Delivery,Paid,356.33,TXN545147514
PAY503802,ORD103552,2025-01-15,PayPal,Paid,2444.54,TXN192507261
PAY503803,ORD103553,2026-03-03,UPI,Failed,0.0,TXN837125649
PAY503804,ORD103553,2026-03-04,UPI,Paid,230.45,TXN404078406
PAY503805,ORD103554,2025-05-06,UPI,Paid,1784.03,TXN309164364
PAY503806,ORD103555,2025-09-30,Cash on Delivery,Paid,1258.81,TXN949129928
PAY503807,ORD103556,2025-04-16,UPI,Paid,2255.02,TXN186158215
PAY503808,ORD103557,2026-03-26,UPI,Paid,541.02,TXN651271491
PAY503809,ORD103558,2025-04-26,Net Banking,Paid,517.66,TXN978101924
PAY503810,ORD103559,05-18-2025,Net Banking,Paid,1975.56,TXN904418530
PAY503811,ORD103560,2025-03-22,UPI,Paid,2315.88,TXN615043153
PAY503812,ORD103561,2025-10-16,Credit Card,Paid,2495.44,TXN541460867
PAY503813,ORD103562,2026-02-18,Cash on Delivery,Paid,1326.48,TXN828042253
PAY503814,ORD103563,2026-06-23,Net Banking,Paid,575.18,TXN408296299
PAY503815,ORD103564,2025-02-28,Net Banking,Refunded,-693.18,TXN424715844
PAY503816,ORD103565,2026-01-19,Credit Card,Paid,494.26,TXN876858189
PAY503817,ORD103566,2026-03-31,UPI,Paid,459.87,TXN500092973
PAY503818,ORD103567,2025-10-23,UPI,Paid,744.04,TXN731417930
PAY503819,ORD103568,2026-06-11,Credit Card,Paid,575.18,TXN229824458
PAY503820,ORD103569,2025-06-13,Debit Card,Paid,951.7,TXN227938012
PAY503821,ORD103570,2025-11-20,Debit Card,Paid,500.62,TXN404217359
PAY503822,ORD103571,2025-11-27,Credit Card,Pending,589.2,TXN258954590
PAY503823,ORD103572,2025-08-11,UPI,Paid,1447.46,TXN451537126
PAY503824,ORD103573,2025-01-22,PayPal,Partially Refunded,567.07,TXN406728402
PAY503825,ORD103574,2025-02-01,Cash on Delivery,Paid,8072.38,TXN416171455
PAY503826,ORD103575,2026-01-25,UPI,Failed,0.0,TXN791819209
PAY503827,ORD103576,2025-05-02,Debit Card,Paid,542.24,TXN672812726
PAY503828,ORD103577,2025-10-15,Credit Card,Paid,1328.75,TXN857910452
PAY503829,ORD103578,2025-10-20,UPI,Paid,7719.6,TXN243054479
PAY503830,ORD103579,2026-03-10,UPI,Paid,1001.24,TXN626854966
PAY503831,ORD103580,2025-01-24,Credit Card,Paid,541.02,TXN294053423
PAY503832,ORD103581,2025-05-24,UPI,Paid,12108.57,TXN206546681
PAY503833,ORD103582,2025-06-08,credit card,Paid,589.2,TXN357769754
PAY503834,ORD103583,2026-01-17,Credit Card,Failed,0.0,TXN785134274
PAY503835,ORD103584,2026-03-28,UPI,Paid,526.97,TXN467455185
PAY503836,ORD103585,2026-07-01,Cash on Delivery,Paid,1191.95,TXN705120804
PAY503837,ORD103586,2025-08-24,Credit Card,Paid,3594.68,TXN522638149
PAY503838,ORD103587,2026-01-22,Debit Card,Paid,658.52,TXN930104655
PAY503839,ORD103588,2025-04-29,UPI,Paid,1572.62,TXN623981376
PAY503840,ORD103589,2026-05-02,Credit Card,Failed,0.0,TXN935335472
PAY503841,ORD103589,2026-04-30,Credit Card,Paid,2493.76,TXN751029844
PAY503842,ORD103590,2026-05-13,UPI,Paid,665.72,TXN804415454
PAY503843,ORD103591,2026-02-13,Credit Card,Paid,7988.18,TXN308045808
PAY503844,ORD103592,2026-01-03,UPI,Paid,1747.36,TXN548032323
PAY503845,ORD103593,2025-06-02,UPI,Paid,494.26,TXN338370448
PAY503846,ORD103594,2025-09-10,UPI,Paid,4374.44,TXN350438642
PAY503847,ORD103595,2025-10-16,UPI,Pending,1690.14,TXN527446486
PAY503848,ORD103596,2025-12-31,Cash on Delivery,Paid,2058.56,TXN916210200
PAY503849,ORD103597,2026-06-02,UPI,Paid,687.54,TXN870951095
PAY503850,ORD103598,2026-06-25,Net Banking,Refunded,-1977.04,TXN905238549
PAY503851,ORD103599,2025-10-23,UPI,Paid,2744.63,TXN727109102
PAY503852,ORD103600,2026-02-07,Credit Card,Paid,1312.5,TXN843739186
PAY503853,ORD103601,2025-09-05,UPI,Failed,0.0,TXN854281476
PAY503854,ORD103601,2025-09-08,UPI,Paid,948.54,TXN640221983
PAY503855,ORD103602,2025-11-04,Cash on Delivery,Paid,3581.49,TXN177721459
PAY503856,ORD103603,2025-05-22,UPI,Paid,1082.04,TXN342916810
PAY503857,ORD103604,2026-05-29,Net Banking,Paid,693.18,TXN176681774
PAY503858,ORD103605,2026-03-20,UPI,Paid,1150.36,TXN733508681
PAY503859,ORD103606,2025-08-05,PayPal,Paid,1326.48,TXN201711245
PAY503860,ORD103607,2026-06-25,Credit Card,Paid,7271.02,TXN502342726
PAY503861,ORD103608,2025-02-17,Debit Card,Failed,0.0,TXN589390422
PAY503862,ORD103608,2025-02-17,Debit Card,Paid,575.18,TXN660072902
PAY503863,ORD103609,2025-08-23,UPI,Paid,700.76,TXN277188454
PAY503864,ORD103610,2025-04-26,Cash on Delivery,Paid,3394.98,TXN421248290
PAY503865,ORD103611,2026-01-20,Credit Card,Paid,10906.53,TXN212971633
PAY503866,ORD103612,2025-12-24,UPI,Failed,0.0,TXN827346287
PAY503867,ORD994425,2025-08-18,UPI,Pending,3271.96,TXN438552308
PAY503868,ORD103614,2025-11-17,UPI ,Paid,1324.39,TXN370667564
PAY503869,ORD103615,2025-09-01,UPI,Paid,1323.21,TXN153389648
PAY503870,ORD103616,2025-05-22,Cash on Delivery,Paid,2652.96,TXN656081049
PAY503871,ORD103617,2026-06-17,Cash on Delivery,Paid,1057.45,TXN142335575
PAY503872,ORD103618,2025-11-16,Debit Card,Paid,693.18,TXN672607904
PAY503873,ORD103619,2026-01-02,UPI,Pending,741.02,TXN463858403
PAY503874,ORD103620,2026-06-05,Debit Card,Paid,494.26,TXN249373206
PAY503875,ORD103621,2025-12-22,Cash on Delivery,Paid,2573.2,TXN741415436
PAY503876,ORD103622,2025-05-28,UPI,Refunded,-741.02,TXN368830141
PAY503877,ORD103623,2026-03-05,Cash on Delivery,Paid,2315.88,TXN129136926
PAY503878,ORD103624,2025-02-16,UPI,Paid,575.18,TXN138649331
PAY503879,ORD103625,2025-04-21,UPI,Paid,1580.91,TXN125306719
PAY503880,ORD103626,2025-02-04,UPI,Paid,526.97,TXN204271726
PAY503881,ORD103627,2026-04-09,Net Banking,Paid,5146.4,TXN306144146
PAY503882,ORD103628,2026-05-31,Credit Card,Paid,1877.93,TXN944888948
PAY503883,ORD103629,2025-03-07,upi,Paid,541.02,TXN160813516
PAY503884,ORD103630,2026-03-07,UPI,Paid,1188.88,TXN855573868
PAY503885,ORD103631,2025-11-16,Credit Card,Paid,1260.16,TXN543126480
PAY503886,ORD103632,2025-01-08,Credit Card,Paid,1398.68,TXN322683592
PAY503887,ORD103633,2025-12-09,Net Banking,Paid,3581.49,TXN139582486
PAY503888,ORD103634,2025-08-21,Credit Card,Paid,334.82,TXN477119106
PAY503889,ORD103635,2026-06-26,Cash on Delivery,Paid,4036.19,TXN273988983
PAY503890,ORD103636,2026-05-22,PayPal,Paid,1407.94,TXN393897107
PAY503891,ORD103637,2025-06-18,Cash on Delivery,Failed,,TXN433502142
PAY503892,ORD103637,2025-06-19,Cash on Delivery,Paid,3994.09,TXN375920333
PAY503893,ORD103638,2025-06-25,Net Banking,Paid,469.55,TXN894638004
PAY503894,ORD103639,2025-08-15,UPI,Failed,0.0,TXN559336254
PAY503895,ORD103640,2025-03-04,Debit Card,Failed,0.0,TXN920165293
PAY503896,ORD103641,2026-01-08,UPI,Paid,6632.4,TXN576590077
PAY503897,ORD103642,2026-06-21,UPI,Paid,3994.09,TXN750756715
PAY503898,ORD103643,2025-03-28,PayPal,Paid,2573.2,TXN884301743
PAY503899,ORD103644,2025-06-21,Credit Card,Paid,6543.92,TXN918965025
PAY503900,ORD103645,2026-04-06,Debit Card,Paid,1725.54,TXN863221598
PAY503901,ORD103646,2025-09-25,UPI,Paid,2079.54,TXN619232776
PAY503902,ORD103647,2025-01-09,Credit Card,Paid,526.97,TXN117670992
PAY503903,ORD103648,2025-05-16,Net Banking,Partially Refunded,152.33,TXN323220061
PAY503904,ORD103649,2025-09-24,Credit Card,Paid,2517.62,TXN988568952
PAY503905,ORD103650,2026-03-10,UPI,Partially Refunded,159.04,TXN586131073
PAY503906,ORD103651,2026-05-27,Net Banking,Failed,0.0,TXN655179649
PAY503907,ORD103651,2026-05-26,Net Banking,Paid,3430.76,TXN305703259
PAY503908,ORD103652,2025-10-24,Credit Card,Paid,302.88,TXN339017289
PAY503909,ORD103653,2025-08-20,UPI,Paid,1188.88,TXN884416053
PAY503910,ORD103654,2025-12-20,Credit Card,Paid,2224.15,TXN469737512
PAY503911,ORD103655,2025-05-14,Net Banking,Paid,3594.68,TXN222261992
PAY503912,ORD103656,2025-08-15,Cash on Delivery,Paid,1053.94,TXN848231289
PAY503913,ORD103657,2025-10-20,Debit Card,Paid,176.71,TXN458307455
PAY503914,ORD103658,2025-05-11,Credit Card,Paid,7588.78,TXN127732794
PAY503915,ORD103659,2026-06-11,Credit Card,Paid,700.76,TXN346358442
PAY503916,ORD103660,2026-01-20,Cash on Delivery,Partially Refunded,189.05,TXN350747185
PAY503917,ORD103661,2025-03-07,Cash on Delivery,Paid,6993.4,TXN955015662
PAY503918,ORD103662,2026-03-09,Credit Card,Paid,400.06,TXN805191922
PAY503919,ORD103663,2026-05-10,PayPal,Paid,948.54,TXN891483347
PAY503920,ORD103664,2026-03-26,Credit Card,Paid,575.18,TXN731885413
PAY503921,ORD103665,22/02/2026,Debit Card,Failed,0.0,TXN835846156
PAY503922,ORD103665,2026-02-22,Debit Card,Paid,1260.16,TXN680731725
PAY503923,ORD103666,2025-11-27,Cash on Delivery,Refunded,-693.18,TXN601798578
PAY503924,ORD103667,2025-04-28,Cash on Delivery,Paid,666.92,TXN346163011
PAY503925,ORD103668,2026-05-17,Cash on Delivery,Paid,1878.2,TXN969891297
PAY503926,ORD103669,2026-03-17,UPI,Paid,1312.5,TXN786991943
PAY503927,ORD103670,2026-03-04,Credit Card,Failed,0.0,TXN626217140
PAY503928,ORD103670,2026-03-05,Credit Card,Paid,8233.89,TXN553626629
PAY503929,ORD103671,2025-12-31,UPI,Paid,6390.54,TXN323674343
PAY503930,ORD103672,2025-11-27,Credit Card,Paid,7588.78,TXN332155565
PAY503931,ORD103673,2025-08-01,UPI,Paid,235.33,TXN833663197
PAY503932,ORD103674,2025-08-25,Credit Card,Paid,666.92,TXN776769679
PAY503933,ORD103675,2026-05-26,Cash on Delivery,Paid,1747.36,TXN750201004
PAY503934,ORD103676,2025-11-06,Debit Card,Failed,0.0,TXN109145032
PAY503935,ORD103676,2025-11-07,Debit Card,Paid,3119.3,TXN438859818
PAY503936,ORD103677,2026-04-11,Debit Card,Paid,2470.17,TXN896295084
PAY503937,ORD103678,2026-04-07,Cash on Delivery,Paid,526.97,TXN242921093
PAY503938,ORD103679,2025-06-07,Cash on Delivery,Paid,2055.88,TXN858994124
PAY503939,ORD103680,2025-08-05,UPI,Paid,658.52,TXN444576654
PAY503940,ORD103681,2026-03-04,UPI,Paid,2520.32,TXN859163312
PAY503941,ORD103682,2026-05-04,Debit Card,Paid,2493.76,TXN181151870
PAY503942,ORD103683,2025-06-12,UPI,Paid,2573.2,TXN346080724
PAY503943,ORD103684,2025-11-04,Credit Card,Paid,1572.62,TXN479004539
PAY503944,ORD103685,2025-10-19,UPI,Paid,1312.5,TXN401002519
PAY503945,ORD103686,2026-01-29,Credit Card,Paid,1447.46,TXN117506247
PAY503946,ORD103687,2026-04-22,UPI,Failed,0.0,TXN575749843
PAY503947,ORD103687,2026-04-23,UPI,Paid,1150.36,TXN804900253
PAY503948,ORD103688,2025-12-05,Cash on Delivery,Paid,444.83,TXN723282731
PAY503949,ORD103689,2025-05-13,UPI,Paid,2493.76,TXN364741927
PAY503950,ORD103690,2026-02-24,Debit Card,Paid,4665.88,TXN907909317
PAY503951,ORD103691,2025-04-16,Cash on Delivery,Failed,0.0,TXN296805185
PAY503952,ORD103692,2025-07-05,Credit Card,Paid,3635.51,TXN278745004
PAY503953,ORD103693,2026-02-22,PayPal,Paid,2114.9,TXN580187789
PAY503954,ORD103694,2025-05-06,UPI,Partially Refunded,1157.94,TXN760284585
PAY503955,ORD103695,2025-11-01,Credit Card,Paid,11982.27,TXN288588187
PAY503956,ORD103696,2025-05-12,Net Banking,Paid,700.76,TXN202805707
PAY503957,ORD103697,2025-09-24,Cash on Delivery,Paid,658.52,TXN359207277
PAY503958,ORD103698,2025-06-11,Credit Card,Failed,0.0,TXN728490047
PAY503959,ORD103699,2026-06-11,Cash on Delivery,Paid,939.1,TXN248962180
PAY503960,ORD103700,2025-10-15,Cash on Delivery,Paid,2058.56,TXN774935743
PAY503961,ORD103701,2025-03-16,UPI,Paid,1082.04,TXN876637408
PAY503962,ORD103702,2026-05-27,UPI,Paid,1261.36,TXN543928824
PAY503963,ORD103703,2026-06-23,UPI,Failed,0.0,TXN544903923
PAY503964,ORD103704,2025-09-16,UPI,Paid,444.83,TXN100248236
PAY503965,ORD103705,2025-01-10,Credit Card,Paid,7189.36,TXN175339265
PAY503966,ORD103706,2025-02-14,Credit Card,Failed,0.0,TXN975394649
PAY503967,ORD103706,2025-02-14,Credit Card,Paid,372.02,TXN168267292
PAY503968,ORD103707,2025-09-13,PayPal,Paid,1258.81,TXN893623189
PAY503969,ORD103708,15/01/2026,UPI,Pending,7189.36,TXN256950295
PAY503970,ORD103709,2026-02-06,COD,Pending,1877.93,TXN704135521
PAY503971,ORD103710,2025-04-05,UPI,Paid,7511.72,TXN880668675
PAY503972,ORD103711,2025-11-02,Cash on Delivery,Refunded,-2662.88,TXN100923387
PAY503973,ORD103712,2025-08-02,Net Banking,Paid,1326.48,TXN228162007
PAY503974,ORD103713,2026-05-20,Credit Card,Paid,651.36,TXN795098325
PAY503975,ORD103714,2025-07-11,PayPal,Paid,1747.36,TXN975577648
PAY503976,ORD103715,2026-01-27,Net Banking,Failed,0.0,TXN170794401
PAY503977,ORD103716,2025-01-21,Net Banking,Paid,7988.18,TXN256485473
PAY503978,ORD103717,2025-03-25,upi,Pending,2573.2,TXN108946207
PAY503979,ORD103718,2026-05-16,Cash on Delivery,Failed,0.0,TXN634218060
PAY503980,ORD103719,05-26-2026,Debit Card,Paid,1246.88,TXN888785373
PAY503981,ORD103720,2026-04-29,UPI,Paid,517.66,TXN591170738
PAY503982,ORD103721,2025-11-04,PayPal,Paid,658.52,TXN860587606
PAY503983,ORD103722,2025-12-08,Net Banking,Partially Refunded,1049.82,TXN331626019
PAY503984,ORD103723,2025-05-26,Net Banking,Paid,1398.68,TXN474601936
PAY503985,ORD103724,2026-04-15,UPI,Paid,2573.2,TXN492046952
PAY503986,ORD103725,2026-03-13,Credit Card,Refunded,-1747.36,TXN691535723
PAY503987,ORD103726,2026-05-07,UPI,Paid,2114.9,TXN520326817
PAY503988,ORD103727,2026-02-22,UPI,Failed,0.0,TXN817828954
PAY503989,ORD103728,2025-01-23,UPI,Paid,3705.1,TXN246451794
PAY503990,ORD103729,2025-09-17,UPI,Paid,420.12,TXN122560394
PAY503991,ORD103730,2026-01-02,UPI,Paid,494.26,TXN722338117
PAY503992,ORD103731,2025-03-28,Credit Card,Refunded,-2607.4,TXN692826981
PAY503993,ORD103732,2026-02-07,UPI,Paid,1004.58,TXN504183874
PAY503994,ORD103733,2025-11-05,UPI ,Paid,2634.08,TXN123238574
PAY503995,ORD103734,2026-02-27,UPI,Paid,1482.78,TXN639325548
PAY503996,ORD103735,2025-07-21,Net Banking,Paid,2237.88,TXN187094378
PAY503997,ORD103736,2025-12-19,Debit Card,Refunded,-930.05,TXN214401484
PAY503998,ORD103737,2025-12-02,PayPal,Pending,459.87,TXN527728952
PAY503999,ORD103738,2025/05/06,UPI,Paid,2470.17,TXN329237454
PAY504000,ORD103739,2025-10-18,Cash on Delivery,Paid,2002.48,TXN355453105
PAY504001,ORD103740,2025-02-15,UPI,Paid,6632.4,TXN764680332
PAY504002,ORD103741,2025-08-17,UPI,Paid,2079.54,TXN465046522
PAY504003,ORD103742,2025-02-01,UPI,Paid,11982.27,TXN976203181
PAY504004,ORD103743,2026-03-06,Net Banking,Paid,1623.06,TXN106366326
PAY504005,ORD103744,2025-12-25,UPI,Paid,2607.4,TXN570281744
PAY504006,ORD103745,2025-02-07,Cash on Delivery,Paid,1482.78,TXN874870613
PAY504007,ORD103746,2026-01-05,UPI,Paid,723.73,TXN109125292
PAY504008,ORD103747,2025-09-27,Credit Card,Failed,0.0,TXN396370773
PAY504009,ORD103747,2025-09-27,Credit Card,Paid,988.52,TXN396476699
PAY504010,ORD103748,2025-11-03,Cash on Delivery,Paid,623.86,TXN235476037
PAY504011,ORD103749,2026-04-06,Credit Card,Paid,4940.34,TXN658664765
PAY504012,ORD103750,2025-05-02,Net Banking,Paid,1193.83,TXN377087077
PAY504013,ORD103751,2025-12-06,Net Banking,Paid,7668.76,TXN755544738
PAY504014,ORD103752,2025-11-29,PayPal,Refunded,-2648.78,TXN685745557
PAY504015,ORD103753,2026-05-05,Credit Card,Paid,1398.68,TXN987547211
PAY504016,ORD103754,2025-08-14,Cash on Delivery,Paid,2114.9,TXN501173348
PAY504017,ORD103755,24/04/2026,UPI,Paid,693.18,TXN597876921
PAY504018,ORD103756,2025-03-24,UPI,Paid,3994.09,TXN754479239
PAY504019,ORD103757,2025-04-28,Net Banking,Failed,0.0,TXN381005490
PAY504020,ORD103758,2026-05-19,Net Banking,Paid,541.02,TXN212190908
PAY504021,ORD103759,2026-03-22,UPI,Paid,3937.5,TXN944589466
PAY504022,ORD103760,2025-08-07,UPI,Paid,1485.26,TXN221617209
PAY504023,ORD103761,2025-09-13,Credit Card,Paid,526.97,TXN107251246
PAY504024,ORD103762,2025-09-07,UPI,Failed,0.0,TXN754564464
PAY504025,ORD103763,2025-12-23,UPI,Refunded,-1398.68,TXN183006411
PAY504026,ORD103763,2025-12-23,UPI,Refunded,-1398.68,TXN724291666
PAY504027,ORD103764,2025-04-22,Debit Card,Paid,641.4,TXN342414590
PAY504028,ORD103765,2025-03-23,Cash on Delivery,Paid,700.76,TXN472014260
PAY504029,ORD103766,2026-04-12,Credit Card,Paid,1877.93,TXN873168740
PAY504030,ORD103767,2026-06-11,UPI,Paid,1057.45,TXN262541716
PAY504031,ORD103768,2025-07-22,UPI,Failed,0.0,TXN452803361
PAY504032,ORD103769,,Cash on Delivery,Paid,1326.48,
PAY504033,ORD103770,2025-06-12,Debit Card,Paid,10906.53,TXN463783780
PAY504034,ORD103771,2025-03-22,Debit Card,Refunded,-939.1,TXN119589279
PAY504035,ORD103772,2025-09-23,UPI,Paid,2255.02,TXN140146695
PAY504036,ORD103773,2025-10-25,UPI,Paid,1572.62,TXN966344210
PAY504037,ORD103774,2025-05-24,Credit Card,Paid,4036.19,TXN313545295
PAY504038,ORD103775,2025-08-02,UPI,Paid,148.81,TXN664673329
PAY504039,ORD103776,2026-05-22,UPI,Paid,1659.99,TXN755520877
PAY504040,ORD103777,2026-01-06,Credit Card,Paid,1312.5,TXN269892600
PAY504041,ORD103778,2026-01-22,Cash on Delivery,Paid,3994.09,TXN314083799
PAY504042,ORD103779,2026-02-06,Cash on Delivery,Paid,,TXN654564905
PAY504043,ORD103780,2026-04-25,UPI,Paid,658.52,TXN941717937
PAY504044,ORD103781,2025-12-27,Credit Card,Paid,630.68,TXN903899720
PAY504045,ORD103782,,UPI,Failed,0.0,TXN420487576
PAY504046,ORD103783,2025-06-25,UPI,Paid,10978.52,TXN746550796
PAY504047,ORD103784,2025-02-08,UPI,Failed,0.0,TXN279502658
PAY504048,ORD103784,2025-02-08,UPI,Paid,2387.66,TXN972804348
PAY504049,ORD103785,2025-04-22,PayPal,Paid,2079.54,TXN716429945
PAY504050,ORD103786,2025-12-12,Credit Card,Pending,3994.09,TXN267601041
PAY504051,ORD103787,2025-09-03,PayPal,Failed,0.0,TXN396144676
PAY504052,ORD103788,2025-06-10,Net Banking,Paid,589.2,TXN616504429
PAY504053,ORD103789,2026-06-10,UPI,Paid,7588.78,TXN147476712
PAY504054,ORD103790,2025-02-02,UPI,Failed,0.0,TXN177524696
PAY504055,ORD103791,2026-06-08,Credit Card,Paid,1150.36,
PAY504056,ORD103792,2026-04-20,Net Banking,Partially Refunded,1157.94,TXN485157921
PAY504057,ORD103793,2026-02-26,UPI,Failed,0.0,TXN713342321
PAY504058,ORD103794,2025-11-04,UPI,Failed,0.0,TXN733372809
PAY504059,ORD103794,2025-11-04,UPI,Paid,693.18,TXN576566407
PAY504060,ORD103795,2025-10-13,Debit Card,Paid,712.66,TXN549144759
PAY504061,ORD103796,2025-11-06,Cash on Delivery,Paid,1260.36,TXN867387491
PAY504062,ORD103797,2025-04-05,UPI,Paid,623.86,TXN397927621
PAY504063,ORD103798,2026-01-30,PayPal,Pending,2187.22,TXN170331752
PAY504064,ORD103799,2025-03-18,upi,Paid,2657.5,TXN942209689
PAY504065,ORD103800,2026-05-24,Net Banking,Paid,3635.51,TXN972355042
PAY504066,ORD103801,2025-03-18,UPI,Paid,3346.86,TXN111984903
PAY504067,ORD103802,2025-12-04,UPI,Paid,2079.54,TXN977532362
PAY504068,ORD103803,2025-01-25,UPI,Paid,2164.08,TXN757100443
PAY504069,ORD103804,2026-04-01,Cash on Delivery,Paid,441.07,TXN604374413
PAY504070,ORD103805,2026-02-06,Debit Card,Paid,2315.88,TXN466215079
PAY504071,ORD103806,2025-10-13,Debit Card,Paid,700.76,TXN776335806
PAY504072,ORD103807,2025-11-22,UPI,Paid,2205.35,TXN416095746
PAY504073,ORD103808,2026-03-21,UPI,Paid,494.26,TXN169062631
PAY504074,ORD103809,2025-11-07,UPI,Paid,705.99,TXN689798207
PAY504075,ORD103810,2025-04-06,UPI,Paid,658.52,TXN467949304
PAY504076,ORD103811,2025-11-02,Net Banking,Paid,1260.36,TXN111218782
PAY504077,ORD103812,2025-10-12,Cash on Delivery,Paid,3994.09,TXN124364124
PAY504078,ORD103813,2025-09-27,UPI,Paid,494.26,TXN911846220
PAY504079,ORD103814,2025-01-23,Net Banking,Paid,4940.34,TXN684035434
PAY504080,ORD103815,2025-10-03,Credit Card,Paid,8233.89,TXN522324304
PAY504081,ORD103816,2026-03-31,Cash on Delivery,Paid,1326.48,TXN152036981
PAY504082,ORD103817,2025-12-24,Cash on Delivery,Paid,5489.26,TXN801779958
PAY504083,ORD103818,2026-05-24,UPI,Paid,3635.51,TXN786974334
PAY504084,ORD103819,,Cash on Delivery,Paid,2332.94,TXN843489425
PAY504085,ORD103820,2026-06-11,Cash on Delivery,Failed,0.0,TXN635791842
PAY504086,ORD103820,2026-06-11,UPI,Paid,589.2,TXN222190027
PAY504087,ORD103821,2026-03-18,Credit Card,Paid,14542.04,TXN436788310
PAY504088,ORD103822,2025-05-06,Debit Card,Failed,0.0,TXN709255762
PAY504089,ORD103822,2025-05-09,Debit Card,Paid,186.01,TXN686855987
PAY504090,ORD103823,,Credit Card,Paid,502.23,TXN544476600
PAY504091,ORD103824,2025-05-15,Net Banking,Paid,526.97,TXN399738690
PAY504092,ORD103825,2025-02-21,UPI,Paid,741.02,TXN222485993
PAY504093,ORD103826,2026-03-06,UPI,Paid,441.07,TXN425149641
PAY504094,ORD103827,2026-02-02,Cash on Delivery,Refunded,-1057.45,TXN953579793
PAY504095,ORD103828,2026-01-07,UPI,Pending,2444.54,TXN755560516
PAY504096,ORD103829,2025-04-02,Debit Card,Paid,2079.54,TXN449762323
PAY504097,ORD103830,2025-03-22,UPI,Failed,0.0,TXN702259288
PAY504098,ORD103830,2025-03-23,UPI,Paid,2079.54,TXN213917838
PAY504099,ORD103831,2025-03-19,UPI,Paid,2648.78,TXN944186154
PAY504100,ORD103832,2026-05-21,UPI,Paid,15177.56,TXN507292948
PAY504101,ORD103833,2026-04-21,PayPal,Paid,2079.54,TXN370188443
PAY504102,ORD103834,2025-06-17,Credit Card,Paid,2573.2,TXN644064163
PAY504103,ORD103835,2025-08-28,Credit Card,Paid,526.97,TXN342806889
PAY504104,ORD103836,2025-02-28,UPI,Failed,0.0,TXN941939833
PAY504105,ORD103836,2025-02-27,UPI,Paid,2573.2,TXN517137123
PAY504106,ORD103837,2026-03-26,UPI,Paid,3437.7,TXN788041608
PAY504107,ORD103838,2025-03-17,Net Banking,Paid,167.41,TXN727386475
PAY504108,ORD103839,2025-03-15,UPI,Paid,526.97,TXN752941294
PAY504109,ORD103840,2025-07-05,Credit Card,Paid,1082.04,TXN829428899
PAY504110,ORD103841,2025-03-04,Net Banking,Paid,541.02,TXN722332803
PAY504111,ORD103842,2025-01-15,Cash on Delivery,Paid,356.33,TXN926272947
PAY504112,ORD103843,2025-11-13,UPI,Paid,494.26,TXN535827955
PAY504113,ORD103844,2025-06-04,Net Banking,Paid,161.17,TXN165958437
PAY504114,ORD103845,2026-04-08,Credit Card,Paid,700.76,TXN324492872
PAY504115,ORD103846,2025-08-02,UPI,Paid,513.97,TXN235571258
PAY504116,ORD103847,2025-07-14,Credit Card,Failed,0.0,TXN568788376
PAY504117,ORD103847,2025-07-15,Credit Card,Paid,575.18,TXN641878008
PAY504118,ORD103848,2025-04-03,UPI,Paid,3740.64,TXN785378301
PAY504119,ORD103849,2025-01-05,Credit Card,Paid,161.17,TXN611131885
PAY504120,ORD103850,2025-06-13,Credit Card,Paid,3581.49,TXN967487658
PAY504121,ORD103851,2026-01-31,Debit Card,Paid,6175.68,TXN438424259
PAY504122,ORD103852,2025-11-10,UPI,Paid,1247.72,TXN501703793
PAY504123,ORD103853,2025-07-30,UPI,Paid,1482.78,TXN734133225
PAY504124,ORD103854,2025-03-30,Cash on Delivery,Paid,356.33,TXN864830493
PAY504125,ORD103855,2025-10-13,UPI,Paid,3794.39,TXN247538365
PAY504126,ORD103856,2025-06-03,UPI,Paid,470.66,TXN224307256
PAY504127,ORD103857,2026-05-26,UPI,Paid,1326.48,TXN363662663
PAY504128,ORD103858,25-Mar-2025,Net Banking,Refunded,-541.02,TXN172898388
PAY504129,ORD103859,2026-04-30,Debit Card,Refunded,-1326.48,TXN606361064
PAY504130,ORD103860,2025-04-02,Credit Card,Paid,1334.49,TXN930642088
PAY504131,ORD103861,2026-06-22,Debit Card,Paid,2744.63,TXN111452744
PAY504132,ORD103862,2026-01-15,UPI ,Paid,700.76,
PAY504133,ORD103863,2025-07-22,Cash on Delivery,Paid,5242.08,TXN310546484
PAY504134,ORD103864,2026-03-19,Credit Card,Paid,1053.94,TXN368990850
PAY504135,ORD103865,2025-11-25,UPI,Paid,3635.51,TXN714978061
PAY504136,ORD103866,2025-07-05,Net Banking,Paid,12360.72,TXN997394156
PAY504137,ORD103867,2026-06-21,Credit Card,Paid,3635.51,TXN924402843
PAY504138,ORD103868,2025-01-22,UPI,Paid,230.45,TXN828281051
PAY504139,ORD103869,2026-03-10,UPI,Paid,494.26,TXN549315543
PAY504140,ORD103870,2025-12-15,UPI,Paid,3394.98,TXN316574446
PAY504141,ORD103871,2025-02-18,UPI,Paid,1059.51,TXN142970581
PAY504142,ORD103872,2025-01-21,Credit Card,Failed,0.0,TXN447021541
PAY504143,ORD103873,2025-09-04,Credit Card,Paid,1447.46,TXN126803544
PAY504144,ORD103874,2025-07-25,Net Banking,Paid,2171.19,TXN547841482
PAY504145,ORD103875,2025-05-10,Net Banking,Paid,5352.09,TXN749381196
PAY504146,ORD103876,2025-12-10,Cash on Delivery,Paid,1326.48,TXN705733606
PAY504147,ORD103877,2025-06-01,Credit Card,Pending,1328.75,TXN364754235
PAY504148,ORD103878,2025-09-09,UPI,Pending,7988.18,TXN616021281
PAY504149,ORD103879,2025-05-14,UPI,Pending,1326.48,TXN108816646
PAY504150,ORD103880,2025-05-22,Debit Card,Paid,7988.18,TXN537357884
PAY504151,ORD103881,2025-04-28,Net Banking,Paid,8072.38,TXN997640442
PAY504152,ORD103882,2026-01-23,UPI,Pending,2652.96,TXN721950584
PAY504153,ORD103883,2025-05-14,Debit Card,Paid,1725.54,TXN725343880
PAY504154,ORD103884,2026-04-26,Cash on Delivery,Paid,2652.96,TXN263059293
PAY504155,ORD103885,2025-11-14,Net Banking,Paid,623.86,TXN853225661
PAY504156,ORD103886,2025-12-01,Debit Card,Paid,3430.76,TXN168575812
PAY504157,ORD103887,2025-10-18,UPI,Partially Refunded,1100.04,TXN141410775
PAY504158,ORD103888,2025-11-10,Credit Card,Paid,4775.32,TXN184112347
PAY504159,ORD103889,2025-10-21,Credit Card,Failed,0.0,TXN534638930
PAY504160,ORD103889,2025-10-24,Credit Card,Paid,2237.88,TXN719176246
PAY504161,ORD103890,2026-04-12,Debit Card,Paid,3595.32,TXN626768472
PAY504162,ORD103891,2025-01-13,Credit Card,Paid,7668.76,TXN538041034
PAY504163,ORD103892,2026-04-06,UPI,Paid,1312.5,TXN671345237
PAY504164,ORD103893,2025-07-02,Debit Card,Paid,1871.58,TXN400870723
PAY504165,ORD103894,2026-06-25,UPI,Paid,5250.0,TXN857516975
PAY504166,ORD103895,2026-04-24,Debit Card,Paid,2795.78,TXN169274732
PAY504167,ORD103896,2025-03-20,Debit Card,Paid,4036.19,TXN257159745
PAY504168,ORD103897,2025-04-11,Cash on Delivery,Refunded,-2114.9,TXN689062800
PAY504169,ORD103898,2026-02-13,Cash on Delivery,Failed,0.0,TXN424961798
PAY504170,ORD103898,2026-02-15,Cash on Delivery,Paid,2652.96,TXN574001074
PAY504171,ORD103899,2026-04-04,UPI,Paid,1178.4,TXN190027520
PAY504172,ORD103900,2026-02-19,Cash on Delivery,Refunded,-2797.36,TXN689299523
PAY504173,ORD103901,2026-03-07,Credit Card,Paid,1082.04,TXN309769150
PAY504174,ORD103902,2025-12-17,UPI,Paid,1947.68,TXN472398185
PAY504175,ORD103903,2025-07-29,UPI,Paid,1747.36,TXN872241977
PAY504176,ORD103904,2026-06-02,PayPal,Paid,223.56,TXN777087007
PAY504177,ORD103905,2025-01-08,UPI,Pending,700.76,TXN235875194
PAY504178,ORD103905,2025-01-08,UPI,Paid,700.76,TXN800205724
PAY504179,ORD103906,2025-10-31,UPI,Paid,230.45,TXN511764465
PAY504180,ORD103907,2025-01-25,UPI,Paid,372.02,TXN148767301
PAY504181,ORD103908,2026-02-09,Credit Card,Failed,0.0,TXN502044411
PAY504182,ORD103908,2026-02-10,Credit Card,Paid,4889.08,TXN494274486
PAY504183,ORD103909,2026-03-25,Debit Card,Paid,2223.06,TXN625935531
PAY504184,ORD103910,2025-09-11,UPI,Paid,589.2,TXN830284058
PAY504185,ORD103911,2025-03-15,UPI,Paid,10784.04,TXN924464440
PAY504186,ORD103912,2025-11-26,Debit Card,Paid,13579.92,TXN594029057
PAY504187,ORD103913,2025-03-03,Debit Card,Paid,3794.39,TXN770077931
PAY504188,ORD103914,2025-12-29,Cash on Delivery,Paid,1001.24,TXN914082236
PAY504189,ORD103915,2025-02-21,Credit Card,Refunded,-1258.81,TXN929087317
PAY504190,ORD103916,2026-03-31,UPI,Paid,3794.39,TXN848051237
PAY504191,ORD103917,2025-11-28,Cash on Delivery,Paid,793.92,TXN458529912
PAY504192,ORD103918,2026-04-30,Credit Card,Paid,474.27,TXN860854626
PAY504193,ORD103919,2025-10-18,Credit Card,Pending,167.41,TXN682118044
PAY504194,ORD103920,2026-04-17,UPI,Paid,1247.72,TXN272443101
PAY504195,ORD103921,2026-01-22,Credit Card,Paid,1193.83,TXN250664693
PAY504196,ORD103922,2025-06-11,Net Banking,Paid,1057.45,TXN169957545
PAY504197,ORD103923,2025-07-08,Net Banking,Partially Refunded,973.84,TXN227430830
PAY504198,ORD103924,2026-02-04,Credit Card,Failed,0.0,TXN882301884
PAY504199,ORD103924,2026-02-04,Credit Card,Paid,7988.18,TXN774028993
PAY504200,ORD103925,2025-12-05,Credit Card,Paid,320.7,TXN213313908
PAY504201,ORD103926,2026-02-14,Credit Card,Paid,1312.5,TXN146812098
PAY504202,ORD103927,2026-02-14,Cash on Delivery,Paid,693.18,TXN936070490
PAY504203,ORD103928,2026-02-26,Cash on Delivery,Partially Refunded,160.35,TXN747736498
PAY504204,ORD103929,2025-10-01,Debit Card,Refunded,-7988.18,TXN394689742
PAY504205,ORD103930,2025-11-29,UPI,Paid,2187.22,TXN624298515
PAY504206,ORD103931,2025-09-11,Credit Card,Paid,7988.18,TXN287334179
PAY504207,ORD103932,2026-03-20,Net Banking,Paid,630.68,TXN708744806
PAY504208,ORD103933,2025-10-04,Debit Card,Paid,320.7,TXN992532253
PAY504209,ORD103934,2025-12-30,Credit Card,Paid,3780.48,TXN714756361
PAY504210,ORD103935,2025-10-16,Credit Card,Paid,651.36,TXN633577050
PAY504211,ORD103936,2025-07-19,UPI,Paid,7719.6,TXN483309027
PAY504212,ORD103937,2025/10/17,Cash on Delivery,Failed,0.0,TXN565347328
PAY504213,ORD976488,20-Oct-2025,Cash on Delivery,Paid,1326.48,TXN500759433
PAY504214,ORD103938,2025-01-27,UPI,Paid,3755.86,TXN846432319
PAY504215,ORD103939,2026-06-13,UPI,Paid,271.12,TXN692973585
PAY504216,ORD103940,2025-01-17,UPI,Paid,494.26,TXN686569462
PAY504217,ORD103941,2025-05-13,PayPal,Paid,526.97,TXN553064238
PAY504218,ORD103942,2025-02-15,Credit Card,Paid,546.42,TXN443734888
PAY504219,ORD103943,2025-09-11,Net Banking,Pending,4117.12,TXN452345939
PAY504220,ORD103944,2025-03-22,Credit Card,Paid,575.18,TXN988506827
PAY504221,ORD103945,2025-09-28,Debit Card,Paid,3494.72,TXN942627875
PAY504222,ORD103946,2025-11-30,PayPal,Paid,4036.19,TXN974379787
PAY504223,ORD103947,2025-09-09,Credit Card,Paid,517.66,TXN680543621
PAY504224,ORD103948,2026-03-21,Cash on Delivery,Pending,999999.0,TXN827816221
PAY504225,ORD103949,2025-04-03,Debit Card,Failed,0.0,TXN102154930
PAY504226,ORD103950,2025-07-21,UPI,Paid,7988.18,TXN856156446
PAY504227,ORD103951,2025-12-05,Cash on Delivery,Paid,1193.83,TXN170853932
PAY504228,ORD103952,2025-04-11,UPI,Paid,3172.35,TXN390869118
PAY504229,ORD103953,2025-06-11,Cash on Delivery,Paid,1398.68,TXN206660626
PAY504230,ORD103954,2026-05-31,UPI,Paid,575.18,TXN205413006
PAY504231,ORD103955,2025-05-26,Credit Card,Paid,693.18,TXN350786265
PAY504232,ORD103956,2026-02-05,Net Banking,Paid,3994.09,TXN102246783
PAY504233,ORD103957,2025-06-05,Debit Card,Paid,623.86,TXN811077360
PAY504234,ORD103958,2025-07-27,Debit Card,Paid,2470.17,TXN957993637
PAY504235,ORD103959,2026-04-27,Debit Card,Failed,0.0,TXN431332799
PAY504236,ORD103960,2025-12-11,Net Banking,Failed,0.0,TXN218712700
PAY504237,ORD103961,2025-05-17,Debit Card,Paid,2652.96,TXN461490410
PAY504238,ORD103962,2025-07-20,Net Banking,Paid,1027.94,TXN848071537
PAY504239,ORD103963,2025-02-08,UPI,Paid,1001.24,TXN470555683
PAY504240,ORD103964,2026-06-21,UPI,Paid,1331.44,TXN436646326
PAY504241,ORD103965,2026-02-05,UPI,Pending,1407.94,TXN299951682
PAY504242,ORD103966,2025-04-05,Credit Card,Paid,1317.04,TXN794949349
PAY504243,ORD103967,2026-03-02,Credit Card,Failed,0.0,TXN780632119
PAY504244,ORD103967,2026-03-02,Credit Card,Paid,1247.72,TXN721031115
PAY504245,ORD103968,2025-01-19,Debit Card,Paid,470.66,TXN611306340
PAY504246,ORD103969,2025-11-23,UPI,Refunded,-486.92,TXN651064252
PAY504247,ORD103970,2026-03-17,Cash on Delivery,Paid,741.02,TXN693000396
PAY504248,ORD103971,2026-03-04,UPI,Refunded,-3394.98,TXN531371473
PAY504249,ORD103972,2025-11-05,UPI,Failed,0.0,TXN240830416
PAY504250,ORD103973,2026-04-06,UPI,Refunded,-372.02,TXN288043960
PAY504251,ORD103974,2026-03-10,Debit Card,Paid,7189.36,TXN227348897
PAY504252,ORD103975,2025-11-07,Credit Card,Paid,2079.54,TXN381201805
PAY504253,ORD103976,2025-01-19,UPI,Paid,486.92,TXN331381414
PAY504254,ORD103977,2025-12-29,Cash on Delivery,Paid,158.11,TXN760413891
PAY504255,ORD103978,2026-05-26,UPI,Paid,271.12,TXN123110886
PAY504256,ORD103979,2025-04-06,UPI,Paid,470.66,TXN890595070
PAY504257,ORD103980,2025-11-11,UPI,Paid,939.1,TXN126452104
PAY504258,ORD103981,2025-11-16,Credit Card,Refunded,-665.72,TXN854647235
PAY504259,ORD103982,2025-07-21,Net Banking,Paid,494.26,TXN882706823
PAY504260,ORD103983,2025-04-28,Debit Card,Paid,488.9,TXN769614347
PAY504261,ORD103984,2025-10-18,Net Banking,Paid,420.12,TXN556260041
PAY504262,ORD103985,2025-05-24,Debit Card,Pending,,TXN622982868
PAY504263,ORD103986,2025-08-05,Net Banking,Failed,0.0,TXN952646813
PAY504264,ORD103986,2025-08-05,Net Banking,Paid,494.26,TXN379366733
PAY504265,ORD103987,2025-11-21,Cash on Delivery,Paid,1398.68,TXN432339100
PAY504266,ORD103988,2025-01-09,UPI,Paid,1447.46,TXN586545373
PAY504267,ORD103989,2025-04-09,UPI,Paid,1690.14,TXN374290681
PAY504268,ORD103990,2025-02-07,Credit Card,Refunded,-3794.39,TXN114654609
PAY504269,ORD103991,2026/06/30,UPI,Paid,441.07,TXN625287528
PAY504270,ORD103992,2026-05-10,UPI,Paid,1260.16,TXN170476683
PAY504271,ORD103993,2025-08-21,Credit Card,Paid,3774.51,TXN523107405
PAY504272,ORD103994,2025-02-11,Debit Card,Paid,7189.36,TXN803264328
PAY504273,ORD103995,2025-06-10,Cash on Delivery,Paid,161.17,TXN447381127
PAY504274,ORD103996,2025-03-06,Net Banking,Paid,474.27,TXN619938296
PAY504275,ORD103997,2025-10-02,Net Banking,Pending,12350.85,TXN780554826
PAY504276,ORD103998,2026-05-30,UPI,Paid,316.22,TXN414933007
PAY504277,ORD103999,2026-01-15,Cash on Delivery,Paid,693.18,TXN731181521
PAY504278,ORD104000,2025-09-05,Cash on Delivery,Paid,962.1,TXN999018552
PAY504279,ORD104001,2026-04-24,UPI,Paid,2625.0,TXN480771454
PAY504280,ORD104002,2025-07-10,Cash on Delivery,Paid,700.76,TXN806898694
PAY504281,ORD104003,2026-05-10,Debit Card,Paid,5594.72,TXN408596690
PAY504282,ORD104004,2025-11-30,Cash on Delivery,Pending,5305.92,TXN794760815
PAY504283,ORD104005,2025-09-26,PayPal,Paid,420.12,TXN616709731
PAY504284,ORD104006,2025-12-13,UPI,Paid,2164.08,TXN847832817
PAY504285,ORD104007,2025-01-12,Cash on Delivery,Failed,0.0,TXN505072293
PAY504286,ORD104007,2025-01-10,Cash on Delivery,Paid,1127.51,TXN886783431
PAY504287,ORD104008,2025-07-20,UPI,Paid,1767.6,TXN661763337
PAY504288,ORD104009,2026-04-23,Cash on Delivery,Pending,1572.62,TXN383888379
PAY504289,ORD104010,2026-03-02,Cash on Delivery,Pending,2387.66,TXN249054341
PAY504290,ORD104011,2025-05-13,Debit Card,Paid,10784.04,TXN744166088
PAY504291,ORD104012,2025-10-03,PayPal,Paid,513.97,TXN492053352
PAY504292,ORD104013,2025-08-21,Credit Card,Paid,5489.26,TXN482327523
PAY504293,ORD104014,2025-12-12,Credit Card,Paid,2315.88,TXN961226852
PAY504294,ORD104015,2026-01-18,Net Banking,Paid,1057.45,TXN895796466
PAY504295,ORD104016,2025-09-11,Cash on Delivery,Failed,0.0,TXN724391572
PAY504296,ORD104017,2025-12-21,UPI,Paid,951.7,TXN396772588
PAY504297,ORD104018,2025-09-11,Credit Card,Paid,541.02,TXN874397478
PAY504298,ORD104019,2025-07-02,UPI,Paid,5242.08,TXN604307374
PAY504299,ORD104020,2026-03-28,UPI,Paid,1398.68,TXN542403823
PAY504300,ORD104021,2025-11-14,Debit Card,Paid,1386.36,TXN469563036
PAY504301,ORD104022,2025-11-29,PayPal,Paid,1784.03,TXN667885541
PAY504302,ORD104023,2026-06-24,UPI,Paid,494.26,TXN612105075
PAY504303,ORD104024,2025-10-12,Credit Card,Pending,148.81,TXN597205912
PAY504304,ORD104025,05-03-2026,Cash on Delivery,Paid,396.96,TXN782179510
PAY504305,ORD104026,2025-01-18,UPI,Paid,1188.88,TXN823082906
PAY504306,ORD104027,2026-05-08,UPI,Paid,494.26,TXN257374551
PAY504307,ORD104028,2026-01-04,UPI,Paid,469.55,TXN180712796
PAY504308,ORD104029,2025-04-14,Credit Card,Paid,500.62,TXN658322524
PAY504309,ORD104030,2026-02-08,UPI,Pending,3794.39,TXN576299088
PAY504310,ORD104031,2026-06-01,Cash on Delivery,Paid,2573.2,TXN999761029
PAY504311,ORD104032,2026-06-01,UPI,Paid,1725.54,TXN829182869
PAY504312,ORD104033,2025-10-01,Net Banking,Pending,5146.4,TXN310231578
PAY504313,ORD104034,2025-03-24,UPI,Paid,161.17,TXN828960241
PAY504314,ORD104035,2026-06-06,UPI ,Paid,693.18,TXN379276080
PAY504315,ORD104036,2025-06-14,UPI,Paid,1150.36,TXN758224236
PAY504316,ORD104037,2025-09-13,Cash on Delivery,Paid,1312.5,TXN676046599
PAY504317,ORD104038,2025-12-27,UPI,Paid,951.7,TXN973628264
PAY504318,ORD104039,2025-11-04,Credit Card,Failed,0.0,TXN642883008
PAY504319,ORD104039,2025-11-02,Credit Card,Paid,1178.4,TXN171797251
PAY504320,ORD104040,2025-03-09,Credit Card,Paid,10292.8,TXN569722392
PAY504321,ORD104041,2025-08-22,Debit Card,Paid,1150.36,TXN732544798
PAY504322,ORD104042,2025-02-28,Cash on Delivery,Pending,517.66,TXN131524345
PAY504323,ORD104043,2026-06-05,UPI,Paid,546.42,TXN800625758
PAY504324,ORD104044,2026-01-22,Cash on Delivery,Paid,3994.09,TXN899175381
PAY504325,ORD104045,2025-08-25,UPI,Failed,0.0,TXN352126695
PAY504326,ORD104046,2025-09-13,Cash on Delivery,Paid,595.65,TXN889140155
PAY504327,ORD104047,2026-01-15,Net Banking,Paid,3979.44,TXN371325474
PAY504328,ORD104048,2025-04-01,UPI,Paid,4036.19,TXN640591473
PAY504329,ORD104049,2025/10/03,UPI,Pending,615.17,TXN143476016
PAY504330,ORD104050,2025-05-06,Cash on Delivery,Paid,988.52,TXN685799175
PAY504331,ORD104051,2025-05-18,Cash on Delivery,Paid,2744.63,TXN623381389
PAY504332,ORD104052,2026-05-14,Net Banking,Paid,15976.36,TXN242719306
PAY504333,ORD104053,2026-05-06,UPI,Paid,882.14,TXN283913677
PAY504334,ORD104054,2026-05-18,Cash on Delivery,Paid,700.76,TXN643509889
PAY504335,ORD104055,2025-01-02,Cash on Delivery,Paid,1623.06,TXN673409858
PAY504336,ORD104056,02/11/2025,Credit Card,Paid,693.18,TXN224297437
PAY504337,ORD104057,2025-08-06,Cash on Delivery,Paid,2797.36,TXN273430357
PAY504338,ORD104058,2025-08-29,Debit Card,Failed,0.0,TXN348849619
PAY504339,ORD104059,2025-04-29,UPI,Refunded,-939.1,TXN240235171
PAY504340,ORD104060,2025-08-28,Cash on Delivery,Paid,939.1,TXN855199025
PAY504341,ORD104061,20-Nov-2025,PayPal,Paid,615.17,TXN667919051
PAY504342,ORD104062,2025-07-20,Net Banking,Paid,1482.78,TXN472341931
PAY504343,ORD104063,2025-09-11,UPI,Paid,693.18,TXN147237249
PAY504344,ORD104064,2025-03-30,Credit Card,Paid,1871.58,TXN808357767
PAY504345,ORD104065,2025-09-09,Credit Card,Paid,723.73,TXN522732365
PAY504346,ORD104066,2026-01-18,Net Banking,Paid,2573.2,TXN522340712
PAY504347,ORD104067,2025-01-08,UPI,Refunded,-658.52,TXN825544187
PAY504348,ORD104068,2025-09-22,Cash on Delivery,Paid,11982.27,TXN396951632
PAY504349,ORD104069,2025-09-11,UPI,Paid,700.76,TXN996398606
PAY504350,ORD104070,2025-08-15,Credit Card,Paid,1877.93,TXN688318661
PAY504351,ORD104071,2025-12-13,UPI,Paid,3594.68,TXN487233809
PAY504352,ORD104072,2025-02-16,UPI,Pending,1623.06,
PAY504353,ORD104073,2026-03-16,Debit Card,Paid,2444.54,TXN102833874
PAY504354,ORD104074,2026-02-26,UPI,Paid,1312.5,TXN644556570
PAY504355,ORD104075,2025-11-09,Cash on Delivery,Pending,2444.54,TXN545451072
PAY504356,ORD104076,2025-02-18,Cash on Delivery,Pending,2315.88,TXN991089671
PAY504357,ORD104077,2025-11-09,Credit Card,Paid,20180.95,TXN196110863
PAY504358,ORD104078,2025-04-04,Cash on Delivery,Paid,5489.26,TXN295123988
PAY504359,ORD104079,2026-02-25,PayPal,Paid,705.99,TXN494896805
PAY504360,ORD104080,2026-05-05,Net Banking,Paid,3594.68,TXN634665478
PAY504361,ORD104081,2025-09-25,UPI,Paid,1398.68,TXN445319232
PAY504362,ORD104082,2025-06-25,UPI,Refunded,-541.02,TXN228675761
PAY504363,ORD104083,2025-05-06,Net Banking,Paid,2573.2,TXN202577638
PAY504364,ORD104084,2025-03-17,Cash on Delivery,Refunded,-644.68,TXN602762891
PAY504365,ORD104085,2025-12-03,UPI,Paid,615.17,TXN429398165
PAY504366,ORD104086,2025-08-07,Debit Card,Paid,153.11,TXN844099625
PAY504367,ORD104087,2025-02-27,Net Banking,Paid,2657.5,TXN613027413
PAY504368,ORD104088,2025-05-09,Credit Card,Refunded,-7271.02,TXN419419362
PAY504369,ORD104088,2025-05-10,Credit Card,Partially Refunded,3271.96,TXN858145709
PAY504370,ORD104089,2025-05-27,UPI,Paid,693.18,TXN611321783
PAY504371,ORD104090,2026-03-20,Cash on Delivery,Paid,186.01,TXN278943096
PAY504372,ORD104091,2026-03-09,UPI,Paid,3494.72,TXN599319130
PAY504373,ORD104092,2025-04-01,Cash on Delivery,Paid,356.33,TXN474547145
PAY504374,ORD104093,2025-12-21,Net Banking,Paid,2470.17,TXN598609893
PAY504375,ORD104094,2025-03-20,Debit Card,Paid,1193.83,TXN687044621
PAY504376,ORD104095,2025-02-22,Debit Card,Paid,526.97,TXN335712307
PAY504377,ORD104096,2026-01-09,Credit Card,Paid,,TXN983356397
PAY504378,ORD104097,2025-11-03,UPI,Failed,0.0,TXN356038097
PAY504379,ORD104098,2025-01-13,UPI,Paid,1398.68,TXN318793045
PAY504380,ORD104099,2025-04-05,Net Banking,Paid,1191.95,TXN171213033
PAY504381,ORD104100,2025-04-08,Net Banking,Failed,0.0,TXN367209584
PAY504382,ORD104101,2026-03-25,UPI,Paid,5633.79,TXN899595311
PAY504383,ORD104102,2025-09-30,UPI,Paid,2079.54,TXN428419971
PAY504384,ORD104103,2025-04-10,Credit Card,Paid,1334.49,TXN744380208
PAY504385,ORD104104,2025-10-19,UPI,Paid,3453.73,TXN157523719
PAY504386,ORD104105,2025-10-03,UPI,Paid,5146.4,TXN891007950
PAY504387,ORD104106,2025-06-03,Cash on Delivery,Paid,334.82,TXN215224887
PAY504388,ORD104107,2025-04-14,Net Banking,Paid,3994.09,TXN453574732
PAY504389,ORD104108,2025-12-03,Net Banking,Paid,2744.63,TXN135853342
PAY504390,ORD104109,2025-12-04,PayPal,Paid,1118.94,TXN217310002
PAY504391,ORD104110,2025-01-31,UPI,Paid,271.12,TXN763410204
PAY504392,ORD104111,2025-10-27,Cash on Delivery,Failed,0.0,TXN610985156
PAY504393,ORD104111,2025-10-30,Cash on Delivery,Paid,2946.0,TXN315312245
PAY504394,ORD104112,2025-06-23,Credit Card,Paid,541.02,TXN597825406
PAY504395,ORD104113,2026-06-27,Debit Card,Refunded,-5242.08,TXN441891376
PAY504396,ORD104114,2026-04-05,UPI,Paid,1035.32,TXN724971318
PAY504397,ORD104115,2025-04-07,Credit Card,Paid,8233.89,TXN427205848
PAY504398,ORD104116,2025-03-21,Debit Card,Paid,5489.26,TXN437142924
PAY504399,ORD104117,2025-11-21,UPI,Paid,4631.76,TXN606048950
PAY504400,ORD104118,2025-07-17,Credit Card,Paid,988.52,TXN778885766
PAY504401,ORD104119,2025-11-17,UPI,Paid,10184.94,TXN439210186
PAY504402,ORD104120,2026-06-01,Cash on Delivery,Partially Refunded,1611.67,TXN778906062
PAY504403,ORD104121,2026-02-03,Cash on Delivery,Refunded,-2387.66,TXN546226591
PAY504404,ORD104122,2026-06-18,UPI,Paid,1247.72,TXN301245076
PAY504405,ORD104123,2025-04-11,PayPal,Paid,3834.38,TXN210471095
PAY504406,ORD104124,2025-08-17,UPI,Paid,2573.2,TXN201490088
PAY504407,ORD104125,05/02/2025,Cash on Delivery,Paid,3581.49,TXN356129552
PAY504408,ORD104126,2026-02-22,UPI,Paid,2377.76,TXN379114126
PAY504409,ORD104127,2026-02-12,Credit Card,Failed,0.0,TXN692978970
PAY504410,ORD104127,2026-02-13,Credit Card,Paid,2744.63,TXN408753009
PAY504411,ORD104128,2026-02-02,Net Banking,Paid,513.97,TXN156155089
PAY504412,ORD104129,2025-08-30,Cash on Delivery,Paid,5633.79,TXN917140335
PAY504413,ORD104130,2025-01-30,UPI,Paid,939.1,TXN303741454
PAY504414,ORD104131,2025-07-10,Credit Card,Paid,700.76,TXN355473377
PAY504415,ORD104132,2025-07-18,Net Banking,Failed,0.0,TXN333835565
PAY504416,ORD104133,2025-10-06,Net Banking,Refunded,-1639.26,TXN133350082
PAY504417,ORD104134,2025-10-16,Credit Card,Paid,948.54,TXN854646384
PAY504418,ORD104135,2025-05-26,UPI,Paid,623.86,TXN224853239
PAY504419,ORD104136,2025-07-15,UPI,Failed,0.0,TXN764861054
PAY504420,ORD104136,2025-07-15,UPI,Paid,1193.83,TXN430293563
PAY504421,ORD104137,2025-02-06,Cash on Delivery,Paid,988.52,TXN351749927
PAY504422,ORD104138,2025-08-25,Cash on Delivery,Paid,128.94,TXN898836455
PAY504423,ORD104139,2025-05-04,UPI,Paid,526.97,TXN935823001
PAY504424,ORD104140,2026-04-23,UPI,Failed,0.0,TXN435226216
PAY504425,ORD104140,2026-04-25,UPI,Paid,3568.06,TXN404061271
PAY504426,ORD104141,2026-02-01,UPI,Failed,0.0,TXN123213490
PAY504427,ORD104141,2026-01-30,UPI,Paid,575.18,TXN175418416
PAY504428,ORD104142,2025-07-17,Net Banking,Paid,898.83,TXN308773090
PAY504429,ORD104143,2026-04-24,Credit Card,Paid,1302.72,TXN161801225
PAY504430,ORD104144,2026-01-09,UPI,Pending,2625.0,TXN636372402
PAY504431,ORD104145,2025-06-13,UPI,Failed,0.0,TXN667345308
PAY504432,ORD104146,2026-02-13,UPI,Pending,1328.75,TXN159295847
PAY504433,ORD104147,2026-05-27,UPI,Paid,1747.36,TXN873388896
PAY504434,ORD104148,2025-04-26,UPI,Paid,2187.22,TXN455922060
PAY504435,ORD104149,2025-03-13,Credit Card,Paid,705.99,TXN145558584
PAY504436,ORD104150,2026-05-03,UPI,Paid,741.02,TXN172788141
PAY504437,ORD104151,2026-01-13,UPI,Paid,4940.34,TXN745096803
PAY504438,ORD104152,2025-12-19,UPI,Paid,4374.44,TXN534977034
PAY504439,ORD104153,2026-01-10,Net Banking,Paid,1326.48,TXN255493114
PAY504440,ORD104154,2025-09-20,Credit Card,Paid,575.18,TXN275603377
PAY504441,ORD104155,2025-08-11,UPI,Paid,1877.93,TXN624997031
PAY504442,ORD104156,2026-01-30,Credit Card,Paid,1258.81,TXN484636722
PAY504443,ORD104157,2025-03-07,Net Banking,Paid,589.2,TXN772971755
PAY504444,ORD104158,2026-04-12,Debit Card,Paid,1328.75,TXN506359391
PAY504445,ORD104159,2026-04-30,Credit Card,Paid,3271.96,TXN808592408
PAY504446,ORD104160,2026-05-26,UPI,Paid,7988.18,TXN570994902
PAY504447,ORD104161,2026-05-17,UPI,Partially Refunded,2470.17,TXN774009085
PAY504448,ORD104162,2026-03-21,UPI,Paid,1747.36,TXN350700539
PAY504449,ORD104163,2026-05-16,Debit Card,Paid,3994.09,TXN977825367
PAY504450,ORD104164,2025-11-13,Cash on Delivery,Paid,741.02,TXN732513249
PAY504451,ORD104165,2025-05-04,UPI,Paid,2797.36,TXN789859511
PAY504452,ORD104166,2025-09-05,Debit Card,Paid,3635.51,TXN547472145
PAY504453,ORD104167,2025-11-23,UPI,Paid,999999.0,TXN763968041
PAY504454,ORD104168,2026-02-20,UPI,Paid,1328.75,TXN637149723
PAY504455,ORD104169,2025-05-19,PayPal,Failed,3937.5,TXN290679592
PAY504456,ORD104170,2026-04-02,UPI,Paid,1326.48,TXN640901679
PAY504457,ORD104171,2026-06-21,Credit Card,Paid,988.52,TXN827651052
PAY504458,ORD104172,2025-10-24,Net Banking,Paid,1398.68,TXN366599647
PAY504459,ORD104173,2025-03-03,UPI,Paid,575.18,TXN177257739
PAY504460,ORD104174,2025-04-08,Net Banking,Paid,1127.51,TXN523038806
PAY504461,ORD104175,2026-03-11,UPI,Paid,494.26,TXN454381266
PAY504462,ORD104176,2025-09-16,UPI,Pending,575.18,TXN958124648
PAY504463,ORD104177,2025-12-10,Credit Card,Paid,723.73,TXN131322080
PAY504464,ORD104178,2025-09-05,Cash on Delivery,Failed,0.0,TXN792585413
PAY504465,ORD104179,2025-08-26,Credit Card,Paid,895.84,TXN985506782
PAY504466,ORD104180,2025-02-23,UPI,Paid,693.18,TXN996557794
PAY504467,ORD104181,2026-01-03,Cash on Delivery,Paid,7988.18,TXN320797245
PAY504468,ORD104182,2026-03-24,Net Banking,Paid,494.26,TXN261558637
PAY504469,ORD104183,2025-11-11,UPI,Pending,306.22,TXN640087984
PAY504470,ORD104184,22/01/2026,Cash on Delivery,Refunded,-3635.51,TXN595787908
PAY504471,ORD104185,2025-04-05,UPI,Paid,2516.34,TXN741142986
PAY504472,ORD104186,2025-12-25,Net Banking,Paid,1312.5,TXN399095982
PAY504473,ORD104187,2026-06-18,Cash on Delivery,Refunded,-7988.18,TXN260859070
PAY504474,ORD104187,2026-06-15,Cash on Delivery,Partially Refunded,3594.68,TXN732698993
PAY504475,ORD104188,2025-11-08,Net Banking,Paid,1380.42,TXN726532540
PAY504476,ORD104189,2025-12-20,PayPal,Paid,1027.94,TXN534578587
PAY504477,ORD104190,2025-05-04,Net Banking,Paid,3973.17,TXN995341660
PAY504478,ORD104191,2025-11-02,UPI,Paid,3090.18,TXN882558437
PAY504479,ORD104192,2026-05-03,Credit Card,Paid,372.02,TXN403351692
PAY504480,ORD104193,2025-12-29,Cash on Delivery,Paid,2493.76,TXN605324903
PAY504481,ORD104194,2025-10-11,UPI,Paid,3994.09,TXN202389022
PAY504482,ORD104195,2025-06-24,PayPal,Paid,898.83,TXN731551017
PAY504483,ORD104196,2026-05-10,Debit Card,Paid,1398.68,TXN913281745
PAY504484,ORD104197,2026-04-18,Net Banking,Pending,1386.36,TXN190749109
PAY504485,ORD104198,2025-04-26,UPI,Paid,2744.63,TXN398782102
PAY504486,ORD104199,2025-08-05,UPI,Paid,3632.57,TXN161305890
PAY504487,ORD104200,2025-09-30,Credit Card,Paid,372.02,TXN976158355
PAY504488,ORD104201,2025-03-19,Debit Card,Paid,951.7,TXN532821411
PAY504489,ORD104202,2025-12-12,UPI,Paid,658.52,TXN979240655
PAY504490,ORD104203,2025-11-26,UPI,Paid,2652.96,TXN255343593
PAY504491,ORD104204,2025-02-28,Credit Card,Paid,623.86,TXN612320909
PAY504492,ORD104205,2026-02-18,Cash on Delivery,Paid,494.26,TXN653055774
PAY504493,ORD104206,2025-02-24,UPI,Paid,423.6,TXN423741567
PAY504494,ORD104207,2026-05-19,UPI,Paid,2797.36,TXN250894400
PAY504495,ORD104208,2025-07-15,UPI,Paid,687.54,TXN241753208
PAY504496,ORD104209,2025-10-08,Debit Card,Failed,0.0,TXN661597167
PAY504497,ORD104209,2025-10-09,Debit Card,Paid,948.54,TXN857207846
PAY504498,ORD104210,2025-07-04,PayPal,Paid,5959.75,TXN146291268
PAY504499,ORD104211,2025-11-05,Credit Card,Paid,629.87,TXN550856358
PAY504500,ORD104212,2026-04-25,UPI,Paid,575.18,TXN352296367
PAY504501,ORD104213,2025-10-17,UPI,Pending,575.18,TXN312964981
PAY504502,ORD104214,2026-02-15,UPI,Paid,3994.09,TXN401975201
PAY504503,ORD104215,24/03/2026,Net Banking,Paid,1580.91,TXN756326663
PAY504504,ORD104216,2025-04-11,Credit Card,Paid,2079.54,TXN404629173
PAY504505,ORD104217,2026-02-11,UPI,Failed,0.0,TXN382040535
PAY504506,ORD104218,2025-09-24,UPI,Refunded,-558.03,TXN243357509
PAY504507,ORD104219,2025-04-12,Cash on Delivery,Paid,3192.48,TXN332838268
PAY504508,ORD104220,2025-02-14,UPI,Paid,790.82,TXN856309923
PAY504509,ORD104221,2026-05-19,Credit Card,Paid,1259.74,TXN138645756
PAY504510,ORD104222,2026-05-09,Credit Card,Paid,5305.92,TXN181539718
PAY504511,ORD104223,2025-06-09,Debit Card,Failed,0.0,TXN473876110
PAY504512,ORD104223,2025-06-10,Debit Card,Paid,1191.95,TXN889931696
PAY504513,ORD104224,2025-07-09,PayPal,Paid,2470.17,TXN667521558
PAY504514,ORD104225,2025-03-15,Net Banking,Paid,919.74,TXN407148577
PAY504515,ORD104226,2025-10-15,UPI,Paid,6543.92,TXN668760983
PAY504516,ORD104227,2025-10-23,UPI,Paid,372.02,TXN583340714
PAY504517,ORD104228,2025-09-12,UPI,Paid,4775.32,TXN800162680
PAY504518,ORD104229,2026-03-11,Debit Card,Paid,1258.81,TXN775599887
PAY504519,ORD104230,2025-10-26,UPI,Paid,939.1,TXN697719986
PAY504520,ORD104231,,Cash on Delivery,Paid,623.86,TXN802421380
PAY504521,ORD104232,2025-06-25,UPI,Paid,889.66,TXN225467965
PAY504522,ORD104233,2025-03-30,UPI,Paid,3994.09,TXN152486919
PAY504523,ORD104234,2025-03-29,Net Banking,Paid,575.18,TXN129712090
PAY504524,ORD104235,2025-06-01,Net Banking,Failed,0.0,TXN517433090
PAY504525,ORD104236,2025-07-15,Net Banking,Paid,271.12,TXN145238051
PAY504526,ORD104237,2026-03-22,Credit Card,Paid,5250.0,TXN971674332
PAY504527,ORD104238,2026-04-24,UPI,Paid,6543.92,
PAY504528,ORD104239,2025-08-19,UPI,Paid,3755.86,TXN760487771
PAY504529,ORD104240,2025-12-01,Net Banking,Paid,3394.98,TXN726310830
PAY504530,ORD104241,2025-11-15,Credit Card,Paid,1211.52,TXN118003458
PAY504531,ORD104242,2026-01-29,UPI,Paid,2607.4,TXN958016447
PAY504532,ORD104243,2025-05-23,Credit Card,Paid,1150.36,TXN630029384
PAY504533,ORD104244,2025-07-05,UPI,Paid,3635.51,TXN879843941
PAY504534,ORD104245,2026-06-08,UPI,Paid,723.73,TXN736068962
PAY504535,ORD104246,2026-04-12,UPI,Pending,1057.45,TXN786330065
PAY504536,ORD104247,2026-03-22,UPI,Paid,744.04,TXN363167465
PAY504537,ORD104248,2026-04-07,Cash on Delivery,Paid,1053.94,TXN968314415
PAY504538,ORD104249,2026-03-15,Net Banking,Paid,5305.92,TXN720457485
PAY504539,ORD104250,2026-02-02,UPI,Paid,372.02,TXN754702124
PAY504540,ORD104251,2025-08-09,Net Banking,Paid,1326.48,TXN473364906
PAY504541,ORD104252,2025-08-08,Cash on Delivery,Paid,2470.17,TXN310447617
PAY504542,ORD104253,2026-06-28,UPI,Refunded,1690.14,TXN549373186
PAY504543,ORD104254,2025-08-12,Credit Card,Paid,2102.28,TXN779150997
PAY504544,ORD104255,2026-01-08,Net Banking,Paid,6543.92,TXN523015062
PAY504545,ORD104256,2025-02-04,Debit Card,Paid,441.07,TXN255514075
PAY504546,ORD104257,2025-01-31,Net Banking,Paid,356.33,TXN722332442
PAY504547,ORD104258,2026-01-20,Net Banking,Refunded,-1082.04,TXN157555293
PAY504548,ORD104259,2026-02-23,PayPal,Paid,1324.39,TXN916835458
PAY504549,ORD104260,2026-01-23,Net Banking,Failed,0.0,TXN914291424
PAY504550,ORD104260,2026-01-24,Net Banking,Paid,1193.83,TXN466951284
PAY504551,ORD104261,2025-06-01,Net Banking,Paid,541.02,TXN373784477
PAY504552,ORD104262,2025-06-17,PayPal,Paid,1747.36,TXN323451437
PAY504553,ORD104263,2026-04-18,Credit Card,Paid,1312.5,TXN990060019
PAY504554,ORD104264,2026-01-26,UPI,Paid,1485.26,TXN330214027
PAY504555,ORD104265,2025-07-12,Credit Card,Paid,1747.36,TXN652190141
PAY504556,ORD104266,2025-05-30,Cash on Delivery,Refunded,526.97,TXN898538106
PAY504557,ORD104267,2025-04-17,UPI,Paid,3635.51,TXN146504713
PAY504558,ORD104268,2025-05-23,Net Banking,Refunded,-5146.4,TXN613587290
PAY504559,ORD104269,2026-04-27,Cash on Delivery,Paid,977.8,TXN945960901
PAY504560,ORD104270,2025-09-01,Credit Card,Refunded,-1258.17,TXN282138264
PAY504561,ORD104271,2025-10-23,Cash on Delivery,Paid,838.04,TXN256864650
PAY504562,ORD104272,2026-02-10,Cash on Delivery,Paid,1057.45,TXN273297670
PAY504563,ORD104273,2025-12-20,UPI,Paid,2387.66,TXN539625759
PAY504564,ORD104274,2025-10-21,UPI,Pending,3377.19,TXN699016324
PAY504565,ORD104274,2025-10-19,UPI,Failed,0.0,TXN296487213
PAY504566,ORD104275,2026-03-27,Cash on Delivery,Paid,2187.22,TXN845742380
PAY504567,ORD104276,2025-03-22,UPI,Paid,1181.25,TXN801731645
PAY504568,ORD104277,2025-01-27,PayPal,Failed,0.0,TXN770579032
PAY504569,ORD104277,2025-01-27,PayPal,Paid,7988.18,TXN497694859
PAY504570,ORD104278,2025-10-22,Cash on Delivery,Pending,3994.09,TXN275722780
PAY504571,ORD104279,2025-01-07,UPI,Paid,3632.57,TXN652799867
PAY504572,ORD104280,2025-12-02,Credit Card,Paid,1784.03,TXN870403613
PAY504573,ORD104281,2025-08-11,UPI,Paid,494.26,TXN436895732
PAY504574,ORD104282,2025-09-17,Cash on Delivery,Paid,2573.2,TXN745804081
PAY504575,ORD104283,2025-10-29,Net Banking,Paid,5594.72,TXN738715409
PAY504576,ORD104284,2026-06-02,Cash on Delivery,Paid,575.18,TXN458751241
PAY504577,ORD104285,2025-12-11,Credit Card,Paid,470.66,TXN371673756
PAY504578,ORD104286,2025-06-12,UPI,Paid,741.02,TXN862776011
PAY504579,ORD104287,2026-03-30,UPI,Paid,3994.09,TXN148266795
PAY504580,ORD104288,2026-03-31,Cash on Delivery,Paid,3192.48,TXN822389052
PAY504581,ORD104289,2025-03-29,PayPal,Paid,2652.96,TXN453058310
PAY504582,ORD104290,2025-03-06,UPI,Paid,1407.94,TXN837598451
PAY504583,ORD104291,2026-06-17,UPI,Paid,541.02,TXN880075342
PAY504584,ORD104292,2025-03-28,Cash on Delivery,Partially Refunded,1132.35,TXN221146420
PAY504585,ORD104292,2025-03-27,Cash on Delivery,Refunded,-2516.34,TXN375116164
PAY504586,ORD104293,2026-05-15,Debit Card,Paid,744.04,TXN208644461
PAY504587,ORD104294,2025-10-25,Cash on Delivery,Paid,4475.76,TXN186776151
PAY504588,ORD104295,2026-06-29,Net Banking,Refunded,-1258.81,TXN643522684
PAY504589,ORD104296,2026-04-07,Credit Card,Paid,541.02,TXN929330331
PAY504590,ORD104297,2025-11-05,Net Banking,Paid,1878.2,TXN219703785
PAY504591,ORD104298,2026-03-31,Net Banking,Paid,700.76,TXN114002791
PAY504592,ORD104299,2025-07-18,Debit Card,Paid,2573.2,TXN469913772
PAY504593,ORD104300,2026-06-13,Credit Card,Paid,1181.25,TXN811493328
PAY504594,ORD104301,2026-02-12,UPI,Paid,4374.44,TXN931287149
PAY504595,ORD104302,2026-03-14,Cash on Delivery,Paid,1386.36,TXN108263626
PAY504596,ORD104303,2025-12-27,UPI,Paid,515.12,TXN394070670
PAY504597,ORD104304,2026-03-30,Credit Card,Paid,420.12,TXN980168354
PAY504598,ORD104305,2025-11-23,UPI,Paid,1326.48,TXN302545265
PAY504599,ORD104306,2025-03-05,Credit Card,Paid,136.99,TXN739548241
PAY504600,ORD104307,2026-05-02,Credit Card,Paid,772.68,TXN860290529
PAY504601,ORD104308,2026/01/03,Debit Card,Paid,693.18,TXN392867776
PAY504602,ORD104309,2025-09-04,Cash on Delivery,Paid,2797.36,TXN291099315
PAY504603,ORD104310,2025-10-19,Debit Card,Paid,356.33,TXN676853044
PAY504604,ORD104311,2025-12-30,Net Banking,Paid,1317.04,TXN900958927
PAY504605,ORD104312,2025-04-02,CC,Paid,723.73,TXN355857705
PAY504606,ORD104313,2026-04-20,UPI,Paid,1690.14,TXN856009450
PAY504607,ORD104314,2025-03-07,UPI,Refunded,-1312.5,TXN559298264
PAY504608,ORD104315,2026-02-15,PayPal,Paid,7271.02,TXN274519292
PAY504609,ORD104316,2026-03-01,Credit Card,Failed,0.0,TXN539682852
PAY504610,ORD104317,2025-01-22,Net Banking,Paid,575.18,TXN264968072
PAY504611,ORD104318,2025-07-24,UPI,Refunded,-693.18,TXN813405955
PAY504612,ORD104319,2025-03-22,Debit Card,Refunded,-1764.28,TXN581426850
PAY504613,ORD104320,2026-02-21,Cash on Delivery,Pending,546.42,TXN690298669
PAY504614,ORD104321,2026-01-09,UPI,Paid,1181.25,TXN795265339
PAY504615,ORD104322,2025-12-22,Credit Card,Paid,320.7,TXN289171175
PAY504616,ORD104323,2025-09-09,Cash on Delivery,Failed,0.0,TXN421014978
PAY504617,ORD104324,2026-04-27,Cash on Delivery,Paid,8233.89,TXN105843847
PAY504618,ORD104325,2025-06-07,PayPal,Paid,575.18,TXN273097854
PAY504619,ORD104326,2026-04-14,UPI,Paid,541.02,TXN986959725
PAY504620,ORD104327,2026-01-12,Net Banking,Paid,3635.51,TXN429693946
PAY504621,ORD104328,2025-02-28,Credit Card,Paid,235.33,TXN733830265
PAY504622,ORD104329,2025-07-27,UPI,Paid,4631.76,TXN322407341
PAY504623,ORD104330,2025-10-23,Credit Card,Paid,1326.48,TXN821017747
PAY504624,ORD104331,2025-09-02,Credit Card,Paid,2573.2,TXN189530956
PAY504625,ORD104332,2025-10-15,UPI,Paid,494.26,TXN317803826
PAY504626,ORD104333,2025-10-24,UPI,Paid,3594.68,TXN691599607
PAY504627,ORD104334,2025-12-24,UPI,Paid,3635.51,TXN484324545
PAY504628,ORD104335,2025-01-04,Cash on Delivery,Paid,2573.2,TXN619191006
PAY504629,ORD104336,2026-05-28,Debit Card,Paid,1398.68,TXN184990148
PAY504630,ORD104337,2026-05-25,UPI,Paid,741.02,TXN228220841
PAY504631,ORD104338,2025-02-26,UPI,Paid,11982.27,TXN583074422
PAY504632,ORD104339,2026-02-18,Debit Card,Paid,526.97,TXN677125662
PAY504633,ORD104340,2025-02-26,Cash on Delivery,Failed,0.0,TXN328835313
PAY504634,ORD104340,2025-02-26,Cash on Delivery,Paid,1326.48,TXN113547154
PAY504635,ORD104341,2025-07-10,Cash on Delivery,Paid,3994.09,TXN820868292
PAY504636,ORD104342,2025-08-15,Net Banking,Refunded,-4665.88,TXN813672240
PAY504637,ORD104343,2026-02-03,PayPal,Paid,2315.88,TXN130792386
PAY504638,ORD104344,2025-12-10,PayPal,Paid,2493.76,TXN538742788
PAY504639,ORD104345,2025-08-16,UPI,Pending,14378.72,TXN346504800
PAY504640,ORD104346,2025-10-02,UPI,Paid,244.01,TXN898954790
PAY504641,ORD104347,2025-08-14,Credit Card,Failed,0.0,TXN355876048
PAY504642,ORD104348,2025-01-06,UPI,Paid,1501.86,TXN681078500
PAY504643,ORD104349,2025-06-18,Debit Card,Paid,1150.36,TXN865762419
PAY504644,ORD104350,2025-07-03,UPI,Refunded,-2744.63,TXN723864734
PAY504645,ORD104351,2026-06-13,Cash on Delivery,Refunded,-10978.52,TXN500828144
PAY504646,ORD104352,2026-06-09,Credit Card,Paid,558.03,TXN592533538
PAY504647,ORD104353,2025-02-01,UPI,Paid,235.33,TXN599923309
PAY504648,ORD104354,2025-10-18,UPI,Paid,1127.51,TXN142180082
PAY504649,ORD104355,2025-09-02,PayPal,Failed,0.0,TXN710223673
PAY504650,ORD104356,2025-01-28,PayPal,Failed,0.0,TXN496191988
PAY504651,ORD104357,2026-03-03,Cash on Delivery,Failed,0.0,TXN804766102
PAY504652,ORD104358,2025-02-02,PayPal,Paid,2444.54,TXN830062388
PAY504653,ORD104359,2026-03-27,UPI,Failed,0.0,TXN624777195
PAY504654,ORD104360,2025-11-27,UPI,Failed,0.0,TXN909780707
PAY504655,ORD104360,,UPI,Paid,,TXN980339954
PAY504656,ORD104361,2025-03-20,UPI,Paid,4374.44,TXN676543346
PAY504657,ORD104362,2026-03-23,Net Banking,Paid,840.24,TXN177605707
PAY504658,ORD104363,2026-05-05,UPI,Refunded,-2517.62,TXN520574769
PAY504659,ORD104364,2025-06-05,Net Banking,Failed,0.0,TXN130882176
PAY504660,ORD104364,2025-06-05,Net Banking,Paid,2079.54,TXN461667645
PAY504661,ORD104365,2026-04-20,Credit Card,Failed,0.0,TXN147534678
PAY504662,ORD104365,2026-04-21,Credit Card,Paid,2744.63,TXN823153054
PAY504663,ORD104366,2025-01-08,Net Banking,Paid,1767.6,
PAY504664,ORD104367,2025-11-10,Credit Card,Paid,186.01,TXN493352658
PAY504665,ORD104368,2025-11-11,Debit Card,Paid,7265.14,TXN481857934
PAY504666,ORD104369,2025-07-11,Credit Card,Paid,1092.84,TXN178533454
PAY504667,ORD104370,2026-05-26,UPI,Paid,1398.68,TXN965541222
PAY504668,ORD104371,2026-01-30,PayPal,Paid,2744.63,TXN957267587
PAY504669,ORD104372,2025-09-15,UPI,Paid,1191.3,TXN181496261
PAY504670,ORD104372,2025-09-13,UPI,Paid,1191.3,TXN586284078
PAY504671,ORD104373,2025-12-06,UPI,Paid,882.14,TXN641266154
PAY504672,ORD104374,2025-08-10,Net Banking,Partially Refunded,4631.76,TXN592132883
PAY504673,ORD104375,2026-04-18,Cash on Delivery,Paid,2652.96,TXN380321925
PAY504674,ORD104376,2026-01-08,Net Banking,Paid,2744.63,TXN610178165
PAY504675,ORD104377,2026-04-07,Cash on Delivery,Paid,1246.88,TXN476221527
PAY504676,ORD104378,2025-11-05,Credit Card,Paid,167.41,TXN290765560
PAY504677,ORD104379,2025-04-08,Debit Card,Paid,948.54,TXN867039405
PAY504678,ORD104380,2025-05-26,UPI,Paid,1407.94,TXN792954517
PAY504679,ORD104381,2025-01-07,Credit Card,Paid,2315.88,TXN410042723
PAY504680,ORD909264,2025-05-14,Credit Card,Paid,693.18,TXN878781876
PAY504681,ORD104383,2025-10-27,UPI,Paid,6789.96,TXN896571465
PAY504682,ORD104384,,UPI,Paid,1258.81,TXN261041474
PAY504683,ORD104385,2025-07-08,Credit Card,Paid,1877.93,TXN172809758
PAY504684,ORD104386,2026-02-18,Cash on Delivery,Paid,7822.2,TXN455027299
PAY504685,ORD104387,2025-06-14,Cash on Delivery,Pending,693.18,TXN142612126
PAY504686,ORD104388,2025-12-13,Credit Card,Paid,623.86,TXN560926651
PAY504687,ORD104389,2025-07-13,Credit Card,Paid,320.7,TXN447017404
PAY504688,ORD104390,2025-11-09,Cash on Delivery,Paid,7271.02,TXN148814757
PAY504689,ORD104391,2025-07-07,Credit Card,Refunded,-3581.49,TXN606634721
PAY504690,ORD104392,2025-06-10,Cash on Delivery,Failed,0.0,TXN523307115
PAY504691,ORD104392,2025-06-12,Cash on Delivery,Paid,5489.26,TXN739001904
PAY504692,ORD104393,2025-11-09,UPI,Paid,3256.8,TXN219091738
PAY504693,ORD104394,2025-08-04,PayPal,Paid,741.02,TXN410957439
PAY504694,ORD104395,2025-11-02,Net Banking,Failed,0.0,TXN617150749
PAY504695,ORD104396,2025-12-04,UPI,Paid,4717.86,TXN284324809
PAY504696,ORD104397,2026-06-23,Cash on Delivery,Paid,5489.26,TXN806136274
PAY504697,ORD104398,2026-01-17,Cash on Delivery,Failed,0.0,TXN604302400
PAY504698,ORD104398,2026-01-20,Cash on Delivery,Paid,1193.83,TXN417484521
PAY504699,ORD104399,2025-05-17,Cash on Delivery,Paid,7822.2,TXN122493676
PAY504700,ORD104400,2025-11-04,UPI,Paid,3834.38,TXN599420730
PAY504701,ORD104401,2026-05-13,UPI,Refunded,-1871.58,TXN548432505
PAY504702,ORD104402,2026-03-17,PayPal,Paid,5146.4,TXN689026691
PAY504703,ORD104403,2026-03-29,Credit Card,Failed,0.0,TXN825701690
PAY504704,ORD104403,2026-04-01,Credit Card,Paid,515.12,TXN156004649
PAY504705,ORD104404,2025-08-02,Credit Card,Paid,2573.2,TXN497261610
PAY504706,ORD104405,2025-08-14,Credit Card,Paid,2652.96,TXN607994720
PAY504707,ORD104406,2026-05-06,Net Banking,Paid,3594.68,TXN703677102
PAY504708,ORD104407,2026-06-08,Credit Card,Partially Refunded,711.41,TXN367708088
PAY504709,ORD104408,2026-03-24,Debit Card,Paid,14542.04,TXN359556623
PAY504710,ORD104409,2025-03-20,UPI,Paid,1258.81,TXN282361616
PAY504711,ORD104410,2026-01-16,Cash on Delivery,Paid,469.55,TXN340216220
PAY504712,ORD104411,2025-03-11,Net Banking,Paid,700.76,TXN225720101
PAY504713,ORD104412,2025-12-27,Cash on Delivery,Paid,1118.94,TXN142780977
PAY504714,ORD104413,2025-10-01,Net Banking,Paid,469.55,TXN791077189
PAY504715,ORD104414,2025-05-07,UPI,Refunded,-1398.68,TXN374432506
PAY504716,ORD104415,2025-06-17,Debit Card,Paid,1312.5,TXN341534655
PAY504717,ORD104416,2025-08-24,PayPal,Paid,11982.27,TXN391594336
PAY504718,ORD104417,2025-09-24,Net Banking,Pending,400.06,TXN231369050
PAY504719,ORD104418,2025-08-14,Cash on Delivery,Refunded,-575.18,TXN167822977
PAY504720,ORD104419,2025-10-07,UPI,Paid,1326.48,TXN295872448
PAY504721,ORD104420,2025-12-31,Debit Card,Paid,1035.32,TXN495062283
PAY504722,ORD104421,2025-12-13,Cash on Delivery,Failed,0.0,TXN972644193
PAY504723,ORD104421,2025-12-15,Cash on Delivery,Paid,3994.09,TXN439353673
PAY504724,ORD104422,2025-03-30,Cash on Delivery,Paid,494.26,TXN790155742
PAY504725,ORD104423,2025-06-10,UPI,Paid,5489.26,TXN721708086
PAY504726,ORD104424,2026-01-13,UPI,Paid,2315.88,TXN477137868
PAY504727,ORD104425,28-Feb-2025,UPI,Paid,1324.39,TXN417172287
PAY504728,ORD104426,2025-02-03,UPI,Paid,2387.66,TXN227996977
PAY504729,ORD104427,2025-04-27,UPI,Paid,4889.08,TXN573802562
PAY504730,ORD104428,2026-02-15,Cash on Delivery,Paid,483.51,TXN531168234
PAY504731,ORD104429,2026-06-14,Credit Card,Paid,3394.98,TXN315679776
PAY504732,ORD104430,2025-03-07,Cash on Delivery,Failed,0.0,TXN234354009
PAY504733,ORD104431,2025-03-27,Debit Card,Paid,665.72,TXN598009332
PAY504734,ORD104432,2025-12-21,Net Banking,Paid,5146.4,TXN856075099
PAY504735,ORD104433,2025-07-09,UPI,Paid,1317.04,TXN607746070
PAY504736,ORD104434,2026-06-23,Net Banking,Paid,2744.63,TXN868526865
PAY504737,ORD104435,2026-01-15,UPI,Paid,2195.7,TXN697702326
PAY504738,ORD104436,2026-01-25,Debit Card,Refunded,-2573.2,TXN823502366
PAY504739,ORD104437,2025-06-22,UPI,Failed,0.0,TXN316663395
PAY504740,ORD104438,2025-11-05,Debit Card,Paid,2187.22,TXN437924300
PAY504741,ORD104439,2025-03-31,UPI,Failed,0.0,TXN228481290
PAY504742,ORD104439,2025-03-31,UPI,Paid,334.82,TXN637667805
PAY504743,ORD104440,2026-04-05,Net Banking,Paid,2058.56,TXN891507270
PAY504744,ORD104441,2025-04-05,Net Banking,Paid,11982.27,TXN397801482
PAY504745,ORD104442,2025-05-26,Credit Card,Paid,1447.46,TXN938199231
PAY504746,ORD104443,2025-04-20,PayPal,Paid,895.84,TXN568428600
PAY504747,ORD104444,2025-04-23,Cash on Delivery,Refunded,-6543.92,TXN249417502
PAY504748,ORD104445,2025-06-23,UPI,Paid,441.07,TXN607751366
PAY504749,ORD104446,2025-06-09,Cash on Delivery,Pending,10784.04,TXN631864168
PAY504750,ORD104447,2025-05-15,UPI,Failed,0.0,TXN717035627
PAY504751,ORD104447,2025-05-16,UPI,Paid,3994.09,TXN326670069
PAY504752,ORD104448,2025-01-09,Cash on Delivery,Paid,2573.2,TXN377045319
PAY504753,ORD104449,2025-08-27,PayPal,Failed,0.0,TXN332139079
PAY504754,ORD104450,2026-02-12,Net Banking,Refunded,-1150.36,TXN924552700
PAY504755,ORD104451,19-Nov-2025,UPI,Paid,882.14,TXN162968952
PAY504756,ORD104452,2025-09-18,UPI,Paid,7988.18,TXN549652170
PAY504757,ORD104453,2025-09-02,PayPal,Paid,235.33,TXN992486070
PAY504758,ORD104454,2025-12-13,Debit Card,Pending,1334.49,TXN304913363
PAY504759,ORD104455,2026-03-19,Net Banking,Paid,3635.51,TXN686956138
PAY504760,ORD104456,2025-04-25,Net Banking,Paid,447.92,TXN743491739
PAY504761,ORD104457,2025-08-02,Cash on Delivery,Paid,3635.51,TXN288958300
PAY504762,ORD104458,2026-01-26,UPI,Failed,0.0,TXN923676303
PAY504763,ORD104458,2026-01-25,UPI,Paid,4196.04,TXN511175362
PAY504764,ORD104459,2026-02-17,Debit Card,Paid,693.18,TXN897654173
PAY504765,ORD104460,2026-03-08,PayPal,Pending,4631.76,TXN753936792
PAY504766,ORD104461,2025-12-06,Credit Card,Paid,526.97,TXN556575951
PAY504767,ORD104462,2025-04-13,Cash on Delivery,Refunded,-1035.32,TXN944622780
PAY504768,ORD104463,2025-10-29,Credit Card,Pending,554.54,TXN638826864
PAY504769,ORD104464,2025-10-06,Net Banking,Failed,0.0,TXN154844382
PAY504770,ORD104465,2025-09-09,Cash on Delivery,Refunded,-4036.19,TXN825892736
PAY504771,ORD104466,2025-12-14,Credit Card,Paid,517.66,TXN610671385
PAY504772,ORD104467,2026-03-26,Credit Card,Paid,3794.39,TXN373046801
PAY504773,ORD104468,2025-01-31,UPI,Paid,3994.09,TXN137945962
PAY504774,ORD104469,2025-02-18,Net Banking,Paid,271.12,TXN300404049
PAY504775,ORD104470,2026-04-02,PayPal,Paid,4631.76,TXN489047514
PAY504776,ORD104471,2025-03-22,Cash on Delivery,Paid,1386.36,TXN251738636
PAY504777,ORD104472,2025-08-03,Net Banking,Paid,271.12,TXN649960327
PAY504778,ORD104473,2025-10-02,Debit Card,Paid,4196.04,TXN756354466
PAY504779,ORD104474,2026-03-14,UPI,Pending,948.54,TXN880265635
PAY504780,ORD104475,2025-10-04,Credit Card,Failed,0.0,TXN302436738
PAY504781,ORD104475,2025-10-02,Credit Card,Paid,1386.36,TXN943925591
PAY504782,ORD104476,2025-08-22,Net Banking,Paid,3994.09,TXN613458805
PAY504783,ORD104477,2026-02-05,upi,Refunded,-2315.88,TXN761237176
PAY504784,ORD104478,2026-01-19,Cash on Delivery,Pending,2744.63,TXN824018183
PAY504785,ORD104479,2025-02-13,UPI,Paid,13814.92,TXN296760558
PAY504786,ORD104480,2026/05/25,Credit Card,Paid,2573.2,TXN504386271
PAY504787,ORD104481,2025-11-27,Debit Card,Paid,,TXN270301403
PAY504788,ORD104482,2026-02-16,Credit Card,Paid,4036.19,TXN977472933
PAY504789,ORD104483,2025-12-21,Cash on Delivery,Paid,1302.72,TXN316794539
PAY504790,ORD104484,2025-07-19,UPI,Refunded,-3994.09,TXN193507002
PAY504791,ORD104485,2025-03-27,Net Banking,Paid,1878.2,TXN342890298
PAY504792,ORD104486,2025-06-16,Credit Card,Paid,895.84,TXN282602383
PAY504793,ORD104487,2025-04-16,UPI,Paid,542.24,TXN744690449
PAY504794,ORD104488,2026-04-15,Net Banking,Paid,546.42,TXN244560869
PAY504795,ORD104489,2026-03-18,Cash on Delivery,Paid,7271.02,TXN864499930
PAY504796,ORD104490,2025-04-09,Debit Card,Failed,0.0,TXN658440234
PAY504797,ORD104490,2025-04-09,Debit Card,Paid,2744.63,TXN757668721
PAY504798,ORD104491,2025-09-26,Debit Card,Failed,0.0,TXN351300572
PAY504799,ORD104492,2025-05-06,UPI,Paid,5214.8,TXN769448210
PAY504800,ORD104493,2025-11-28,Cash on Delivery,Paid,575.18,TXN350714985
PAY504801,ORD104494,2026-04-21,Credit Card,Failed,0.0,TXN182874862
PAY504802,ORD104495,2025-05-24,Cash on Delivery,Failed,0.0,TXN321150373
PAY504803,ORD104496,2025-12-03,UPI,Failed,0.0,TXN574595849
PAY504804,ORD104497,2025-02-04,Credit Card,Paid,1398.68,TXN358513418
PAY504805,ORD104498,2025-05-07,UPI,Paid,469.55,TXN167670122
PAY504806,ORD104499,2025-05-30,Debit Card,Paid,3635.51,TXN778819384
PAY504807,ORD104500,2026-02-17,UPI ,Paid,7588.78,TXN932877222
PAY504808,ORD104501,2025-10-05,Debit Card,Paid,988.52,TXN220233002
PAY504809,ORD104502,2026-05-25,Debit Card,Paid,1326.48,TXN331409550
PAY504810,ORD104503,2025-01-25,Cash on Delivery,Pending,2607.4,TXN761197632
PAY504811,ORD104504,2025-06-12,UPI,Paid,1877.93,TXN769715448
PAY504812,ORD104505,2025-08-03,Cash on Delivery,Paid,2573.2,TXN863001487
PAY504813,ORD104506,2025-09-23,Credit Card,Failed,0.0,TXN648122322
PAY504814,ORD104506,2025-09-23,Credit Card,Paid,9880.68,TXN872530628
PAY504815,ORD104507,2025-05-10,Debit Card,Paid,1779.32,TXN223785445
PAY504816,ORD104508,2025-10-28,UPI,Paid,665.72,TXN381584374
PAY504817,ORD104509,2026-02-11,Net Banking,Paid,7988.18,TXN182462247
PAY504818,ORD104510,2026-01-03,Debit Card,Failed,0.0,TXN123119127
PAY504819,ORD104510,2026-01-04,Debit Card,Paid,6632.4,TXN406743280
PAY504820,ORD104511,2025-08-24,Cash on Delivery,Paid,3994.09,TXN363377348
PAY504821,ORD104512,2025-01-23,Debit Card,Paid,3575.85,TXN690062255
PAY504822,ORD104513,2025-08-22,UPI,Paid,1302.72,TXN479823445
PAY504823,ORD104514,2025-10-28,PayPal,Failed,0.0,TXN178769275
PAY504824,ORD104515,2026-02-18,UPI,Paid,1877.93,TXN373074466
PAY504825,ORD104516,2025-04-16,UPI,Failed,0.0,TXN878115539
PAY504826,ORD104517,2025-11-07,Debit Card,Paid,8450.7,TXN352664364
PAY504827,ORD104518,2025-09-15,Credit Card,Failed,0.0,TXN429841175
PAY504828,ORD104519,2025-08-08,Cash on Delivery,Paid,1326.48,TXN717282921
PAY504829,ORD104520,2025-08-19,UPI,Paid,486.92,TXN242741037
PAY504830,ORD104521,2025-12-22,UPI,Paid,693.18,TXN329905327
PAY504831,ORD104522,2025-08-11,UPI,Paid,2573.2,TXN924408125
PAY504832,ORD104523,2026-01-18,Debit Card,Paid,136.99,TXN567671929
PAY504833,ORD104524,2025-03-16,Debit Card,Paid,3979.44,TXN406790373
PAY504834,ORD104525,2025-04-16,Debit Card,Paid,4036.19,TXN750686715
PAY504835,ORD104526,2025-07-30,PayPal,Paid,8072.38,TXN355088306
PAY504836,ORD104527,2026-04-03,Debit Card,Paid,1150.36,TXN691447928
PAY504837,ORD104528,2025-12-25,Credit Card,Partially Refunded,1415.36,TXN588960511
PAY504838,ORD104529,2025-07-06,UPI,Pending,6543.92,TXN193138836
PAY504839,ORD104530,2025-11-15,Cash on Delivery,Paid,5250.0,TXN184143689
PAY504840,ORD104531,2026-05-21,UPI,Paid,1035.32,TXN935572162
PAY504841,ORD104532,2026-06-14,Credit Card,Paid,1057.45,TXN633306976
PAY504842,ORD104533,2026-01-02,UPI,Paid,2607.4,TXN220673450
PAY504843,ORD104534,2026-03-15,Net Banking,Paid,703.97,TXN241217324
PAY504844,ORD104535,2026-02-16,UPI,Pending,2607.4,TXN955105777
PAY504845,ORD104536,2025-07-16,Debit Card,Paid,186.01,TXN288751185
PAY504846,ORD104537,2026-05-17,UPI,Paid,1191.3,TXN372169288
PAY504847,ORD104538,2026-05-17,Debit Card,Paid,1997.16,TXN356227961
PAY504848,ORD104539,2026-05-28,UPI,Pending,1725.54,TXN246287785
PAY504849,ORD104540,2025-07-25,Debit Card,Failed,0.0,TXN636545287
PAY504850,ORD104541,2025-03-23,Net Banking,Paid,1004.58,TXN922746046
PAY504851,ORD104542,2025-02-08,Net Banking,Paid,3635.51,TXN813059679
PAY504852,ORD104543,2025-10-15,UPI,Paid,2195.7,TXN128259576
PAY504853,ORD104544,2025-01-23,Debit Card,Paid,494.26,TXN528492599
PAY504854,ORD104545,2025-03-08,UPI,Failed,0.0,TXN226307322
PAY504855,ORD104546,2026-04-27,Cash on Delivery,Failed,0.0,TXN605844145
PAY504856,ORD104547,2025-03-16,UPI,Paid,1004.58,TXN180103854
PAY504857,ORD104548,2025-12-02,UPI,Failed,0.0,TXN166155588
PAY504858,ORD104548,2025-11-30,UPI,Paid,1193.83,TXN543931704
PAY504859,ORD104549,2025-08-30,Cash on Delivery,Paid,1386.36,TXN926044546
PAY504860,ORD104550,2026-03-02,Credit Card,Paid,4889.08,TXN801434527
PAY504861,ORD104551,2025-04-26,Cash on Delivery,Paid,2772.72,TXN235525119
PAY504862,ORD104552,2026-03-11,UPI,Paid,1482.78,TXN561000827
PAY504863,ORD104553,2025-11-27,UPI,Paid,2744.63,TXN765614411
PAY504864,ORD104554,2025-11-19,Cash on Delivery,Refunded,-1030.24,TXN387619378
PAY504865,ORD104555,2025-03-01,UPI,Refunded,-948.54,TXN760828742
PAY504866,ORD104556,2025-10-06,Cash on Delivery,Paid,589.2,TXN145155146
PAY504867,ORD104557,2025-02-06,Debit Card,Paid,3994.09,TXN417735655
PAY504868,ORD104558,2025-08-24,Cash on Delivery,Paid,3834.38,TXN946101664
PAY504869,ORD104559,2026-02-13,UPI,Paid,14542.04,TXN891265975
PAY504870,ORD104560,2025-01-09,Net Banking,Paid,2625.0,TXN507354945
PAY504871,ORD104561,2025-11-07,Cash on Delivery,Paid,558.03,TXN819463317
PAY504872,ORD104562,2025-10-15,UPI,Failed,0.0,TXN762273811
PAY504873,ORD104563,2025-04-14,Cash on Delivery,Paid,1398.68,TXN778995001
PAY504874,ORD104564,2025-09-09,UPI,Paid,4374.44,TXN252197014
PAY504875,ORD104565,2025-01-06,Net Banking,Paid,235.33,TXN322269577
PAY504876,ORD104566,2025-12-04,UPI,Paid,3635.51,TXN345099813
PAY504877,ORD104567,2025-02-08,UPI,Paid,1326.48,TXN309138526
PAY504878,ORD104568,2025-04-22,UPI,Paid,723.73,TXN371089915
PAY504879,ORD104569,2025-08-03,Debit Card,Paid,3994.09,TXN529145573
PAY504880,ORD104570,2025-05-25,UPI,Refunded,-494.26,TXN775658799
PAY504881,ORD104571,2026-06-21,UPI,Paid,3494.72,TXN196481973
PAY504882,ORD104572,2025-10-18,Cash on Delivery,Paid,3994.09,TXN581899297
PAY504883,ORD104573,2026-03-23,UPI,Paid,444.83,TXN335429314
PAY504884,ORD104574,2026-03-11,UPI,Paid,13814.92,TXN578243556
PAY504885,ORD104575,2025-08-31,UPI,Paid,186.01,TXN379494200
PAY504886,ORD104576,2025-09-08,Net Banking,Paid,1355.6,
PAY504887,ORD104577,2026-04-09,Credit Card,Failed,0.0,TXN886334966
PAY504888,ORD104578,2025-11-10,PayPal,Failed,0.0,TXN526285021
PAY504889,ORD104579,2026-05-08,Net Banking,Paid,5633.79,TXN245051833
PAY504890,ORD104580,2026-04-03,Net Banking,Paid,2315.88,TXN436884102
PAY504891,ORD104581,2025-02-11,Net Banking,Refunded,-1150.36,TXN865147482
PAY504892,ORD104582,2025-11-27,Credit Card,Paid,1150.36,
PAY504893,ORD104583,2026-01-01,UPI,Paid,1502.34,TXN813889738
PAY504894,ORD104584,2025-07-16,Credit Card,Paid,693.18,TXN557132657
PAY504895,ORD104585,2025-10-19,UPI,Paid,988.52,TXN615320294
PAY504896,ORD104586,2025-11-10,Debit Card,Paid,641.4,TXN116415150
PAY504897,ORD104587,2026-04-05,Credit Card,Failed,0.0,TXN842139575
PAY504898,ORD104587,2026-04-04,Credit Card,Paid,1193.83,TXN773030958
PAY504899,ORD104588,2026-06-18,UPI,Partially Refunded,1135.22,TXN204127509
PAY504900,ORD104589,2025-12-17,Credit Card,Paid,167.41,TXN581833203
PAY504901,ORD104590,2025-05-16,Credit Card,Paid,494.26,TXN707669275
PAY504902,ORD104591,2025-10-04,UPI,Failed,0.0,TXN352908066
PAY504903,ORD104591,2025-10-03,UPI,Paid,2744.63,TXN220804126
PAY504904,ORD104592,2025-11-21,Cash on Delivery,Failed,0.0,TXN341271371
PAY504905,ORD104593,2026-05-23,UPI,Refunded,-11982.27,TXN170792857
PAY504906,ORD104594,2026-03-27,UPI,Paid,2744.63,TXN448238114
PAY504907,ORD104595,2025-10-07,UPI,Failed,0.0,TXN727600381
PAY504908,ORD104595,2025-10-07,UPI,Paid,5489.26,TXN562182999
PAY504909,ORD104596,2025-09-29,Net Banking,Paid,1191.95,TXN237410254
PAY504910,ORD104597,2025-10-14,Debit Card,Paid,3834.38,TXN619292709
PAY504911,ORD104598,2026-04-17,UPI,Failed,-100.0,TXN663419634
PAY504912,ORD104599,2025-02-04,Credit Card,Paid,2744.63,TXN236424451
PAY504913,ORD104600,2025-07-11,UPI,Paid,1572.62,TXN746414640
PAY504914,ORD104601,06-20-2026,Credit Card,Paid,441.07,TXN577562945
PAY504915,ORD104602,2025-04-17,Net Banking,Paid,2107.88,TXN702768763
PAY504916,ORD104603,2025-05-22,Cash on Delivery,Paid,3581.49,TXN781853814
PAY504917,ORD104604,2025-02-11,Cash on Delivery,Paid,488.02,TXN478668828
PAY504918,ORD104605,2026-06-16,UPI,Paid,3494.72,TXN699612703
PAY504919,ORD104606,2025-06-30,Cash on Delivery,Paid,186.01,TXN913332929
PAY504920,ORD104607,2025-07-13,Credit Card,Paid,459.87,TXN547036539
PAY504921,ORD104608,2026-02-24,Cash on Delivery,Paid,513.97,TXN565161136
PAY504922,ORD104609,2025-10-05,Debit Card,Refunded,-1326.48,TXN328647645
PAY504923,ORD104610,2025-10-01,UPI,Paid,1767.6,TXN257561403
PAY504924,ORD104611,2025-02-23,Credit Card,Paid,4631.76,TXN832103089
PAY504925,ORD104612,2025-06-26,UPI,Pending,2102.28,TXN782645161
PAY504926,ORD104612,2025-06-26,UPI,Pending,2102.28,TXN464643914
PAY504927,ORD104613,2025-11-08,UPI,Paid,1258.81,TXN636938966
PAY504928,ORD104614,2025-10-11,Cash on Delivery,Paid,1181.25,TXN735689995
PAY504929,ORD104615,2026-01-11,Debit Card,Failed,0.0,TXN471755199
PAY504930,ORD104616,2025-11-17,Cash on Delivery,Paid,635.4,TXN973803557
PAY504931,ORD104617,2025-10-14,Credit Card,Paid,3228.95,TXN678582053
PAY504932,ORD104618,2025-11-17,Net Banking,Paid,2009.16,TXN567271235
PAY504933,ORD104619,2026-03-10,UPI,Failed,0.0,TXN964640924
PAY504934,ORD104619,2026-03-09,UPI,Paid,356.33,TXN715690716
PAY504935,ORD104620,2026-05-29,Cash on Delivery,Paid,1247.72,TXN942820534
PAY504936,ORD104621,2026-03-19,Cash on Delivery,Paid,4036.19,TXN338940398
PAY504937,ORD104622,2026-06-25,UPI,Paid,1127.51,TXN789117992
PAY504938,ORD104623,05-12-2026,Net Banking,Paid,2573.2,TXN687489737
PAY504939,ORD104624,2025-09-01,UPI,Paid,316.22,TXN464658088
PAY504940,ORD104625,2025-03-10,Credit Card,Paid,3994.09,TXN668616506
PAY504941,ORD104626,2025-12-29,UPI,Paid,3994.09,TXN267632722
PAY504942,ORD104627,2025-09-18,Net Banking,Paid,3090.18,TXN787030775
PAY504943,ORD104628,2025-05-10,Cash on Delivery,Paid,2744.63,TXN628475773
PAY504944,ORD104629,2025-07-06,Credit Card,Pending,1001.24,TXN409257584
PAY504945,ORD104630,2026-01-22,UPI,Paid,703.97,TXN499085151
PAY504946,ORD104631,2025-05-04,Debit Card,Pending,1181.25,TXN991811508
PAY504947,ORD104632,2026-02-17,Credit Card,Pending,526.97,TXN960425233
PAY504948,ORD104633,2025-04-14,UPI,Paid,2744.63,TXN483881054
PAY504949,ORD104634,2025-03-17,Debit Card,Paid,10292.8,TXN114492728
PAY504950,ORD104635,2025-08-25,UPI,Paid,3581.49,TXN791334860
PAY504951,ORD104636,2025-02-14,Credit Card,Partially Refunded,931.79,TXN244563331
PAY504952,ORD104637,2026-03-21,Cash on Delivery,Paid,693.18,TXN234878885
PAY504953,ORD104638,2025-09-27,Net Banking,Paid,2444.54,TXN617899473
PAY504954,ORD104639,2026-03-08,Cash on Delivery,Paid,419.02,TXN606530495
PAY504955,ORD104640,2026-01-06,Cash on Delivery,Paid,235.33,TXN653249814
PAY504956,ORD104641,2025-07-08,UPI,Paid,1057.45,TXN489548347
PAY504957,ORD104642,2025-11-07,Credit Card,Paid,494.26,TXN880694821
PAY504958,ORD104643,2025-05-04,Debit Card,Paid,396.96,TXN274362836
PAY504959,ORD104644,2025-05-08,UPI,Paid,459.87,TXN589422714
PAY504960,ORD104645,2025-07-18,Credit Card,Paid,988.52,TXN978252394
PAY504961,ORD104646,2025-05-25,Credit Card,Paid,5305.92,TXN214553408
PAY504962,ORD104647,2026-01-19,Cash on Delivery,Paid,459.87,TXN357930338
PAY504963,ORD104648,2025-12-13,upi,Paid,1947.68,TXN791861838
PAY504964,ORD104649,2025-07-29,UPI,Refunded,-962.1,TXN939758033
PAY504965,ORD104650,2026-02-13,UPI,Pending,2652.96,TXN846421085
PAY504966,ORD104651,2025-10-29,UPI,Paid,948.54,TXN472562096
PAY504967,ORD104652,2025-08-22,Net Banking,Paid,2444.54,TXN941841869
PAY504968,ORD104653,2025-01-19,Cash on Delivery,Failed,0.0,TXN991507346
PAY504969,ORD104654,2026-03-19,PayPal,Paid,703.97,TXN717075232
PAY504970,ORD104655,2025-07-31,UPI,Paid,1877.93,TXN827401863
PAY504971,ORD104656,2026-06-09,Net Banking,Pending,1977.04,TXN842158677
PAY504972,ORD104657,2025-04-05,Credit Card,Paid,2444.54,TXN388695298
PAY504973,ORD104658,2025-07-22,UPI,Paid,441.07,TXN637838874
PAY504974,ORD104659,2026-04-16,Credit Card,Paid,1401.52,TXN459196916
PAY504975,ORD104660,2026-02-07,Debit Card,Refunded,-526.97,TXN800560464
PAY504976,ORD104661,2026-05-13,UPI,Paid,693.18,TXN224346830
PAY504977,ORD104662,2025-08-16,Net Banking,Paid,813.36,TXN788742445
PAY504978,ORD104663,2025-06-25,Credit Card,Paid,1027.94,TXN737932403
PAY504979,ORD104664,2025-11-04,Net Banking,Paid,889.66,TXN579962563
PAY504980,ORD104665,2025-03-03,Credit Card,Pending,3568.06,TXN908616223
PAY504981,ORD104666,2025-12-15,UPI,Paid,167.41,TXN358315394
PAY504982,ORD104667,2025-07-28,PayPal,Paid,693.18,TXN579918424
PAY504983,ORD104668,2025-12-25,Credit Card,Paid,2573.2,TXN445321517
PAY504984,ORD104669,2025-10-05,Credit Card,Paid,5146.4,TXN795063187
PAY504985,ORD104670,11-May-2026,Cash on Delivery,Paid,2625.0,TXN958954372
PAY504986,ORD104671,2025-11-07,Credit Card,Paid,444.83,TXN482301487
PAY504987,ORD104672,2026-04-19,PayPal,Paid,470.66,TXN179182255
PAY504988,ORD104673,2026-02-08,Net Banking,Paid,1317.04,TXN152439415
PAY504989,ORD104674,2025-01-23,Cash on Delivery,Paid,723.73,TXN111278331
PAY504990,ORD104675,2026-01-03,Net Banking,Paid,444.83,TXN515828653
PAY504991,ORD104676,2026-03-24,UPI,Pending,1068.99,TXN268019970
PAY504992,ORD104677,2026-01-19,Net Banking,Refunded,-1260.16,TXN737174815
PAY504993,ORD104678,2026-04-09,Cash on Delivery,Paid,1109.08,TXN540726577
PAY504994,ORD104679,2025-10-31,UPI,Paid,2332.94,TXN106784819
PAY504995,ORD104680,2026-06-23,UPI,Paid,1324.39,TXN277481813
PAY504996,ORD104681,2026-06-26,Credit Card,Paid,1580.91,TXN562682258
PAY504997,ORD104682,2025-04-15,Credit Card,Paid,3994.09,TXN735405589
PAY504998,ORD104683,2025-07-20,Credit Card,Paid,2079.54,TXN747276671
PAY504999,ORD104684,2025-06-09,Cash on Delivery,Partially Refunded,377.12,TXN104934757
PAY505000,ORD104685,2025-01-21,upi,Pending,1326.48,TXN548933452
PAY505001,ORD104685,2025-01-19,Cash on Delivery,Pending,1326.48,TXN185986442
PAY505002,ORD104686,2025-03-13,Cash on Delivery,Paid,353.42,TXN323441201
PAY505003,ORD104687,2026-01-02,Cash on Delivery,Paid,1317.04,TXN645082189
PAY505004,ORD104688,2025-10-22,UPI,Failed,0.0,TXN794433132
PAY505005,ORD104689,2026-01-25,UPI,Paid,5489.26,TXN347662408
PAY505006,ORD104690,2025-11-01,UPI,Paid,444.83,TXN380679359
PAY505007,ORD104691,2026-06-17,Cash on Delivery,Paid,7333.62,TXN458950550
PAY505008,ORD104692,2026-05-16,UPI,Paid,441.07,TXN686657571
PAY505009,ORD104693,2025-02-21,Credit Card,Paid,1398.68,TXN535107533
PAY505010,ORD104694,2025-04-19,Cash on Delivery,Paid,700.76,TXN114302356
PAY505011,ORD104695,2026-04-08,Debit Card,Paid,16359.8,TXN979514050
PAY505012,ORD104696,2025-07-28,Debit Card,Paid,500.62,TXN490823360
PAY505013,ORD104697,2025-03-26,Cash on Delivery,Paid,235.33,TXN387713254
PAY505014,ORD104698,2025-04-05,Net Banking,Paid,176.71,TXN987485053
PAY505015,ORD104699,2025-04-19,Debit Card,Refunded,-8072.38,TXN867641864
PAY505016,ORD104700,2026-06-05,Credit Card,Paid,1398.68,TXN163992929
PAY505017,ORD104701,2026-02-06,Cash on Delivery,Paid,2171.19,TXN903012061
PAY505018,ORD104702,2025-08-10,PayPal,Failed,0.0,TXN613074273
PAY505019,ORD104703,2025-03-15,Net Banking,Refunded,-494.26,TXN690359831
PAY505020,ORD104704,2025-11-21,UPI,Paid,2744.63,TXN496828974
PAY505021,ORD104705,2025-08-01,Credit Card,Paid,741.02,TXN981457128
PAY505022,ORD104706,2025-09-12,UPI,Pending,741.02,TXN252621218
PAY505023,ORD104707,2025-09-06,UPI,Paid,3635.51,TXN202086638
PAY505024,ORD104708,2025-04-16,Net Banking,Paid,1053.94,TXN334401914
PAY505025,ORD104709,2025-02-17,UPI,Paid,2607.4,TXN148467344
PAY505026,ORD104710,2026-03-04,UPI,Pending,3994.09,TXN553104191
PAY505027,ORD104711,2025-06-18,UPI,Refunded,-1401.52,TXN330451118
PAY505028,ORD104712,2025-04-24,Credit Card,Pending,1977.04,TXN826969027
PAY505029,ORD104713,2025-03-14,Debit Card,Pending,1328.75,TXN225871893
PAY505030,ORD104714,2025-06-13,Credit Card,Refunded,-693.18,TXN923831476
PAY505031,ORD104715,2025-08-17,Net Banking,Paid,1326.48,TXN368875184
PAY505032,ORD104716,2026-03-29,UPI,Failed,0.0,TXN458264570
PAY505033,ORD104717,2025-08-11,UPI,Refunded,-3394.98,TXN606589111
PAY505034,ORD104718,2025-10-09,Net Banking,Refunded,-1398.68,TXN728863711
PAY505035,ORD104719,2025-08-25,Credit Card,Paid,3994.09,TXN130365475
PAY505036,ORD104720,2025-11-06,UPI,Paid,1326.48,TXN838532408
PAY505037,ORD104721,2025-10-31,Net Banking,Paid,1877.93,TXN276343620
PAY505038,ORD104722,2025-04-16,Net Banking,Paid,12866.0,TXN325780107
PAY505039,ORD104723,2025-01-14,Credit Card,Paid,723.73,TXN682162636
PAY505040,ORD104724,2025-09-28,Cash on Delivery,Failed,0.0,TXN710188112
PAY505041,ORD104725,2026-02-07,Cash on Delivery,Paid,541.02,TXN296370057
PAY505042,ORD104726,2025-01-26,UPI,Paid,999999.0,TXN281090915
PAY505043,ORD104727,2026-05-25,Net Banking,Paid,658.52,TXN534588513
PAY505044,ORD104728,2025-06-18,UPI,Paid,1193.83,TXN242524880
PAY505045,ORD104729,2025-03-01,Cash on Delivery,Failed,0.0,TXN188405751
PAY505046,ORD104730,2026-07-03,UPI,Paid,356.33,TXN520108306
PAY505047,ORD954582,2025-01-17,Debit Card,Paid,894.24,TXN287933327
PAY505048,ORD104732,2026-03-11,Credit Card,Paid,3635.51,TXN486548572
PAY505049,ORD104733,2025-06-12,Credit Card,Paid,541.02,TXN591406939
PAY505050,ORD104734,2026-06-04,Cash on Delivery,Paid,1317.04,TXN816188553
PAY505051,ORD104735,2025-06-25,UPI,Paid,176.71,TXN529963094
PAY505052,ORD104736,2026-04-29,UPI,Paid,693.18,TXN341432887
PAY505053,ORD104737,2025-08-09,Credit Card,Failed,0.0,TXN954809460
PAY505054,ORD104737,2025-08-12,Credit Card,Failed,0.0,TXN782622022
PAY505055,ORD104738,2025-06-29,UPI,Refunded,-10978.52,TXN879511345
PAY505056,ORD104739,2025-07-02,UPI,Paid,372.02,TXN362529948
PAY505057,ORD104740,2025-11-27,PayPal,Refunded,-1408.65,TXN692651361
PAY505058,ORD104741,2026-01-18,PayPal,Partially Refunded,561.47,TXN199266722
PAY505059,ORD104742,2025-03-17,Debit Card,Paid,3994.09,TXN812747304
PAY505060,ORD104743,2026-06-04,UPI,Paid,575.18,TXN106072655
PAY505061,ORD104744,2026-02-12,Cash on Delivery,Paid,2102.28,TXN555350685
PAY505062,ORD104745,2026-04-01,Net Banking,Refunded,-2079.54,TXN547044035
PAY505063,ORD104746,2025-11-29,UPI,Partially Refunded,1617.61,TXN793440153
PAY505064,ORD104747,2025-09-02,Net Banking,Paid,1109.08,TXN206917984
PAY505065,ORD104748,2025-02-19,UPI,Failed,0.0,TXN675163780
PAY505066,ORD104748,2025-02-19,UPI,Paid,441.07,TXN457485722
PAY505067,ORD104749,2025-07-15,Debit Card,Paid,5489.26,TXN400377958
PAY505068,ORD104750,2026-06-04,Cash on Delivery,Paid,3394.98,TXN150405875
PAY505069,ORD104751,2025-02-14,Net Banking,Paid,271.12,TXN655954267
PAY505070,ORD104752,2026-05-25,Debit Card,Paid,5594.72,
PAY505071,ORD104753,2026-05-14,UPI,Paid,211.8,TXN207316172
PAY505072,ORD104754,2025-11-08,UPI,Failed,0.0,TXN585064625
PAY505073,ORD104754,2025-11-07,UPI,Paid,216.9,TXN683866206
PAY505074,ORD104755,2025-03-31,Debit Card,Paid,7719.6,TXN675932329
PAY505075,ORD104756,2025-02-28,Cash on Delivery,Paid,700.76,TXN969958438
PAY505076,ORD104757,2025-01-20,Credit Card,Paid,4665.88,TXN357491958
PAY505077,ORD104758,2025-12-30,Cash on Delivery,Paid,7271.02,TXN516470591
PAY505078,ORD104759,2026-02-20,Net Banking,Paid,6947.64,TXN291111177
PAY505079,ORD104760,2025-02-25,UPI,Refunded,-4889.08,TXN328618782
PAY505080,ORD104761,2026-05-27,Debit Card,Paid,7988.18,TXN327636101
PAY505081,ORD104762,2025-06-22,Debit Card,Paid,1871.58,TXN829935708
PAY505082,ORD104763,2025-12-04,UPI,Paid,1260.16,TXN236507309
PAY505083,ORD104764,2025-12-18,Cash on Delivery,Failed,0.0,TXN205971336
PAY505084,ORD104764,2025-12-15,Cash on Delivery,Paid,541.02,TXN526753254
PAY505085,ORD104765,2025-11-05,Cash on Delivery,Refunded,-1871.58,TXN423845922
PAY505086,ORD104766,2026-03-25,Debit Card,Failed,0.0,TXN219294051
PAY505087,ORD104766,2026-03-25,Debit Card,Paid,575.18,TXN869050826
PAY505088,ORD104767,2026-04-25,Credit Card,Paid,5489.26,TXN432547926
PAY505089,ORD104768,2025-12-17,Debit Card,Paid,-3453.73,TXN765169473
PAY505090,ORD104769,2025-07-07,Net Banking,Paid,693.18,TXN842088399
PAY505091,ORD104770,2025-08-04,Cash on Delivery,Paid,211.8,TXN640352473
PAY505092,ORD104771,2025-09-22,Cash on Delivery,Failed,0.0,TXN766208195
PAY505093,ORD104772,2026-06-29,Net Banking,Paid,1596.24,TXN544010932
PAY505094,ORD104773,2025-09-20,Net Banking,Paid,4193.67,TXN414268366
PAY505095,ORD104774,2025-07-09,UPI,Paid,1068.99,TXN824597434
PAY505096,ORD104775,2025-10-29,UPI,Pending,338.51,TXN383175224
PAY505097,ORD104776,2025-07-05,UPI,Paid,6947.64,TXN445862607
PAY505098,ORD104777,2025-07-21,UPI,Paid,1874.55,TXN296942907
PAY505099,ORD104778,2025-01-29,UPI,Paid,723.73,TXN534515512
PAY505100,ORD104779,2025-02-22,Credit Card,Refunded,-2573.2,TXN929151932
PAY505101,ORD104780,2025-09-15,PayPal,Paid,7271.02,TXN318366960
PAY505102,ORD104781,31-Jan-2026,UPI,Failed,0.0,TXN592708893
PAY505103,ORD104782,2026-05-05,Credit Card,Paid,3566.64,TXN535152549
PAY505104,ORD104783,2025-06-14,Cash on Delivery,Paid,6621.95,TXN581874084
PAY505105,ORD104784,2025-07-10,UPI,Failed,0.0,TXN149575046
PAY505106,ORD104784,2025-07-08,UPI,Paid,2652.96,TXN364699460
PAY505107,ORD104785,2025-05-23,Cash on Delivery,Paid,5305.92,TXN440028997
PAY505108,ORD104786,2025-09-19,Credit Card,Paid,3994.09,TXN632152535
PAY505109,ORD104787,2025-07-25,Cash on Delivery,Paid,1092.84,TXN308574477
PAY505110,ORD104788,2025-10-03,Credit Card,Paid,161.17,TXN660919161
PAY505111,ORD104789,2025-07-29,Debit Card,Paid,186.01,TXN266125352
PAY505112,ORD104790,2025-09-10,Credit Card,Paid,2102.28,TXN757801663
PAY505113,ORD104791,2025-08-09,Net Banking,Partially Refunded,311.93,TXN252305914
PAY505114,ORD104792,2025-10-19,PayPal,Paid,1326.48,TXN762671894
PAY505115,ORD104793,,Net Banking,Paid,161.17,TXN327917507
PAY505116,ORD104794,2026-01-26,Net Banking,Refunded,-400.06,TXN717406527
PAY505117,ORD104795,2025-08-23,PayPal,Paid,1092.84,TXN305198738
PAY505118,ORD104796,2026-05-31,Net Banking,Failed,0.0,TXN394088307
PAY505119,ORD104797,2026-04-23,Net Banking,Failed,0.0,TXN903800239
PAY505120,ORD104797,2026-04-26,Net Banking,Paid,546.42,TXN615470652
PAY505121,ORD104798,2025-11-19,Cash on Delivery,Paid,386.82,TXN829234167
PAY505122,ORD104799,2025-02-15,UPI,Paid,526.97,TXN283185945
PAY505123,ORD104800,2025-05-21,Cash on Delivery,Paid,7588.78,TXN388017185
PAY505124,ORD104801,2025-10-30,Cash on Delivery,Failed,0.0,TXN393969170
PAY505125,ORD104802,2025-03-01,Cash on Delivery,Paid,470.66,TXN762984097
PAY505126,ORD104803,2026-04-07,UPI,Paid,3145.24,TXN587688701
PAY505127,ORD104804,2026-05-09,Net Banking,Paid,1398.68,TXN888440028
PAY505128,ORD104805,2025-07-16,Credit Card,Paid,1324.39,TXN357110364
PAY505129,ORD104806,2025-12-04,PayPal,Paid,1057.45,TXN720823865
PAY505130,ORD104807,2025-10-06,PayPal,Paid,575.18,TXN193302097
PAY505131,ORD104808,2025-10-17,Cash on Delivery,Paid,,TXN480737304
PAY505132,ORD104809,2025-04-16,Credit Card,Paid,962.1,TXN552010424
PAY505133,ORD104810,2026-04-19,Cash on Delivery,Paid,526.97,TXN939658509
PAY505134,ORD104811,2025-09-03,Debit Card,Paid,7511.72,TXN121693858
PAY505135,ORD104812,2025-10-01,UPI,Pending,1482.78,TXN260413681
PAY505136,ORD104813,2025-10-25,Net Banking,Failed,0.0,TXN949544683
PAY505137,ORD104814,2025-06-06,Net Banking,Paid,1596.24,TXN440164053
PAY505138,ORD104815,2026-02-14,Net Banking,Paid,1328.75,TXN636613614
PAY505139,ORD104816,2026-01-28,UPI,Pending,723.73,TXN468221495
PAY505140,ORD104817,2025-04-02,Net Banking,Paid,693.18,TXN202743370
PAY505141,ORD104818,2025-11-12,Net Banking,Paid,500.62,TXN520607532
PAY505142,ORD104819,2025-12-14,Net Banking,Paid,1193.83,TXN719957950
PAY505143,ORD104820,2025-11-19,Credit Card,Paid,1258.81,TXN749360687
PAY505144,ORD104821,2026-05-03,Net Banking,Paid,3635.51,TXN179617014
PAY505145,ORD104822,2026-02-26,Credit Card,Paid,3394.98,TXN900188975
PAY505146,ORD104823,2025-11-15,UPI,Paid,526.97,TXN967666123
PAY505147,ORD104824,2026-01-02,UPI,Paid,7988.18,TXN153578720
PAY505148,ORD104825,2025-11-20,Debit Card,Paid,2516.34,TXN364361288
PAY505149,ORD104826,2025-07-06,Debit Card,Failed,0.0,TXN475842495
PAY505150,ORD104826,2025-07-06,Debit Card,Paid,3145.24,TXN669047349
PAY505151,ORD104827,2026-03-13,UPI,Paid,2470.17,TXN543069497
PAY505152,ORD104828,2025-03-06,UPI,Paid,1082.04,TXN486461437
PAY505153,ORD104829,2025-03-13,Credit Card,Paid,1786.95,TXN912176773
PAY505154,ORD104830,2025-07-21,UPI,Failed,0.0,TXN894436556
PAY505155,ORD104830,2025-07-21,UPI,Paid,988.52,TXN935747784
PAY505156,ORD104831,2025-07-12,UPI,Pending,2300.72,TXN431178399
PAY505157,ORD104832,2025-12-28,UPI,Paid,1877.93,TXN601465475
PAY505158,ORD104833,2025-02-08,Cash on Delivery,Paid,12108.57,TXN595203847
PAY505159,ORD104834,2026-04-22,UPI,Paid,1328.75,TXN149316376
PAY505160,ORD104835,2025-11-15,UPI,Paid,3635.51,TXN412335614
PAY505161,ORD104836,2025-11-28,Cash on Delivery,Paid,3776.43,TXN818000243
PAY505162,ORD104837,2025-02-28,Credit Card,Paid,441.07,TXN424616362
PAY505163,ORD104838,2025-12-16,Debit Card,Paid,3453.73,TXN832553258
PAY505164,ORD104839,2025-04-02,Credit Card,Paid,1258.81,TXN696657224
PAY505165,ORD104840,2025-03-20,UPI,Paid,4036.19,TXN666053696
PAY505166,ORD104841,2025-12-19,Net Banking,Paid,7189.36,TXN482034094
PAY505167,ORD104842,2025-08-02,Credit Card,Paid,2315.88,TXN855140316
PAY505168,ORD104843,2025-11-28,Cash on Delivery,Paid,7988.18,TXN131423136
PAY505169,ORD104844,2026-02-24,UPI,Paid,772.68,TXN807572841
PAY505170,ORD104845,2025-09-12,UPI,Paid,2625.0,TXN521532630
PAY505171,ORD104846,2025-12-21,Cash on Delivery,Paid,494.26,TXN145626505
PAY505172,ORD104847,2026-02-19,Cash on Delivery,Paid,459.87,TXN569093049
PAY505173,ORD104848,2025-05-23,Cash on Delivery,Paid,9270.54,TXN741809357
PAY505174,ORD104849,2025-07-15,UPI,Paid,,TXN812180080
PAY505175,ORD104850,2025-09-22,PayPal,Paid,7988.18,TXN320876180
PAY505176,ORD104851,2025-12-09,Net Banking,Paid,2300.72,TXN535955066
PAY505177,ORD104852,2026-05-11,UPI,Paid,575.18,TXN159794520
PAY505178,ORD104853,2025/02/10,Cash on Delivery,Paid,1326.48,TXN727045460
PAY505179,ORD104854,2025-11-25,Cash on Delivery,Paid,1984.8,TXN664960270
PAY505180,ORD104855,2025-12-27,Debit Card,Paid,693.18,TXN220569484
PAY505181,ORD104856,2025-12-21,UPI,Paid,1572.62,TXN917525837
PAY505182,ORD104857,2025-09-14,UPI,Paid,3090.18,TXN498703881
PAY505183,ORD104858,2026-01-06,Debit Card,Paid,1580.91,TXN519984363
PAY505184,ORD104859,2025-11-09,Cash on Delivery,Paid,930.05,TXN997877361
PAY505185,ORD104860,03-09-2026,Debit Card,Paid,693.18,TXN376752466
PAY505186,ORD104861,2025-01-17,Credit Card,Refunded,-1324.39,TXN367799192
PAY505187,ORD104862,2025-07-23,Debit Card,Paid,1260.16,TXN255031503
PAY505188,ORD104863,2026-04-03,Cash on Delivery,Paid,1892.04,TXN999821171
PAY505189,ORD104864,2025-01-17,COD,Paid,1326.48,TXN864747419
PAY505190,ORD104865,2025-12-01,Net Banking,Paid,3430.76,TXN513445206
PAY505191,ORD104866,2025-08-17,Cash on Delivery,Failed,0.0,TXN920915794
PAY505192,ORD104866,2025-08-19,Cash on Delivery,Pending,3594.68,TXN987576568
PAY505193,ORD104867,2026-01-14,Cash on Delivery,Paid,1398.68,TXN562298531
PAY505194,ORD104868,2025-08-20,UPI,Pending,420.12,TXN802378241
PAY505195,ORD104869,2026-01-25,Cash on Delivery,Failed,0.0,TXN206663787
PAY505196,ORD104869,2026-01-25,Cash on Delivery,Paid,271.12,TXN879173676
PAY505197,ORD104870,2026-01-17,UPI,Paid,2079.54,TXN841224123
PAY505198,ORD104871,2025-05-22,Net Banking,Failed,0.0,TXN183002239
PAY505199,ORD104872,2025-11-15,Net Banking,Refunded,-395.41,TXN783001798
PAY505200,ORD104873,2025-11-23,Credit Card,Paid,1482.04,TXN943355088
PAY505201,ORD104874,2026-02-04,UPI,Paid,4767.8,TXN613855280
PAY505202,ORD104875,2026-03-29,UPI,Paid,1639.26,TXN184490573
PAY505203,ORD104876,2026-04-27,Cash on Delivery,Paid,3090.18,TXN701323833
PAY505204,ORD104877,2026-02-19,UPI,Paid,541.02,TXN947266555
PAY505205,ORD104878,2026-05-05,Debit Card,Paid,494.26,TXN223339193
PAY505206,ORD104879,2025-08-22,UPI,Paid,693.18,TXN232774871
PAY505207,ORD104880,2025-06-28,UPI,Paid,1955.6,TXN526576296
PAY505208,ORD104881,2026-05-21,Credit Card,Paid,7719.6,TXN957908739
PAY505209,ORD104882,2026-05-19,Cash on Delivery,Paid,3994.09,TXN523904754
PAY505210,ORD104883,2025-11-23,Cash on Delivery,Paid,939.1,TXN216725431
PAY505211,ORD104884,2025-11-30,Net Banking,Paid,6009.36,TXN676724460
PAY505212,ORD104885,2025-12-31,UPI,Refunded,-1257.06,TXN609219777
PAY505213,ORD104886,2025-07-24,Cash on Delivery,Paid,186.01,TXN990012102
PAY505214,ORD104887,2025-01-14,UPI,Paid,2797.36,TXN357607993
PAY505215,ORD104888,2025-03-20,UPI,Paid,441.07,TXN557300647
PAY505216,ORD104889,2025-05-12,UPI,Paid,542.24,TXN639679116
PAY505217,ORD104890,2025-07-21,Credit Card,Paid,494.26,TXN220446774
PAY505218,ORD104891,2026-04-20,Credit Card,Paid,186.01,TXN697820350
PAY505219,ORD104892,2025-05-23,UPI,Paid,3494.72,TXN747043691
PAY505220,ORD104893,2025-07-05,UPI,Pending,3594.68,TXN447222923
PAY505221,ORD104894,2025-11-02,Cash on Delivery,Paid,176.71,TXN206304262
PAY505222,ORD104895,2026-02-27,Net Banking,Paid,1639.26,TXN149275062
PAY505223,ORD104896,2026-06-16,UPI,Paid,7271.02,TXN841766058
PAY505224,ORD104897,2025-06-17,Credit Card,Paid,895.84,TXN269947849
PAY505225,ORD104898,2026-06-15,Net Banking,Paid,1784.03,TXN326689509
PAY505226,ORD104899,2025-09-07,UPI,Paid,2377.76,TXN714127235
PAY505227,ORD104900,07-Feb-2026,Cash on Delivery,Paid,4036.19,TXN427094110
PAY505228,ORD104901,2025-08-22,Cash on Delivery,Paid,1747.36,TXN771777338
PAY505229,ORD104902,2026-04-21,UPI,Paid,2444.54,TXN420759028
PAY505230,ORD104903,2025-08-03,Credit Card,Paid,575.18,TXN519206674
PAY505231,ORD104904,2026-01-22,Credit Card,Paid,1386.36,TXN409285026
PAY505232,ORD104905,2025-03-03,Credit Card,Paid,5489.26,TXN848781531
PAY505233,ORD104906,2026-04-16,UPI,Paid,2573.2,TXN304543403
PAY505234,ORD104907,2025-05-20,UPI,Paid,3465.9,TXN486685824
PAY505235,ORD104908,2025-12-13,Cash on Delivery,Paid,939.1,TXN176744241
PAY505236,ORD104909,2025-05-03,Credit Card,Paid,1181.25,TXN440228245
PAY505237,ORD104910,2026-01-19,UPI,Paid,693.18,TXN603916188
PAY505238,ORD104911,2025-03-26,Cash on Delivery,Paid,3794.39,TXN262389053
PAY505239,ORD104912,2026-02-22,UPI,Pending,5242.08,TXN898741328
PAY505240,ORD104913,2025-04-27,UPI,Paid,723.73,TXN853638510
PAY505241,ORD104914,2025-06-27,UPI,Paid,2652.96,TXN884330919
PAY505242,ORD104915,2026-03-04,Net Banking,Paid,4036.19,TXN768988325
PAY505243,ORD104916,2025-02-07,Debit Card,Paid,2797.36,TXN556995445
PAY505244,ORD104917,2025-03-22,Net Banking,Paid,772.68,TXN679072462
PAY505245,ORD104918,2025-03-15,Credit Card,Paid,1057.45,TXN257420315
PAY505246,ORD104919,17/08/2025,UPI,Paid,1747.36,TXN944797560
PAY505247,ORD104920,2026-01-20,UPI,Paid,693.18,TXN882438007
PAY505248,ORD104921,2025-11-22,UPI,Paid,4940.34,TXN745889476
PAY505249,ORD104922,2025-12-04,Net Banking,Paid,2332.94,TXN917714169
PAY505250,ORD104923,2026-04-02,UPI,Paid,10906.53,TXN105445554
PAY505251,ORD104924,2026-05-30,Credit Card,Paid,12350.85,TXN221056844
PAY505252,ORD104925,2026-01-18,UPI,Refunded,-2362.5,TXN536964474
PAY505253,ORD104926,2025-04-27,UPI,Paid,4979.97,TXN496444267
PAY505254,ORD104927,2026-06-17,Net Banking,Paid,1691.92,TXN917840027
PAY505255,ORD104928,2026-04-28,UPI,Refunded,-629.87,TXN348812601
PAY505256,ORD104929,2025-09-10,UPI,Paid,575.18,TXN451857243
PAY505257,ORD104930,2025-12-19,PayPal,Paid,3394.98,TXN233229369
PAY505258,ORD104931,2025-07-10,UPI,Pending,1247.72,TXN349144810
PAY505259,ORD104932,2025-05-26,PayPal,Failed,0.0,TXN942981576
PAY505260,ORD104933,2025-06-03,UPI,Paid,2625.0,TXN593375999
PAY505261,ORD104934,2025-08-25,Debit Card,Failed,0.0,TXN972222626
PAY505262,ORD104934,2025-08-24,Debit Card,Paid,7588.78,TXN416468847
PAY505263,ORD104935,2025-09-17,Debit Card,Paid,3994.09,TXN660062905
PAY505264,ORD104936,2025-11-13,UPI,Pending,2744.63,TXN504632772
PAY505265,ORD104937,2025-08-28,Cash on Delivery,Paid,1398.68,TXN191871435
PAY505266,ORD104938,2025-10-25,upi,Paid,486.92,TXN717959213
PAY505267,ORD104939,2025-04-29,UPI,Paid,3973.17,TXN329937848
PAY505268,ORD104940,2026-04-21,Credit Card,Paid,2744.63,TXN126920562
PAY505269,ORD104941,2025-09-10,Credit Card,Paid,5489.26,TXN807392374
PAY505270,ORD104942,2025-10-06,UPI,Paid,0.0,TXN875179494
PAY505271,ORD104943,2026-03-16,Cash on Delivery,Paid,3453.73,TXN117883192
PAY505272,ORD104944,2025-12-21,Net Banking,Paid,2000.76,TXN275891214
PAY505273,ORD104945,2025-12-18,Credit Card,Partially Refunded,946.03,TXN489456385
PAY505274,ORD104946,2025-02-23,Debit Card,Paid,353.42,TXN462820310
PAY505275,ORD104947,2026-03-07,UPI,Paid,7189.36,TXN766666122
PAY505276,ORD104948,2025-10-12,PayPal,Paid,3635.51,TXN318110798
PAY505277,ORD104949,2025-10-05,Net Banking,Paid,7719.6,TXN713524929
PAY505278,ORD104950,2025-12-04,Credit Card,Paid,421.58,TXN511009040
PAY505279,ORD104951,2025-10-05,Cash on Delivery,Paid,444.83,TXN236777606
PAY505280,ORD104952,2025-06-05,Debit Card,Paid,444.83,TXN385618743
PAY505281,ORD104953,2025-07-26,Credit Card,Failed,0.0,TXN853896092
PAY505282,ORD104953,2025-07-24,Credit Card,Paid,744.04,TXN520690536
PAY505283,ORD104954,2025-10-28,Cash on Delivery,Paid,1118.94,TXN906480870
PAY505284,ORD104955,2025-09-29,UPI,Paid,3705.1,TXN449264398
PAY505285,ORD104956,2025-08-31,Net Banking,Paid,2315.88,TXN706372470
PAY505286,ORD104957,2025-10-11,UPI,Paid,3594.68,TXN398345590
PAY505287,ORD104958,2026-04-30,Credit Card,Paid,5594.72,TXN968501804
PAY505288,ORD104959,2025-06-11,Net Banking,Partially Refunded,1074.45,TXN702576644
PAY505289,ORD104960,2026-03-10,UPI,Paid,4196.04,TXN121602502
PAY505290,ORD104961,2026-06-30,UPI,Paid,723.73,TXN574852637
PAY505291,ORD104962,2026-03-17,Credit Card,Paid,257.56,TXN684976100
PAY505292,ORD104963,2025-12-28,Credit Card,Paid,4196.04,TXN982307988
PAY505293,ORD104964,2025-10-31,UPI,Refunded,-444.83,TXN754521669
PAY505294,ORD104965,2026-02-09,Credit Card,Paid,693.18,TXN195820622
PAY505295,ORD104966,2025-08-07,Debit Card,Paid,1877.93,TXN931085014
PAY505296,ORD104967,2025-04-13,Cash on Delivery,Paid,7271.02,TXN123724253
PAY505297,ORD104968,2025-06-08,Cash on Delivery,Pending,589.2,TXN305197203
PAY505298,ORD104969,2025-11-14,upi,Paid,5489.26,TXN140800831
PAY505299,ORD104970,2025-05-05,Debit Card,Paid,2517.62,TXN985971241
PAY505300,ORD104971,2025-03-04,Cash on Delivery,Paid,1193.83,TXN420258902
PAY505301,ORD104972,2025-05-05,UPI,Paid,2079.54,TXN935604599
PAY505302,ORD104973,2025-09-22,UPI,Paid,2797.36,TXN124121578
PAY505303,ORD104974,2025-05-14,Cash on Delivery,Paid,5146.4,TXN467239407
PAY505304,ORD104975,2025-07-31,Debit Card,Paid,1398.68,TXN160518305
PAY505305,ORD104976,2025-08-29,Debit Card,Paid,6290.48,TXN392816440
PAY505306,ORD104977,2026-04-23,PayPal,Paid,494.26,TXN819669823
PAY505307,ORD104978,2026-03-06,Debit Card,Paid,1035.32,TXN273310745
PAY505308,ORD104979,2025-12-07,Debit Card,Paid,1401.52,TXN522911027
PAY505309,ORD104980,2025-07-02,UPI,Paid,693.18,TXN680850141
PAY505310,ORD104981,2025-09-28,Debit Card,Paid,2470.17,TXN964978290
PAY505311,ORD104982,2026-01-30,Cash on Delivery,Paid,541.02,TXN284230824
PAY505312,ORD104983,2025-01-10,Cash on Delivery,Paid,693.18,TXN324810945
PAY505313,ORD104984,2026-02-19,UPI,Paid,3994.09,TXN866156075
PAY505314,ORD104985,2025-01-04,UPI,Paid,1324.39,TXN327074332
PAY505315,ORD104986,2025-07-02,Cash on Delivery,Failed,0.0,TXN261889122
PAY505316,ORD104987,2025-05-31,UPI,Refunded,-1747.36,TXN350385889
PAY505317,ORD104988,2026-05-12,Credit Card,Paid,15976.36,TXN212376516
PAY505318,ORD104989,2026-07-01,UPI,Paid,3394.98,TXN843293461
PAY505319,ORD104990,2026-04-22,UPI,Paid,1572.62,TXN105020981
PAY505320,ORD104991,2026-04-18,UPI,Paid,2634.08,TXN400846048
PAY505321,ORD104992,2025-09-08,UPI,Paid,10906.53,TXN380642197
PAY505322,ORD104993,2026-01-27,PayPal,Paid,693.18,TXN878405412
PAY505323,ORD104994,2025-09-07,UPI,Paid,2573.2,TXN955356124
PAY505324,ORD104995,2026-02-27,Debit Card,Paid,546.42,TXN692418456
PAY505325,ORD104996,2026-01-07,Debit Card,Paid,372.02,TXN848669409
PAY505326,ORD104997,2025-01-06,UPI,Paid,2648.78,TXN542300217
PAY505327,ORD104998,2026-03-23,Debit Card,Refunded,-2444.54,TXN968244035
PAY505328,ORD104999,2026-06-02,Credit Card,Partially Refunded,535.0,TXN122487304
PAY500019,ORD100017,2025-12-12,UPI,Partially Refunded,311.93,TXN791861838
PAY500901,ORD100835,2025-10-22,Cash on Delivery,Paid,666.92,TXN765862335
PAY502501,ORD102325,2025-01-26,UPI,Pending,3979.44,TXN470797589
PAY504201,ORD103926,2026-02-14,Credit Card,Paid,1312.5,TXN146812098
PAY505101,ORD104780,2025-09-15,PayPal,Paid,7271.02,TXN318366960
